sku_id,week_start,units,revenue,promo_days,holiday_days,category,unit_cost,list_price
SKU001,2024-01-01,106,388389.30000000005,0,0,Furniture,1758.45,3664.05
SKU001,2024-01-08,85,311444.25,0,0,Furniture,1758.45,3664.05
SKU001,2024-01-15,117,428693.85000000003,0,0,Furniture,1758.45,3664.05
SKU001,2024-01-22,89,326100.45,0,1,Furniture,1758.45,3664.05
SKU001,2024-01-29,119,436021.95000000007,0,0,Furniture,1758.45,3664.05
SKU001,2024-02-05,112,410373.6,0,0,Furniture,1758.45,3664.05
SKU001,2024-02-12,104,381061.2,0,0,Furniture,1758.45,3664.05
SKU001,2024-02-19,120,439686.0,0,0,Furniture,1758.45,3664.05
SKU001,2024-02-26,103,377397.15,2,0,Furniture,1758.45,3664.05
SKU001,2024-03-04,119,436021.95,2,0,Furniture,1758.45,3664.05
SKU001,2024-03-11,122,447014.10000000003,2,0,Furniture,1758.45,3664.05
SKU001,2024-03-18,130,476326.5,2,0,Furniture,1758.45,3664.05
SKU001,2024-03-25,102,373733.10000000003,2,0,Furniture,1758.45,3664.05
SKU001,2024-04-01,122,447014.10000000003,0,0,Furniture,1758.45,3664.05
SKU001,2024-04-08,115,421365.75,0,0,Furniture,1758.45,3664.05
SKU001,2024-04-15,103,377397.15,0,0,Furniture,1758.45,3664.05
SKU001,2024-04-22,112,410373.60000000003,0,0,Furniture,1758.45,3664.05
SKU001,2024-04-29,110,403045.5,0,0,Furniture,1758.45,3664.05
SKU001,2024-05-06,117,428693.85000000003,0,0,Furniture,1758.45,3664.05
SKU001,2024-05-13,115,421365.75,0,0,Furniture,1758.45,3664.05
SKU001,2024-05-20,115,421365.75,0,0,Furniture,1758.45,3664.05
SKU001,2024-05-27,108,395717.4,2,0,Furniture,1758.45,3664.05
SKU001,2024-06-03,126,461670.30000000005,2,0,Furniture,1758.45,3664.05
SKU001,2024-06-10,106,388389.30000000005,2,0,Furniture,1758.45,3664.05
SKU001,2024-06-17,100,366405.0,2,0,Furniture,1758.45,3664.05
SKU001,2024-06-24,124,454342.2,2,0,Furniture,1758.45,3664.05
SKU001,2024-07-01,84,307780.2,0,0,Furniture,1758.45,3664.05
SKU001,2024-07-08,101,370069.05000000005,0,0,Furniture,1758.45,3664.05
SKU001,2024-07-15,75,274803.75,0,0,Furniture,1758.45,3664.05
SKU001,2024-07-22,96,351748.80000000005,0,0,Furniture,1758.45,3664.05
SKU001,2024-07-29,94,344420.7,0,0,Furniture,1758.45,3664.05
SKU001,2024-08-05,82,300452.10000000003,0,0,Furniture,1758.45,3664.05
SKU001,2024-08-12,89,326100.45,0,1,Furniture,1758.45,3664.05
SKU001,2024-08-19,98,359076.9,0,0,Furniture,1758.45,3664.05
SKU001,2024-08-26,92,337092.6,1,0,Furniture,1758.45,3664.05
SKU001,2024-09-02,96,351748.8,2,0,Furniture,1758.45,3664.05
SKU001,2024-09-09,89,326100.45,2,0,Furniture,1758.45,3664.05
SKU001,2024-09-16,104,381061.2,2,0,Furniture,1758.45,3664.05
SKU001,2024-09-23,109,399381.45,2,0,Furniture,1758.45,3664.05
SKU001,2024-09-30,71,260147.55000000002,0,0,Furniture,1758.45,3664.05
SKU001,2024-10-07,82,300452.10000000003,0,0,Furniture,1758.45,3664.05
SKU001,2024-10-14,88,322436.4,0,0,Furniture,1758.45,3664.05
SKU001,2024-10-21,89,326100.45,0,0,Furniture,1758.45,3664.05
SKU001,2024-10-28,83,304116.15,2,1,Furniture,1758.45,3664.05
SKU001,2024-11-04,99,362740.95000000007,2,0,Furniture,1758.45,3664.05
SKU001,2024-11-11,80,293124.0,2,0,Furniture,1758.45,3664.05
SKU001,2024-11-18,88,322436.4,2,0,Furniture,1758.45,3664.05
SKU001,2024-11-25,68,249155.40000000002,1,0,Furniture,1758.45,3664.05
SKU001,2024-12-02,83,304116.15,0,0,Furniture,1758.45,3664.05
SKU001,2024-12-09,94,344420.7,0,0,Furniture,1758.45,3664.05
SKU001,2024-12-16,77,282131.85000000003,0,0,Furniture,1758.45,3664.05
SKU001,2024-12-23,105,384725.25,0,1,Furniture,1758.45,3664.05
SKU001,2024-12-30,78,285795.9,0,0,Furniture,1758.45,3664.05
SKU001,2025-01-06,100,366405.0,0,0,Furniture,1758.45,3664.05
SKU001,2025-01-13,89,326100.45000000007,0,0,Furniture,1758.45,3664.05
SKU001,2025-01-20,103,377397.15,0,1,Furniture,1758.45,3664.05
SKU001,2025-01-27,100,366405.0,0,0,Furniture,1758.45,3664.05
SKU001,2025-02-03,106,388389.30000000005,0,0,Furniture,1758.45,3664.05
SKU001,2025-02-10,124,454342.2,0,0,Furniture,1758.45,3664.05
SKU001,2025-02-17,116,425029.8,0,0,Furniture,1758.45,3664.05
SKU001,2025-02-24,111,406709.55000000005,2,0,Furniture,1758.45,3664.05
SKU001,2025-03-03,98,359076.9,2,0,Furniture,1758.45,3664.05
SKU001,2025-03-10,133,487318.65,2,0,Furniture,1758.45,3664.05
SKU001,2025-03-17,128,468998.4,2,0,Furniture,1758.45,3664.05
SKU001,2025-03-24,115,421365.75,2,0,Furniture,1758.45,3664.05
SKU001,2025-03-31,100,366405.0,0,0,Furniture,1758.45,3664.05
SKU001,2025-04-07,112,410373.60000000003,0,0,Furniture,1758.45,3664.05
SKU001,2025-04-14,108,395717.4,0,0,Furniture,1758.45,3664.05
SKU001,2025-04-21,134,490982.7,0,0,Furniture,1758.45,3664.05
SKU001,2025-04-28,99,362740.95000000007,0,0,Furniture,1758.45,3664.05
SKU001,2025-05-05,119,436021.95,0,0,Furniture,1758.45,3664.05
SKU001,2025-05-12,115,421365.75,0,0,Furniture,1758.45,3664.05
SKU001,2025-05-19,119,436021.95,0,0,Furniture,1758.45,3664.05
SKU001,2025-05-26,111,406709.55000000005,1,0,Furniture,1758.45,3664.05
SKU001,2025-06-02,121,443350.05000000005,2,0,Furniture,1758.45,3664.05
SKU001,2025-06-09,104,381061.2,2,0,Furniture,1758.45,3664.05
SKU001,2025-06-16,110,403045.5,2,0,Furniture,1758.45,3664.05
SKU001,2025-06-23,134,490982.70000000007,2,0,Furniture,1758.45,3664.05
SKU001,2025-06-30,101,370069.05,0,0,Furniture,1758.45,3664.05
SKU001,2025-07-07,111,406709.55000000005,0,0,Furniture,1758.45,3664.05
SKU001,2025-07-14,118,432357.9,0,0,Furniture,1758.45,3664.05
SKU001,2025-07-21,111,406709.55000000005,0,0,Furniture,1758.45,3664.05
SKU001,2025-07-28,101,370069.05,0,0,Furniture,1758.45,3664.05
SKU001,2025-08-04,77,282131.85000000003,0,0,Furniture,1758.45,3664.05
SKU001,2025-08-11,90,329764.5,0,1,Furniture,1758.45,3664.05
SKU001,2025-08-18,91,333428.55000000005,0,0,Furniture,1758.45,3664.05
SKU001,2025-08-25,97,355412.85000000003,0,0,Furniture,1758.45,3664.05
SKU001,2025-09-01,88,322436.4,2,0,Furniture,1758.45,3664.05
SKU001,2025-09-08,93,340756.65,2,0,Furniture,1758.45,3664.05
SKU001,2025-09-15,88,322436.4,2,0,Furniture,1758.45,3664.05
SKU001,2025-09-22,86,315108.30000000005,2,0,Furniture,1758.45,3664.05
SKU001,2025-09-29,83,304116.15,0,0,Furniture,1758.45,3664.05
SKU001,2025-10-06,82,300452.10000000003,0,0,Furniture,1758.45,3664.05
SKU001,2025-10-13,82,300452.10000000003,0,0,Furniture,1758.45,3664.05
SKU001,2025-10-20,78,285795.9,0,1,Furniture,1758.45,3664.05
SKU001,2025-10-27,93,340756.65,2,0,Furniture,1758.45,3664.05
SKU001,2025-11-03,92,337092.60000000003,2,0,Furniture,1758.45,3664.05
SKU001,2025-11-10,87,318772.35,2,0,Furniture,1758.45,3664.05
SKU001,2025-11-17,84,307780.2,2,0,Furniture,1758.45,3664.05
SKU001,2025-11-24,84,307780.2,2,0,Furniture,1758.45,3664.05
SKU001,2025-12-01,88,322436.4,0,0,Furniture,1758.45,3664.05
SKU001,2025-12-08,89,326100.45,0,0,Furniture,1758.45,3664.05
SKU001,2025-12-15,91,333428.55000000005,0,0,Furniture,1758.45,3664.05
SKU001,2025-12-22,76,278467.8,0,1,Furniture,1758.45,3664.05
SKU002,2024-01-01,83,315872.27,0,0,Home Decor,3867.09,3805.69
SKU002,2024-01-08,61,232147.09,0,0,Home Decor,3867.09,3805.69
SKU002,2024-01-15,57,216924.33000000002,0,0,Home Decor,3867.09,3805.69
SKU002,2024-01-22,62,235952.78,0,1,Home Decor,3867.09,3805.69
SKU002,2024-01-29,68,258786.92,0,0,Home Decor,3867.09,3805.69
SKU002,2024-02-05,72,274009.68,0,0,Home Decor,3867.09,3805.69
SKU002,2024-02-12,65,247369.85,0,0,Home Decor,3867.09,3805.69
SKU002,2024-02-19,64,243564.16,0,0,Home Decor,3867.09,3805.69
SKU002,2024-02-26,74,281621.06,2,0,Home Decor,3867.09,3805.69
SKU002,2024-03-04,69,262592.61,2,0,Home Decor,3867.09,3805.69
SKU002,2024-03-11,103,391986.07,2,0,Home Decor,3867.09,3805.69
SKU002,2024-03-18,89,338706.41000000003,2,0,Home Decor,3867.09,3805.69
SKU002,2024-03-25,106,403403.14,2,0,Home Decor,3867.09,3805.69
SKU002,2024-04-01,79,300649.51,0,0,Home Decor,3867.09,3805.69
SKU002,2024-04-08,76,289232.44,0,0,Home Decor,3867.09,3805.69
SKU002,2024-04-15,93,353929.17000000004,0,0,Home Decor,3867.09,3805.69
SKU002,2024-04-22,75,285426.75,0,0,Home Decor,3867.09,3805.69
SKU002,2024-04-29,91,346317.79000000004,0,0,Home Decor,3867.09,3805.69
SKU002,2024-05-06,88,334900.72,0,0,Home Decor,3867.09,3805.69
SKU002,2024-05-13,86,327289.34,0,0,Home Decor,3867.09,3805.69
SKU002,2024-05-20,78,296843.82,0,0,Home Decor,3867.09,3805.69
SKU002,2024-05-27,77,293038.13,2,0,Home Decor,3867.09,3805.69
SKU002,2024-06-03,76,289232.44,2,0,Home Decor,3867.09,3805.69
SKU002,2024-06-10,82,312066.58,2,0,Home Decor,3867.09,3805.69
SKU002,2024-06-17,62,235952.78,2,0,Home Decor,3867.09,3805.69
SKU002,2024-06-24,80,304455.2,2,0,Home Decor,3867.09,3805.69
SKU002,2024-07-01,81,308260.89,0,0,Home Decor,3867.09,3805.69
SKU002,2024-07-08,74,281621.06,0,0,Home Decor,3867.09,3805.69
SKU002,2024-07-15,84,319677.96,0,0,Home Decor,3867.09,3805.69
SKU002,2024-07-22,59,224535.71000000002,0,0,Home Decor,3867.09,3805.69
SKU002,2024-07-29,51,194090.19,0,0,Home Decor,3867.09,3805.69
SKU002,2024-08-05,65,247369.85,0,0,Home Decor,3867.09,3805.69
SKU002,2024-08-12,58,220730.02,0,1,Home Decor,3867.09,3805.69
SKU002,2024-08-19,46,175061.74,0,0,Home Decor,3867.09,3805.69
SKU002,2024-08-26,69,262592.61,1,0,Home Decor,3867.09,3805.69
SKU002,2024-09-02,56,213118.64,2,0,Home Decor,3867.09,3805.69
SKU002,2024-09-09,61,232147.09,2,0,Home Decor,3867.09,3805.69
SKU002,2024-09-16,59,224535.71,2,0,Home Decor,3867.09,3805.69
SKU002,2024-09-23,63,239758.47,2,0,Home Decor,3867.09,3805.69
SKU002,2024-09-30,51,194090.19,0,0,Home Decor,3867.09,3805.69
SKU002,2024-10-07,65,247369.85,0,0,Home Decor,3867.09,3805.69
SKU002,2024-10-14,72,274009.68,0,0,Home Decor,3867.09,3805.69
SKU002,2024-10-21,47,178867.43,0,0,Home Decor,3867.09,3805.69
SKU002,2024-10-28,65,247369.85,2,1,Home Decor,3867.09,3805.69
SKU002,2024-11-04,52,197895.88,2,0,Home Decor,3867.09,3805.69
SKU002,2024-11-11,67,254981.22999999998,2,0,Home Decor,3867.09,3805.69
SKU002,2024-11-18,66,251175.54,2,0,Home Decor,3867.09,3805.69
SKU002,2024-11-25,57,216924.33000000002,1,0,Home Decor,3867.09,3805.69
SKU002,2024-12-02,66,251175.54,0,0,Home Decor,3867.09,3805.69
SKU002,2024-12-09,57,216924.33000000002,0,0,Home Decor,3867.09,3805.69
SKU002,2024-12-16,59,224535.71000000002,0,0,Home Decor,3867.09,3805.69
SKU002,2024-12-23,65,247369.85,0,1,Home Decor,3867.09,3805.69
SKU002,2024-12-30,70,266398.3,0,0,Home Decor,3867.09,3805.69
SKU002,2025-01-06,63,239758.47,0,0,Home Decor,3867.09,3805.69
SKU002,2025-01-13,67,254981.23,0,0,Home Decor,3867.09,3805.69
SKU002,2025-01-20,66,251175.54,0,1,Home Decor,3867.09,3805.69
SKU002,2025-01-27,85,323483.65,0,0,Home Decor,3867.09,3805.69
SKU002,2025-02-03,71,270203.99,0,0,Home Decor,3867.09,3805.69
SKU002,2025-02-10,79,300649.51,0,0,Home Decor,3867.09,3805.69
SKU002,2025-02-17,82,312066.58,0,0,Home Decor,3867.09,3805.69
SKU002,2025-02-24,95,361540.55000000005,2,0,Home Decor,3867.09,3805.69
SKU002,2025-03-03,99,376763.31,2,0,Home Decor,3867.09,3805.69
SKU002,2025-03-10,80,304455.2,2,0,Home Decor,3867.09,3805.69
SKU002,2025-03-17,81,308260.89,2,0,Home Decor,3867.09,3805.69
SKU002,2025-03-24,96,365346.24,2,0,Home Decor,3867.09,3805.69
SKU002,2025-03-31,80,304455.2,0,0,Home Decor,3867.09,3805.69
SKU002,2025-04-07,89,338706.41000000003,0,0,Home Decor,3867.09,3805.69
SKU002,2025-04-14,82,312066.58,0,0,Home Decor,3867.09,3805.69
SKU002,2025-04-21,79,300649.51,0,0,Home Decor,3867.09,3805.69
SKU002,2025-04-28,67,254981.23,0,0,Home Decor,3867.09,3805.69
SKU002,2025-05-05,77,293038.13,0,0,Home Decor,3867.09,3805.69
SKU002,2025-05-12,84,319677.96,0,0,Home Decor,3867.09,3805.69
SKU002,2025-05-19,82,312066.58,0,0,Home Decor,3867.09,3805.69
SKU002,2025-05-26,93,353929.17000000004,1,0,Home Decor,3867.09,3805.69
SKU002,2025-06-02,73,277815.37,2,0,Home Decor,3867.09,3805.69
SKU002,2025-06-09,91,346317.79000000004,2,0,Home Decor,3867.09,3805.69
SKU002,2025-06-16,84,319677.96,2,0,Home Decor,3867.09,3805.69
SKU002,2025-06-23,70,266398.3,2,0,Home Decor,3867.09,3805.69
SKU002,2025-06-30,53,201701.57,0,0,Home Decor,3867.09,3805.69
SKU002,2025-07-07,78,296843.82,0,0,Home Decor,3867.09,3805.69
SKU002,2025-07-14,69,262592.61,0,0,Home Decor,3867.09,3805.69
SKU002,2025-07-21,76,289232.44,0,0,Home Decor,3867.09,3805.69
SKU002,2025-07-28,75,285426.75,0,0,Home Decor,3867.09,3805.69
SKU002,2025-08-04,60,228341.4,0,0,Home Decor,3867.09,3805.69
SKU002,2025-08-11,70,266398.3,0,1,Home Decor,3867.09,3805.69
SKU002,2025-08-18,70,266398.3,0,0,Home Decor,3867.09,3805.69
SKU002,2025-08-25,79,300649.51,0,0,Home Decor,3867.09,3805.69
SKU002,2025-09-01,62,235952.78,2,0,Home Decor,3867.09,3805.69
SKU002,2025-09-08,65,247369.85,2,0,Home Decor,3867.09,3805.69
SKU002,2025-09-15,79,300649.51,2,0,Home Decor,3867.09,3805.69
SKU002,2025-09-22,60,228341.4,2,0,Home Decor,3867.09,3805.69
SKU002,2025-09-29,63,239758.47,0,0,Home Decor,3867.09,3805.69
SKU002,2025-10-06,56,213118.64,0,0,Home Decor,3867.09,3805.69
SKU002,2025-10-13,59,224535.71000000002,0,0,Home Decor,3867.09,3805.69
SKU002,2025-10-20,51,194090.19,0,1,Home Decor,3867.09,3805.69
SKU002,2025-10-27,70,266398.3,2,0,Home Decor,3867.09,3805.69
SKU002,2025-11-03,72,274009.68,2,0,Home Decor,3867.09,3805.69
SKU002,2025-11-10,60,228341.40000000002,2,0,Home Decor,3867.09,3805.69
SKU002,2025-11-17,64,243564.16,2,0,Home Decor,3867.09,3805.69
SKU002,2025-11-24,66,251175.54,2,0,Home Decor,3867.09,3805.69
SKU002,2025-12-01,51,194090.19,0,0,Home Decor,3867.09,3805.69
SKU002,2025-12-08,55,209312.95,0,0,Home Decor,3867.09,3805.69
SKU002,2025-12-15,55,209312.95,0,0,Home Decor,3867.09,3805.69
SKU002,2025-12-22,51,194090.19,0,1,Home Decor,3867.09,3805.69
SKU003,2024-01-01,36,290816.27999999997,0,0,Kitchen,589.48,8078.23
SKU003,2024-01-08,32,258503.36,0,0,Kitchen,589.48,8078.23
SKU003,2024-01-15,32,258503.36,0,0,Kitchen,589.48,8078.23
SKU003,2024-01-22,43,347363.88999999996,0,1,Kitchen,589.48,8078.23
SKU003,2024-01-29,40,323129.19999999995,0,0,Kitchen,589.48,8078.23
SKU003,2024-02-05,46,371598.57999999996,0,0,Kitchen,589.48,8078.23
SKU003,2024-02-12,34,274659.81999999995,0,0,Kitchen,589.48,8078.23
SKU003,2024-02-19,44,355442.12,0,0,Kitchen,589.48,8078.23
SKU003,2024-02-26,52,420067.95999999996,2,0,Kitchen,589.48,8078.23
SKU003,2024-03-04,66,533163.1799999999,2,0,Kitchen,589.48,8078.23
SKU003,2024-03-11,46,371598.57999999996,2,0,Kitchen,589.48,8078.23
SKU003,2024-03-18,48,387755.0399999999,2,0,Kitchen,589.48,8078.23
SKU003,2024-03-25,49,395833.26999999996,2,0,Kitchen,589.48,8078.23
SKU003,2024-04-01,48,387755.04,0,0,Kitchen,589.48,8078.23
SKU003,2024-04-08,47,379676.81,0,0,Kitchen,589.48,8078.23
SKU003,2024-04-15,47,379676.81,0,0,Kitchen,589.48,8078.23
SKU003,2024-04-22,45,363520.35,0,0,Kitchen,589.48,8078.23
SKU003,2024-04-29,45,363520.35,0,0,Kitchen,589.48,8078.23
SKU003,2024-05-06,37,298894.51,0,0,Kitchen,589.48,8078.23
SKU003,2024-05-13,41,331207.43,0,0,Kitchen,589.48,8078.23
SKU003,2024-05-20,50,403911.5,0,0,Kitchen,589.48,8078.23
SKU003,2024-05-27,60,484693.8,2,0,Kitchen,589.48,8078.23
SKU003,2024-06-03,52,420067.95999999996,2,0,Kitchen,589.48,8078.23
SKU003,2024-06-10,47,379676.80999999994,2,0,Kitchen,589.48,8078.23
SKU003,2024-06-17,57,460459.11,2,0,Kitchen,589.48,8078.23
SKU003,2024-06-24,30,242346.9,2,0,Kitchen,589.48,8078.23
SKU003,2024-07-01,43,347363.88999999996,0,0,Kitchen,589.48,8078.23
SKU003,2024-07-08,32,258503.36,0,0,Kitchen,589.48,8078.23
SKU003,2024-07-15,28,226190.43999999997,0,0,Kitchen,589.48,8078.23
SKU003,2024-07-22,42,339285.66,0,0,Kitchen,589.48,8078.23
SKU003,2024-07-29,45,363520.35,0,0,Kitchen,589.48,8078.23
SKU003,2024-08-05,35,282738.05,0,0,Kitchen,589.48,8078.23
SKU003,2024-08-12,37,298894.51,0,1,Kitchen,589.48,8078.23
SKU003,2024-08-19,38,306972.74,0,0,Kitchen,589.48,8078.23
SKU003,2024-08-26,40,323129.2,1,0,Kitchen,589.48,8078.23
SKU003,2024-09-02,38,306972.74,2,0,Kitchen,589.48,8078.23
SKU003,2024-09-09,30,242346.89999999997,2,0,Kitchen,589.48,8078.23
SKU003,2024-09-16,41,331207.43,2,0,Kitchen,589.48,8078.23
SKU003,2024-09-23,32,258503.36,2,0,Kitchen,589.48,8078.23
SKU003,2024-09-30,32,258503.36,0,0,Kitchen,589.48,8078.23
SKU003,2024-10-07,34,274659.81999999995,0,0,Kitchen,589.48,8078.23
SKU003,2024-10-14,27,218112.21,0,0,Kitchen,589.48,8078.23
SKU003,2024-10-21,35,282738.05,0,0,Kitchen,589.48,8078.23
SKU003,2024-10-28,17,137329.91,2,1,Kitchen,589.48,8078.23
SKU003,2024-11-04,41,331207.43,2,0,Kitchen,589.48,8078.23
SKU003,2024-11-11,38,306972.74,2,0,Kitchen,589.48,8078.23
SKU003,2024-11-18,39,315050.97,2,0,Kitchen,589.48,8078.23
SKU003,2024-11-25,36,290816.27999999997,1,0,Kitchen,589.48,8078.23
SKU003,2024-12-02,38,306972.74,0,0,Kitchen,589.48,8078.23
SKU003,2024-12-09,23,185799.28999999998,0,0,Kitchen,589.48,8078.23
SKU003,2024-12-16,48,387755.04,0,0,Kitchen,589.48,8078.23
SKU003,2024-12-23,30,242346.89999999997,0,1,Kitchen,589.48,8078.23
SKU003,2024-12-30,32,258503.36,0,0,Kitchen,589.48,8078.23
SKU003,2025-01-06,34,274659.82,0,0,Kitchen,589.48,8078.23
SKU003,2025-01-13,41,331207.43,0,0,Kitchen,589.48,8078.23
SKU003,2025-01-20,23,185799.28999999998,0,1,Kitchen,589.48,8078.23
SKU003,2025-01-27,40,323129.19999999995,0,0,Kitchen,589.48,8078.23
SKU003,2025-02-03,34,274659.81999999995,0,0,Kitchen,589.48,8078.23
SKU003,2025-02-10,47,379676.81,0,0,Kitchen,589.48,8078.23
SKU003,2025-02-17,45,363520.35,0,0,Kitchen,589.48,8078.23
SKU003,2025-02-24,54,436224.42,2,0,Kitchen,589.48,8078.23
SKU003,2025-03-03,44,355442.12,2,0,Kitchen,589.48,8078.23
SKU003,2025-03-10,57,460459.1099999999,2,0,Kitchen,589.48,8078.23
SKU003,2025-03-17,69,557397.87,2,0,Kitchen,589.48,8078.23
SKU003,2025-03-24,50,403911.5,2,0,Kitchen,589.48,8078.23
SKU003,2025-03-31,38,306972.74,0,0,Kitchen,589.48,8078.23
SKU003,2025-04-07,48,387755.04,0,0,Kitchen,589.48,8078.23
SKU003,2025-04-14,48,387755.04,0,0,Kitchen,589.48,8078.23
SKU003,2025-04-21,49,395833.27,0,0,Kitchen,589.48,8078.23
SKU003,2025-04-28,41,331207.43,0,0,Kitchen,589.48,8078.23
SKU003,2025-05-05,50,403911.5,0,0,Kitchen,589.48,8078.23
SKU003,2025-05-12,41,331207.43,0,0,Kitchen,589.48,8078.23
SKU003,2025-05-19,43,347363.89,0,0,Kitchen,589.48,8078.23
SKU003,2025-05-26,45,363520.35,1,0,Kitchen,589.48,8078.23
SKU003,2025-06-02,50,403911.5,2,0,Kitchen,589.48,8078.23
SKU003,2025-06-09,53,428146.18999999994,2,0,Kitchen,589.48,8078.23
SKU003,2025-06-16,48,387755.04,2,0,Kitchen,589.48,8078.23
SKU003,2025-06-23,44,355442.12,2,0,Kitchen,589.48,8078.23
SKU003,2025-06-30,42,339285.66,0,0,Kitchen,589.48,8078.23
SKU003,2025-07-07,44,355442.12,0,0,Kitchen,589.48,8078.23
SKU003,2025-07-14,37,298894.50999999995,0,0,Kitchen,589.48,8078.23
SKU003,2025-07-21,41,331207.43,0,0,Kitchen,589.48,8078.23
SKU003,2025-07-28,26,210033.97999999998,0,0,Kitchen,589.48,8078.23
SKU003,2025-08-04,38,306972.74,0,0,Kitchen,589.48,8078.23
SKU003,2025-08-11,39,315050.97,0,1,Kitchen,589.48,8078.23
SKU003,2025-08-18,34,274659.81999999995,0,0,Kitchen,589.48,8078.23
SKU003,2025-08-25,27,218112.21,0,0,Kitchen,589.48,8078.23
SKU003,2025-09-01,34,274659.82,2,0,Kitchen,589.48,8078.23
SKU003,2025-09-08,42,339285.66,2,0,Kitchen,589.48,8078.23
SKU003,2025-09-15,39,315050.97,2,0,Kitchen,589.48,8078.23
SKU003,2025-09-22,42,339285.66,2,0,Kitchen,589.48,8078.23
SKU003,2025-09-29,43,347363.89,0,0,Kitchen,589.48,8078.23
SKU003,2025-10-06,33,266581.58999999997,0,0,Kitchen,589.48,8078.23
SKU003,2025-10-13,26,210033.97999999998,0,0,Kitchen,589.48,8078.23
SKU003,2025-10-20,34,274659.82,0,1,Kitchen,589.48,8078.23
SKU003,2025-10-27,41,331207.42999999993,2,0,Kitchen,589.48,8078.23
SKU003,2025-11-03,39,315050.97,2,0,Kitchen,589.48,8078.23
SKU003,2025-11-10,37,298894.51,2,0,Kitchen,589.48,8078.23
SKU003,2025-11-17,41,331207.43,2,0,Kitchen,589.48,8078.23
SKU003,2025-11-24,29,234268.66999999998,2,0,Kitchen,589.48,8078.23
SKU003,2025-12-01,38,306972.74,0,0,Kitchen,589.48,8078.23
SKU003,2025-12-08,33,266581.58999999997,0,0,Kitchen,589.48,8078.23
SKU003,2025-12-15,23,185799.28999999998,0,0,Kitchen,589.48,8078.23
SKU003,2025-12-22,34,274659.82,0,1,Kitchen,589.48,8078.23
SKU004,2024-01-01,31,212708.66999999998,0,0,Lighting,1445.74,6861.57
SKU004,2024-01-08,25,171539.25,0,0,Lighting,1445.74,6861.57
SKU004,2024-01-15,38,260739.65999999997,0,0,Lighting,1445.74,6861.57
SKU004,2024-01-22,33,226431.81,0,1,Lighting,1445.74,6861.57
SKU004,2024-01-29,43,295047.51,0,0,Lighting,1445.74,6861.57
SKU004,2024-02-05,34,233293.38,0,0,Lighting,1445.74,6861.57
SKU004,2024-02-12,35,240154.94999999998,0,0,Lighting,1445.74,6861.57
SKU004,2024-02-19,22,150954.53999999998,0,0,Lighting,1445.74,6861.57
SKU004,2024-02-26,45,308770.64999999997,2,0,Lighting,1445.74,6861.57
SKU004,2024-03-04,40,274462.8,2,0,Lighting,1445.74,6861.57
SKU004,2024-03-11,41,281324.37,2,0,Lighting,1445.74,6861.57
SKU004,2024-03-18,36,247016.52,2,0,Lighting,1445.74,6861.57
SKU004,2024-03-25,27,185262.38999999998,2,0,Lighting,1445.74,6861.57
SKU004,2024-04-01,35,240154.94999999998,0,0,Lighting,1445.74,6861.57
SKU004,2024-04-08,30,205847.09999999998,0,0,Lighting,1445.74,6861.57
SKU004,2024-04-15,44,301909.07999999996,0,0,Lighting,1445.74,6861.57
SKU004,2024-04-22,28,192123.96,0,0,Lighting,1445.74,6861.57
SKU004,2024-04-29,37,253878.08999999997,0,0,Lighting,1445.74,6861.57
SKU004,2024-05-06,47,322493.79,0,0,Lighting,1445.74,6861.57
SKU004,2024-05-13,54,370524.77999999997,0,0,Lighting,1445.74,6861.57
SKU004,2024-05-20,40,274462.8,0,0,Lighting,1445.74,6861.57
SKU004,2024-05-27,28,192123.96,2,0,Lighting,1445.74,6861.57
SKU004,2024-06-03,41,281324.37,2,0,Lighting,1445.74,6861.57
SKU004,2024-06-10,40,274462.8,2,0,Lighting,1445.74,6861.57
SKU004,2024-06-17,37,253878.09,2,0,Lighting,1445.74,6861.57
SKU004,2024-06-24,34,233293.38,2,0,Lighting,1445.74,6861.57
SKU004,2024-07-01,28,192123.96,0,0,Lighting,1445.74,6861.57
SKU004,2024-07-08,33,226431.81,0,0,Lighting,1445.74,6861.57
SKU004,2024-07-15,35,240154.94999999998,0,0,Lighting,1445.74,6861.57
SKU004,2024-07-22,32,219570.24,0,0,Lighting,1445.74,6861.57
SKU004,2024-07-29,32,219570.24,0,0,Lighting,1445.74,6861.57
SKU004,2024-08-05,33,226431.81,0,0,Lighting,1445.74,6861.57
SKU004,2024-08-12,30,205847.09999999998,0,1,Lighting,1445.74,6861.57
SKU004,2024-08-19,29,198985.52999999997,0,0,Lighting,1445.74,6861.57
SKU004,2024-08-26,22,150954.53999999998,1,0,Lighting,1445.74,6861.57
SKU004,2024-09-02,30,205847.09999999998,2,0,Lighting,1445.74,6861.57
SKU004,2024-09-09,34,233293.38,2,0,Lighting,1445.74,6861.57
SKU004,2024-09-16,29,198985.53,2,0,Lighting,1445.74,6861.57
SKU004,2024-09-23,26,178400.82,2,0,Lighting,1445.74,6861.57
SKU004,2024-09-30,26,178400.82,0,0,Lighting,1445.74,6861.57
SKU004,2024-10-07,29,198985.53,0,0,Lighting,1445.74,6861.57
SKU004,2024-10-14,29,198985.53,0,0,Lighting,1445.74,6861.57
SKU004,2024-10-21,26,178400.82,0,0,Lighting,1445.74,6861.57
SKU004,2024-10-28,32,219570.24,2,1,Lighting,1445.74,6861.57
SKU004,2024-11-04,29,198985.53,2,0,Lighting,1445.74,6861.57
SKU004,2024-11-11,26,178400.82,2,0,Lighting,1445.74,6861.57
SKU004,2024-11-18,19,130369.82999999999,2,0,Lighting,1445.74,6861.57
SKU004,2024-11-25,24,164677.68,1,0,Lighting,1445.74,6861.57
SKU004,2024-12-02,30,205847.09999999998,0,0,Lighting,1445.74,6861.57
SKU004,2024-12-09,33,226431.81,0,0,Lighting,1445.74,6861.57
SKU004,2024-12-16,27,185262.38999999998,0,0,Lighting,1445.74,6861.57
SKU004,2024-12-23,28,192123.96,0,1,Lighting,1445.74,6861.57
SKU004,2024-12-30,37,253878.09,0,0,Lighting,1445.74,6861.57
SKU004,2025-01-06,35,240154.94999999998,0,0,Lighting,1445.74,6861.57
SKU004,2025-01-13,24,164677.68,0,0,Lighting,1445.74,6861.57
SKU004,2025-01-20,38,260739.65999999997,0,1,Lighting,1445.74,6861.57
SKU004,2025-01-27,34,233293.38,0,0,Lighting,1445.74,6861.57
SKU004,2025-02-03,32,219570.24,0,0,Lighting,1445.74,6861.57
SKU004,2025-02-10,37,253878.09,0,0,Lighting,1445.74,6861.57
SKU004,2025-02-17,33,226431.81,0,0,Lighting,1445.74,6861.57
SKU004,2025-02-24,50,343078.5,2,0,Lighting,1445.74,6861.57
SKU004,2025-03-03,36,247016.52,2,0,Lighting,1445.74,6861.57
SKU004,2025-03-10,35,240154.94999999998,2,0,Lighting,1445.74,6861.57
SKU004,2025-03-17,39,267601.23,2,0,Lighting,1445.74,6861.57
SKU004,2025-03-24,43,295047.51,2,0,Lighting,1445.74,6861.57
SKU004,2025-03-31,22,150954.53999999998,0,0,Lighting,1445.74,6861.57
SKU004,2025-04-07,39,267601.23,0,0,Lighting,1445.74,6861.57
SKU004,2025-04-14,45,308770.64999999997,0,0,Lighting,1445.74,6861.57
SKU004,2025-04-21,41,281324.37,0,0,Lighting,1445.74,6861.57
SKU004,2025-04-28,31,212708.66999999998,0,0,Lighting,1445.74,6861.57
SKU004,2025-05-05,34,233293.38,0,0,Lighting,1445.74,6861.57
SKU004,2025-05-12,33,226431.81,0,0,Lighting,1445.74,6861.57
SKU004,2025-05-19,38,260739.65999999997,0,0,Lighting,1445.74,6861.57
SKU004,2025-05-26,30,205847.09999999998,1,0,Lighting,1445.74,6861.57
SKU004,2025-06-02,28,192123.96,2,0,Lighting,1445.74,6861.57
SKU004,2025-06-09,29,198985.53,2,0,Lighting,1445.74,6861.57
SKU004,2025-06-16,48,329355.36,2,0,Lighting,1445.74,6861.57
SKU004,2025-06-23,31,212708.66999999998,2,0,Lighting,1445.74,6861.57
SKU004,2025-06-30,27,185262.38999999998,0,0,Lighting,1445.74,6861.57
SKU004,2025-07-07,32,219570.24,0,0,Lighting,1445.74,6861.57
SKU004,2025-07-14,34,233293.38,0,0,Lighting,1445.74,6861.57
SKU004,2025-07-21,29,198985.53,0,0,Lighting,1445.74,6861.57
SKU004,2025-07-28,33,226431.81,0,0,Lighting,1445.74,6861.57
SKU004,2025-08-04,26,178400.82,0,0,Lighting,1445.74,6861.57
SKU004,2025-08-11,26,178400.82,0,1,Lighting,1445.74,6861.57
SKU004,2025-08-18,18,123508.26,0,0,Lighting,1445.74,6861.57
SKU004,2025-08-25,36,247016.52,0,0,Lighting,1445.74,6861.57
SKU004,2025-09-01,38,260739.65999999997,2,0,Lighting,1445.74,6861.57
SKU004,2025-09-08,29,198985.53,2,0,Lighting,1445.74,6861.57
SKU004,2025-09-15,26,178400.82,2,0,Lighting,1445.74,6861.57
SKU004,2025-09-22,28,192123.96,2,0,Lighting,1445.74,6861.57
SKU004,2025-09-29,23,157816.11,0,0,Lighting,1445.74,6861.57
SKU004,2025-10-06,28,192123.96,0,0,Lighting,1445.74,6861.57
SKU004,2025-10-13,24,164677.68,0,0,Lighting,1445.74,6861.57
SKU004,2025-10-20,24,164677.68,0,1,Lighting,1445.74,6861.57
SKU004,2025-10-27,32,219570.24,2,0,Lighting,1445.74,6861.57
SKU004,2025-11-03,27,185262.38999999998,2,0,Lighting,1445.74,6861.57
SKU004,2025-11-10,31,212708.66999999998,2,0,Lighting,1445.74,6861.57
SKU004,2025-11-17,28,192123.96,2,0,Lighting,1445.74,6861.57
SKU004,2025-11-24,22,150954.53999999998,2,0,Lighting,1445.74,6861.57
SKU004,2025-12-01,28,192123.96,0,0,Lighting,1445.74,6861.57
SKU004,2025-12-08,39,267601.23,0,0,Lighting,1445.74,6861.57
SKU004,2025-12-15,38,260739.65999999997,0,0,Lighting,1445.74,6861.57
SKU004,2025-12-22,30,205847.09999999998,0,1,Lighting,1445.74,6861.57
SKU005,2024-01-01,109,1034760.98,0,0,Storage,5543.63,9493.22
SKU005,2024-01-08,116,1101213.52,0,0,Storage,5543.63,9493.22
SKU005,2024-01-15,108,1025267.76,0,0,Storage,5543.63,9493.22
SKU005,2024-01-22,102,968308.44,0,1,Storage,5543.63,9493.22
SKU005,2024-01-29,129,1224625.38,0,0,Storage,5543.63,9493.22
SKU005,2024-02-05,135,1281584.7,0,0,Storage,5543.63,9493.22
SKU005,2024-02-12,144,1367023.68,0,0,Storage,5543.63,9493.22
SKU005,2024-02-19,124,1177159.2799999998,0,0,Storage,5543.63,9493.22
SKU005,2024-02-26,134,1272091.48,2,0,Storage,5543.63,9493.22
SKU005,2024-03-04,147,1395503.3399999999,2,0,Storage,5543.63,9493.22
SKU005,2024-03-11,144,1367023.68,2,0,Storage,5543.63,9493.22
SKU005,2024-03-18,151,1433476.2199999997,2,0,Storage,5543.63,9493.22
SKU005,2024-03-25,126,1196145.7199999997,2,0,Storage,5543.63,9493.22
SKU005,2024-04-01,138,1310064.3599999999,0,0,Storage,5543.63,9493.22
SKU005,2024-04-08,113,1072733.8599999999,0,0,Storage,5543.63,9493.22
SKU005,2024-04-15,140,1329050.8,0,0,Storage,5543.63,9493.22
SKU005,2024-04-22,113,1072733.8599999999,0,0,Storage,5543.63,9493.22
SKU005,2024-04-29,122,1158172.8399999999,0,0,Storage,5543.63,9493.22
SKU005,2024-05-06,142,1348037.24,0,0,Storage,5543.63,9493.22
SKU005,2024-05-13,122,1158172.8399999999,0,0,Storage,5543.63,9493.22
SKU005,2024-05-20,118,1120199.96,0,0,Storage,5543.63,9493.22
SKU005,2024-05-27,124,1177159.2799999998,2,0,Storage,5543.63,9493.22
SKU005,2024-06-03,157,1490435.54,2,0,Storage,5543.63,9493.22
SKU005,2024-06-10,138,1310064.3599999999,2,0,Storage,5543.63,9493.22
SKU005,2024-06-17,149,1414489.7799999998,2,0,Storage,5543.63,9493.22
SKU005,2024-06-24,145,1376516.9,2,0,Storage,5543.63,9493.22
SKU005,2024-07-01,105,996788.0999999999,0,0,Storage,5543.63,9493.22
SKU005,2024-07-08,114,1082227.08,0,0,Storage,5543.63,9493.22
SKU005,2024-07-15,109,1034760.98,0,0,Storage,5543.63,9493.22
SKU005,2024-07-22,114,1082227.0799999998,0,0,Storage,5543.63,9493.22
SKU005,2024-07-29,108,1025267.7599999999,0,0,Storage,5543.63,9493.22
SKU005,2024-08-05,95,901855.8999999999,0,0,Storage,5543.63,9493.22
SKU005,2024-08-12,103,977801.6599999999,0,1,Storage,5543.63,9493.22
SKU005,2024-08-19,113,1072733.8599999999,0,0,Storage,5543.63,9493.22
SKU005,2024-08-26,122,1158172.8399999999,1,0,Storage,5543.63,9493.22
SKU005,2024-09-02,113,1072733.8599999999,2,0,Storage,5543.63,9493.22
SKU005,2024-09-09,104,987294.8799999999,2,0,Storage,5543.63,9493.22
SKU005,2024-09-16,95,901855.8999999999,2,0,Storage,5543.63,9493.22
SKU005,2024-09-23,108,1025267.7599999999,2,0,Storage,5543.63,9493.22
SKU005,2024-09-30,86,816416.9199999999,0,0,Storage,5543.63,9493.22
SKU005,2024-10-07,96,911349.1199999999,0,0,Storage,5543.63,9493.22
SKU005,2024-10-14,92,873376.24,0,0,Storage,5543.63,9493.22
SKU005,2024-10-21,85,806923.7,0,0,Storage,5543.63,9493.22
SKU005,2024-10-28,109,1034760.98,2,1,Storage,5543.63,9493.22
SKU005,2024-11-04,109,1034760.98,2,0,Storage,5543.63,9493.22
SKU005,2024-11-11,123,1167666.06,2,0,Storage,5543.63,9493.22
SKU005,2024-11-18,104,987294.8799999999,2,0,Storage,5543.63,9493.22
SKU005,2024-11-25,79,749964.3799999999,1,0,Storage,5543.63,9493.22
SKU005,2024-12-02,95,901855.8999999999,0,0,Storage,5543.63,9493.22
SKU005,2024-12-09,107,1015774.5399999999,0,0,Storage,5543.63,9493.22
SKU005,2024-12-16,110,1044254.2,0,0,Storage,5543.63,9493.22
SKU005,2024-12-23,106,1006281.32,0,1,Storage,5543.63,9493.22
SKU005,2024-12-30,111,1053747.42,0,0,Storage,5543.63,9493.22
SKU005,2025-01-06,97,920842.34,0,0,Storage,5543.63,9493.22
SKU005,2025-01-13,133,1262598.26,0,0,Storage,5543.63,9493.22
SKU005,2025-01-20,110,1044254.2,0,1,Storage,5543.63,9493.22
SKU005,2025-01-27,107,1015774.5399999999,0,0,Storage,5543.63,9493.22
SKU005,2025-02-03,123,1167666.06,0,0,Storage,5543.63,9493.22
SKU005,2025-02-10,132,1253105.04,0,0,Storage,5543.63,9493.22
SKU005,2025-02-17,139,1319557.5799999998,0,0,Storage,5543.63,9493.22
SKU005,2025-02-24,160,1518915.2,2,0,Storage,5543.63,9493.22
SKU005,2025-03-03,140,1329050.7999999998,2,0,Storage,5543.63,9493.22
SKU005,2025-03-10,142,1348037.24,2,0,Storage,5543.63,9493.22
SKU005,2025-03-17,144,1367023.68,2,0,Storage,5543.63,9493.22
SKU005,2025-03-24,134,1272091.48,2,0,Storage,5543.63,9493.22
SKU005,2025-03-31,142,1348037.24,0,0,Storage,5543.63,9493.22
SKU005,2025-04-07,132,1253105.04,0,0,Storage,5543.63,9493.22
SKU005,2025-04-14,134,1272091.48,0,0,Storage,5543.63,9493.22
SKU005,2025-04-21,141,1338544.02,0,0,Storage,5543.63,9493.22
SKU005,2025-04-28,116,1101213.52,0,0,Storage,5543.63,9493.22
SKU005,2025-05-05,117,1110706.74,0,0,Storage,5543.63,9493.22
SKU005,2025-05-12,122,1158172.8399999999,0,0,Storage,5543.63,9493.22
SKU005,2025-05-19,137,1300571.14,0,0,Storage,5543.63,9493.22
SKU005,2025-05-26,130,1234118.5999999999,1,0,Storage,5543.63,9493.22
SKU005,2025-06-02,140,1329050.7999999998,2,0,Storage,5543.63,9493.22
SKU005,2025-06-09,133,1262598.26,2,0,Storage,5543.63,9493.22
SKU005,2025-06-16,116,1101213.5199999998,2,0,Storage,5543.63,9493.22
SKU005,2025-06-23,134,1272091.48,2,0,Storage,5543.63,9493.22
SKU005,2025-06-30,99,939828.7799999999,0,0,Storage,5543.63,9493.22
SKU005,2025-07-07,104,987294.8799999999,0,0,Storage,5543.63,9493.22
SKU005,2025-07-14,106,1006281.32,0,0,Storage,5543.63,9493.22
SKU005,2025-07-21,124,1177159.28,0,0,Storage,5543.63,9493.22
SKU005,2025-07-28,115,1091720.2999999998,0,0,Storage,5543.63,9493.22
SKU005,2025-08-04,96,911349.1199999999,0,0,Storage,5543.63,9493.22
SKU005,2025-08-11,114,1082227.0799999998,0,1,Storage,5543.63,9493.22
SKU005,2025-08-18,95,901855.8999999999,0,0,Storage,5543.63,9493.22
SKU005,2025-08-25,96,911349.12,0,0,Storage,5543.63,9493.22
SKU005,2025-09-01,95,901855.8999999999,2,0,Storage,5543.63,9493.22
SKU005,2025-09-08,96,911349.1199999999,2,0,Storage,5543.63,9493.22
SKU005,2025-09-15,89,844896.58,2,0,Storage,5543.63,9493.22
SKU005,2025-09-22,108,1025267.76,2,0,Storage,5543.63,9493.22
SKU005,2025-09-29,97,920842.3399999999,0,0,Storage,5543.63,9493.22
SKU005,2025-10-06,107,1015774.5399999999,0,0,Storage,5543.63,9493.22
SKU005,2025-10-13,105,996788.1,0,0,Storage,5543.63,9493.22
SKU005,2025-10-20,98,930335.5599999999,0,1,Storage,5543.63,9493.22
SKU005,2025-10-27,104,987294.88,2,0,Storage,5543.63,9493.22
SKU005,2025-11-03,114,1082227.08,2,0,Storage,5543.63,9493.22
SKU005,2025-11-10,102,968308.44,2,0,Storage,5543.63,9493.22
SKU005,2025-11-17,115,1091720.2999999998,2,0,Storage,5543.63,9493.22
SKU005,2025-11-24,100,949322.0,2,0,Storage,5543.63,9493.22
SKU005,2025-12-01,96,911349.12,0,0,Storage,5543.63,9493.22
SKU005,2025-12-08,103,977801.6599999999,0,0,Storage,5543.63,9493.22
SKU005,2025-12-15,100,949321.9999999999,0,0,Storage,5543.63,9493.22
SKU005,2025-12-22,108,1025267.7599999999,0,1,Storage,5543.63,9493.22
SKU006,2024-01-01,38,308029.52,0,0,Furniture,6021.91,8106.04
SKU006,2024-01-08,34,275605.36,0,0,Furniture,6021.91,8106.04
SKU006,2024-01-15,43,348559.72,0,0,Furniture,6021.91,8106.04
SKU006,2024-01-22,39,316135.56,0,1,Furniture,6021.91,8106.04
SKU006,2024-01-29,49,397195.96,0,0,Furniture,6021.91,8106.04
SKU006,2024-02-05,50,405302.0,0,0,Furniture,6021.91,8106.04
SKU006,2024-02-12,52,421514.08,0,0,Furniture,6021.91,8106.04
SKU006,2024-02-19,50,405302.0,0,0,Furniture,6021.91,8106.04
SKU006,2024-02-26,56,453938.24,2,0,Furniture,6021.91,8106.04
SKU006,2024-03-04,76,616059.04,2,0,Furniture,6021.91,8106.04
SKU006,2024-03-11,50,405302.0,2,0,Furniture,6021.91,8106.04
SKU006,2024-03-18,55,445832.2,2,0,Furniture,6021.91,8106.04
SKU006,2024-03-25,53,429620.12,2,0,Furniture,6021.91,8106.04
SKU006,2024-04-01,68,551210.72,0,0,Furniture,6021.91,8106.04
SKU006,2024-04-08,61,494468.44,0,0,Furniture,6021.91,8106.04
SKU006,2024-04-15,54,437726.16,0,0,Furniture,6021.91,8106.04
SKU006,2024-04-22,44,356665.76,0,0,Furniture,6021.91,8106.04
SKU006,2024-04-29,54,437726.16000000003,0,0,Furniture,6021.91,8106.04
SKU006,2024-05-06,45,364771.8,0,0,Furniture,6021.91,8106.04
SKU006,2024-05-13,52,421514.08,0,0,Furniture,6021.91,8106.04
SKU006,2024-05-20,58,470150.31999999995,0,0,Furniture,6021.91,8106.04
SKU006,2024-05-27,46,372877.83999999997,2,0,Furniture,6021.91,8106.04
SKU006,2024-06-03,33,267499.32,2,0,Furniture,6021.91,8106.04
SKU006,2024-06-10,41,332347.63999999996,2,0,Furniture,6021.91,8106.04
SKU006,2024-06-17,42,340453.68,2,0,Furniture,6021.91,8106.04
SKU006,2024-06-24,59,478256.36,2,0,Furniture,6021.91,8106.04
SKU006,2024-07-01,54,437726.16,0,0,Furniture,6021.91,8106.04
SKU006,2024-07-08,42,340453.68,0,0,Furniture,6021.91,8106.04
SKU006,2024-07-15,47,380983.88,0,0,Furniture,6021.91,8106.04
SKU006,2024-07-22,48,389089.92,0,0,Furniture,6021.91,8106.04
SKU006,2024-07-29,45,364771.8,0,0,Furniture,6021.91,8106.04
SKU006,2024-08-05,25,202651.0,0,0,Furniture,6021.91,8106.04
SKU006,2024-08-12,39,316135.56,0,1,Furniture,6021.91,8106.04
SKU006,2024-08-19,34,275605.36,0,0,Furniture,6021.91,8106.04
SKU006,2024-08-26,55,445832.2,1,0,Furniture,6021.91,8106.04
SKU006,2024-09-02,33,267499.32,2,0,Furniture,6021.91,8106.04
SKU006,2024-09-09,38,308029.52,2,0,Furniture,6021.91,8106.04
SKU006,2024-09-16,42,340453.68,2,0,Furniture,6021.91,8106.04
SKU006,2024-09-23,40,324241.6,2,0,Furniture,6021.91,8106.04
SKU006,2024-09-30,47,380983.88,0,0,Furniture,6021.91,8106.04
SKU006,2024-10-07,38,308029.52,0,0,Furniture,6021.91,8106.04
SKU006,2024-10-14,37,299923.48,0,0,Furniture,6021.91,8106.04
SKU006,2024-10-21,29,235075.16,0,0,Furniture,6021.91,8106.04
SKU006,2024-10-28,40,324241.6,2,1,Furniture,6021.91,8106.04
SKU006,2024-11-04,40,324241.6,2,0,Furniture,6021.91,8106.04
SKU006,2024-11-11,28,226969.12,2,0,Furniture,6021.91,8106.04
SKU006,2024-11-18,41,332347.64,2,0,Furniture,6021.91,8106.04
SKU006,2024-11-25,44,356665.76,1,0,Furniture,6021.91,8106.04
SKU006,2024-12-02,44,356665.76,0,0,Furniture,6021.91,8106.04
SKU006,2024-12-09,34,275605.36,0,0,Furniture,6021.91,8106.04
SKU006,2024-12-16,44,356665.76,0,0,Furniture,6021.91,8106.04
SKU006,2024-12-23,48,389089.92,0,1,Furniture,6021.91,8106.04
SKU006,2024-12-30,45,364771.8,0,0,Furniture,6021.91,8106.04
SKU006,2025-01-06,50,405302.0,0,0,Furniture,6021.91,8106.04
SKU006,2025-01-13,46,372877.83999999997,0,0,Furniture,6021.91,8106.04
SKU006,2025-01-20,51,413408.04,0,1,Furniture,6021.91,8106.04
SKU006,2025-01-27,47,380983.88,0,0,Furniture,6021.91,8106.04
SKU006,2025-02-03,46,372877.83999999997,0,0,Furniture,6021.91,8106.04
SKU006,2025-02-10,45,364771.8,0,0,Furniture,6021.91,8106.04
SKU006,2025-02-17,51,413408.04,0,0,Furniture,6021.91,8106.04
SKU006,2025-02-24,57,462044.28,2,0,Furniture,6021.91,8106.04
SKU006,2025-03-03,58,470150.31999999995,2,0,Furniture,6021.91,8106.04
SKU006,2025-03-10,66,534998.64,2,0,Furniture,6021.91,8106.04
SKU006,2025-03-17,42,340453.68,2,0,Furniture,6021.91,8106.04
SKU006,2025-03-24,55,445832.2,2,0,Furniture,6021.91,8106.04
SKU006,2025-03-31,56,453938.24,0,0,Furniture,6021.91,8106.04
SKU006,2025-04-07,53,429620.12,0,0,Furniture,6021.91,8106.04
SKU006,2025-04-14,46,372877.84,0,0,Furniture,6021.91,8106.04
SKU006,2025-04-21,67,543104.6799999999,0,0,Furniture,6021.91,8106.04
SKU006,2025-04-28,44,356665.76,0,0,Furniture,6021.91,8106.04
SKU006,2025-05-05,66,534998.64,0,0,Furniture,6021.91,8106.04
SKU006,2025-05-12,55,445832.2,0,0,Furniture,6021.91,8106.04
SKU006,2025-05-19,51,413408.04,0,0,Furniture,6021.91,8106.04
SKU006,2025-05-26,50,405302.0,1,0,Furniture,6021.91,8106.04
SKU006,2025-06-02,57,462044.27999999997,2,0,Furniture,6021.91,8106.04
SKU006,2025-06-09,64,518786.56,2,0,Furniture,6021.91,8106.04
SKU006,2025-06-16,42,340453.68,2,0,Furniture,6021.91,8106.04
SKU006,2025-06-23,54,437726.16,2,0,Furniture,6021.91,8106.04
SKU006,2025-06-30,41,332347.64,0,0,Furniture,6021.91,8106.04
SKU006,2025-07-07,31,251287.24,0,0,Furniture,6021.91,8106.04
SKU006,2025-07-14,45,364771.8,0,0,Furniture,6021.91,8106.04
SKU006,2025-07-21,43,348559.72,0,0,Furniture,6021.91,8106.04
SKU006,2025-07-28,49,397195.95999999996,0,0,Furniture,6021.91,8106.04
SKU006,2025-08-04,46,372877.83999999997,0,0,Furniture,6021.91,8106.04
SKU006,2025-08-11,38,308029.51999999996,0,1,Furniture,6021.91,8106.04
SKU006,2025-08-18,42,340453.68,0,0,Furniture,6021.91,8106.04
SKU006,2025-08-25,36,291817.44,0,0,Furniture,6021.91,8106.04
SKU006,2025-09-01,43,348559.72,2,0,Furniture,6021.91,8106.04
SKU006,2025-09-08,40,324241.6,2,0,Furniture,6021.91,8106.04
SKU006,2025-09-15,45,364771.8,2,0,Furniture,6021.91,8106.04
SKU006,2025-09-22,48,389089.92,2,0,Furniture,6021.91,8106.04
SKU006,2025-09-29,43,348559.72,0,0,Furniture,6021.91,8106.04
SKU006,2025-10-06,38,308029.52,0,0,Furniture,6021.91,8106.04
SKU006,2025-10-13,29,235075.15999999997,0,0,Furniture,6021.91,8106.04
SKU006,2025-10-20,34,275605.36,0,1,Furniture,6021.91,8106.04
SKU006,2025-10-27,36,291817.44,2,0,Furniture,6021.91,8106.04
SKU006,2025-11-03,39,316135.56,2,0,Furniture,6021.91,8106.04
SKU006,2025-11-10,31,251287.24,2,0,Furniture,6021.91,8106.04
SKU006,2025-11-17,45,364771.8,2,0,Furniture,6021.91,8106.04
SKU006,2025-11-24,40,324241.6,2,0,Furniture,6021.91,8106.04
SKU006,2025-12-01,37,299923.48,0,0,Furniture,6021.91,8106.04
SKU006,2025-12-08,41,332347.64,0,0,Furniture,6021.91,8106.04
SKU006,2025-12-15,41,332347.64,0,0,Furniture,6021.91,8106.04
SKU006,2025-12-22,43,348559.72,0,1,Furniture,6021.91,8106.04
SKU007,2024-01-01,172,879623.48,0,0,Home Decor,7748.2,5114.09
SKU007,2024-01-08,178,910308.02,0,0,Home Decor,7748.2,5114.09
SKU007,2024-01-15,189,966563.01,0,0,Home Decor,7748.2,5114.09
SKU007,2024-01-22,176,900079.8400000001,0,1,Home Decor,7748.2,5114.09
SKU007,2024-01-29,171,874509.39,0,0,Home Decor,7748.2,5114.09
SKU007,2024-02-05,163,833596.67,0,0,Home Decor,7748.2,5114.09
SKU007,2024-02-12,195,997247.55,0,0,Home Decor,7748.2,5114.09
SKU007,2024-02-19,173,884737.5700000001,0,0,Home Decor,7748.2,5114.09
SKU007,2024-02-26,201,1027932.0900000001,2,0,Home Decor,7748.2,5114.09
SKU007,2024-03-04,195,997247.55,2,0,Home Decor,7748.2,5114.09
SKU007,2024-03-11,212,1084187.08,2,0,Home Decor,7748.2,5114.09
SKU007,2024-03-18,223,1140442.07,2,0,Home Decor,7748.2,5114.09
SKU007,2024-03-25,192,981905.28,2,0,Home Decor,7748.2,5114.09
SKU007,2024-04-01,199,1017703.91,0,0,Home Decor,7748.2,5114.09
SKU007,2024-04-08,222,1135327.98,0,0,Home Decor,7748.2,5114.09
SKU007,2024-04-15,199,1017703.91,0,0,Home Decor,7748.2,5114.09
SKU007,2024-04-22,198,1012589.8200000001,0,0,Home Decor,7748.2,5114.09
SKU007,2024-04-29,188,961448.92,0,0,Home Decor,7748.2,5114.09
SKU007,2024-05-06,174,889851.66,0,0,Home Decor,7748.2,5114.09
SKU007,2024-05-13,184,940992.56,0,0,Home Decor,7748.2,5114.09
SKU007,2024-05-20,209,1068844.81,0,0,Home Decor,7748.2,5114.09
SKU007,2024-05-27,242,1237609.78,2,0,Home Decor,7748.2,5114.09
SKU007,2024-06-03,196,1002361.64,2,0,Home Decor,7748.2,5114.09
SKU007,2024-06-10,203,1038160.27,2,0,Home Decor,7748.2,5114.09
SKU007,2024-06-17,219,1119985.71,2,0,Home Decor,7748.2,5114.09
SKU007,2024-06-24,204,1043274.3600000001,2,0,Home Decor,7748.2,5114.09
SKU007,2024-07-01,187,956334.8300000001,0,0,Home Decor,7748.2,5114.09
SKU007,2024-07-08,179,915422.1100000001,0,0,Home Decor,7748.2,5114.09
SKU007,2024-07-15,180,920536.2,0,0,Home Decor,7748.2,5114.09
SKU007,2024-07-22,172,879623.48,0,0,Home Decor,7748.2,5114.09
SKU007,2024-07-29,160,818254.4,0,0,Home Decor,7748.2,5114.09
SKU007,2024-08-05,141,721086.69,0,0,Home Decor,7748.2,5114.09
SKU007,2024-08-12,164,838710.76,0,1,Home Decor,7748.2,5114.09
SKU007,2024-08-19,160,818254.4,0,0,Home Decor,7748.2,5114.09
SKU007,2024-08-26,151,772227.59,1,0,Home Decor,7748.2,5114.09
SKU007,2024-09-02,157,802912.13,2,0,Home Decor,7748.2,5114.09
SKU007,2024-09-09,174,889851.66,2,0,Home Decor,7748.2,5114.09
SKU007,2024-09-16,151,772227.5900000001,2,0,Home Decor,7748.2,5114.09
SKU007,2024-09-23,170,869395.3,2,0,Home Decor,7748.2,5114.09
SKU007,2024-09-30,130,664831.7,0,0,Home Decor,7748.2,5114.09
SKU007,2024-10-07,123,629033.0700000001,0,0,Home Decor,7748.2,5114.09
SKU007,2024-10-14,128,654603.52,0,0,Home Decor,7748.2,5114.09
SKU007,2024-10-21,124,634147.16,0,0,Home Decor,7748.2,5114.09
SKU007,2024-10-28,152,777341.68,2,1,Home Decor,7748.2,5114.09
SKU007,2024-11-04,172,879623.48,2,0,Home Decor,7748.2,5114.09
SKU007,2024-11-11,159,813140.31,2,0,Home Decor,7748.2,5114.09
SKU007,2024-11-18,167,854053.03,2,0,Home Decor,7748.2,5114.09
SKU007,2024-11-25,132,675059.88,1,0,Home Decor,7748.2,5114.09
SKU007,2024-12-02,148,756885.32,0,0,Home Decor,7748.2,5114.09
SKU007,2024-12-09,137,700630.3300000001,0,0,Home Decor,7748.2,5114.09
SKU007,2024-12-16,167,854053.03,0,0,Home Decor,7748.2,5114.09
SKU007,2024-12-23,147,751771.23,0,1,Home Decor,7748.2,5114.09
SKU007,2024-12-30,175,894965.75,0,0,Home Decor,7748.2,5114.09
SKU007,2025-01-06,171,874509.39,0,0,Home Decor,7748.2,5114.09
SKU007,2025-01-13,156,797798.04,0,0,Home Decor,7748.2,5114.09
SKU007,2025-01-20,179,915422.1100000001,0,1,Home Decor,7748.2,5114.09
SKU007,2025-01-27,178,910308.02,0,0,Home Decor,7748.2,5114.09
SKU007,2025-02-03,179,915422.11,0,0,Home Decor,7748.2,5114.09
SKU007,2025-02-10,171,874509.39,0,0,Home Decor,7748.2,5114.09
SKU007,2025-02-17,171,874509.39,0,0,Home Decor,7748.2,5114.09
SKU007,2025-02-24,189,966563.01,2,0,Home Decor,7748.2,5114.09
SKU007,2025-03-03,217,1109757.53,2,0,Home Decor,7748.2,5114.09
SKU007,2025-03-10,191,976791.1900000001,2,0,Home Decor,7748.2,5114.09
SKU007,2025-03-17,194,992133.46,2,0,Home Decor,7748.2,5114.09
SKU007,2025-03-24,208,1063730.72,2,0,Home Decor,7748.2,5114.09
SKU007,2025-03-31,201,1027932.0900000001,0,0,Home Decor,7748.2,5114.09
SKU007,2025-04-07,194,992133.46,0,0,Home Decor,7748.2,5114.09
SKU007,2025-04-14,200,1022818.0,0,0,Home Decor,7748.2,5114.09
SKU007,2025-04-21,201,1027932.0900000001,0,0,Home Decor,7748.2,5114.09
SKU007,2025-04-28,199,1017703.91,0,0,Home Decor,7748.2,5114.09
SKU007,2025-05-05,168,859167.12,0,0,Home Decor,7748.2,5114.09
SKU007,2025-05-12,180,920536.2000000001,0,0,Home Decor,7748.2,5114.09
SKU007,2025-05-19,203,1038160.27,0,0,Home Decor,7748.2,5114.09
SKU007,2025-05-26,196,1002361.64,1,0,Home Decor,7748.2,5114.09
SKU007,2025-06-02,185,946106.6500000001,2,0,Home Decor,7748.2,5114.09
SKU007,2025-06-09,174,889851.66,2,0,Home Decor,7748.2,5114.09
SKU007,2025-06-16,187,956334.8300000001,2,0,Home Decor,7748.2,5114.09
SKU007,2025-06-23,212,1084187.08,2,0,Home Decor,7748.2,5114.09
SKU007,2025-06-30,181,925650.29,0,0,Home Decor,7748.2,5114.09
SKU007,2025-07-07,187,956334.83,0,0,Home Decor,7748.2,5114.09
SKU007,2025-07-14,161,823368.49,0,0,Home Decor,7748.2,5114.09
SKU007,2025-07-21,167,854053.03,0,0,Home Decor,7748.2,5114.09
SKU007,2025-07-28,181,925650.29,0,0,Home Decor,7748.2,5114.09
SKU007,2025-08-04,145,741543.05,0,0,Home Decor,7748.2,5114.09
SKU007,2025-08-11,158,808026.22,0,1,Home Decor,7748.2,5114.09
SKU007,2025-08-18,146,746657.14,0,0,Home Decor,7748.2,5114.09
SKU007,2025-08-25,170,869395.3,0,0,Home Decor,7748.2,5114.09
SKU007,2025-09-01,152,777341.68,2,0,Home Decor,7748.2,5114.09
SKU007,2025-09-08,153,782455.77,2,0,Home Decor,7748.2,5114.09
SKU007,2025-09-15,162,828482.58,2,0,Home Decor,7748.2,5114.09
SKU007,2025-09-22,171,874509.3900000001,2,0,Home Decor,7748.2,5114.09
SKU007,2025-09-29,129,659717.61,0,0,Home Decor,7748.2,5114.09
SKU007,2025-10-06,149,761999.41,0,0,Home Decor,7748.2,5114.09
SKU007,2025-10-13,158,808026.22,0,0,Home Decor,7748.2,5114.09
SKU007,2025-10-20,131,669945.79,0,1,Home Decor,7748.2,5114.09
SKU007,2025-10-27,152,777341.68,2,0,Home Decor,7748.2,5114.09
SKU007,2025-11-03,142,726200.78,2,0,Home Decor,7748.2,5114.09
SKU007,2025-11-10,131,669945.79,2,0,Home Decor,7748.2,5114.09
SKU007,2025-11-17,157,802912.13,2,0,Home Decor,7748.2,5114.09
SKU007,2025-11-24,181,925650.29,2,0,Home Decor,7748.2,5114.09
SKU007,2025-12-01,145,741543.05,0,0,Home Decor,7748.2,5114.09
SKU007,2025-12-08,154,787569.86,0,0,Home Decor,7748.2,5114.09
SKU007,2025-12-15,149,761999.41,0,0,Home Decor,7748.2,5114.09
SKU007,2025-12-22,161,823368.49,0,1,Home Decor,7748.2,5114.09
SKU008,2024-01-01,119,1171274.16,0,0,Kitchen,2775.15,9842.64
SKU008,2024-01-08,137,1348441.68,0,0,Kitchen,2775.15,9842.64
SKU008,2024-01-15,118,1161431.52,0,0,Kitchen,2775.15,9842.64
SKU008,2024-01-22,108,1063005.1199999999,0,1,Kitchen,2775.15,9842.64
SKU008,2024-01-29,114,1122060.96,0,0,Kitchen,2775.15,9842.64
SKU008,2024-02-05,113,1112218.3199999998,0,0,Kitchen,2775.15,9842.64
SKU008,2024-02-12,107,1053162.48,0,0,Kitchen,2775.15,9842.64
SKU008,2024-02-19,118,1161431.52,0,0,Kitchen,2775.15,9842.64
SKU008,2024-02-26,131,1289385.8399999999,2,0,Kitchen,2775.15,9842.64
SKU008,2024-03-04,132,1299228.48,2,0,Kitchen,2775.15,9842.64
SKU008,2024-03-11,147,1446868.0799999998,2,0,Kitchen,2775.15,9842.64
SKU008,2024-03-18,144,1417340.16,2,0,Kitchen,2775.15,9842.64
SKU008,2024-03-25,128,1259857.92,2,0,Kitchen,2775.15,9842.64
SKU008,2024-04-01,128,1259857.92,0,0,Kitchen,2775.15,9842.64
SKU008,2024-04-08,128,1259857.92,0,0,Kitchen,2775.15,9842.64
SKU008,2024-04-15,139,1368126.96,0,0,Kitchen,2775.15,9842.64
SKU008,2024-04-22,134,1318913.7599999998,0,0,Kitchen,2775.15,9842.64
SKU008,2024-04-29,139,1368126.96,0,0,Kitchen,2775.15,9842.64
SKU008,2024-05-06,131,1289385.8399999999,0,0,Kitchen,2775.15,9842.64
SKU008,2024-05-13,128,1259857.92,0,0,Kitchen,2775.15,9842.64
SKU008,2024-05-20,137,1348441.68,0,0,Kitchen,2775.15,9842.64
SKU008,2024-05-27,140,1377969.5999999999,2,0,Kitchen,2775.15,9842.64
SKU008,2024-06-03,125,1230330.0,2,0,Kitchen,2775.15,9842.64
SKU008,2024-06-10,106,1043319.84,2,0,Kitchen,2775.15,9842.64
SKU008,2024-06-17,134,1318913.7599999998,2,0,Kitchen,2775.15,9842.64
SKU008,2024-06-24,144,1417340.16,2,0,Kitchen,2775.15,9842.64
SKU008,2024-07-01,112,1102375.68,0,0,Kitchen,2775.15,9842.64
SKU008,2024-07-08,120,1181116.7999999998,0,0,Kitchen,2775.15,9842.64
SKU008,2024-07-15,108,1063005.1199999999,0,0,Kitchen,2775.15,9842.64
SKU008,2024-07-22,134,1318913.76,0,0,Kitchen,2775.15,9842.64
SKU008,2024-07-29,100,984263.9999999999,0,0,Kitchen,2775.15,9842.64
SKU008,2024-08-05,97,954736.08,0,0,Kitchen,2775.15,9842.64
SKU008,2024-08-12,99,974421.3599999999,0,1,Kitchen,2775.15,9842.64
SKU008,2024-08-19,113,1112218.3199999998,0,0,Kitchen,2775.15,9842.64
SKU008,2024-08-26,107,1053162.48,1,0,Kitchen,2775.15,9842.64
SKU008,2024-09-02,115,1131903.5999999999,2,0,Kitchen,2775.15,9842.64
SKU008,2024-09-09,93,915365.52,2,0,Kitchen,2775.15,9842.64
SKU008,2024-09-16,101,994106.6399999999,2,0,Kitchen,2775.15,9842.64
SKU008,2024-09-23,107,1053162.48,2,0,Kitchen,2775.15,9842.64
SKU008,2024-09-30,89,875994.96,0,0,Kitchen,2775.15,9842.64
SKU008,2024-10-07,80,787411.2,0,0,Kitchen,2775.15,9842.64
SKU008,2024-10-14,71,698827.44,0,0,Kitchen,2775.15,9842.64
SKU008,2024-10-21,97,954736.08,0,0,Kitchen,2775.15,9842.64
SKU008,2024-10-28,99,974421.3599999999,2,1,Kitchen,2775.15,9842.64
SKU008,2024-11-04,97,954736.08,2,0,Kitchen,2775.15,9842.64
SKU008,2024-11-11,106,1043319.84,2,0,Kitchen,2775.15,9842.64
SKU008,2024-11-18,88,866152.32,2,0,Kitchen,2775.15,9842.64
SKU008,2024-11-25,108,1063005.1199999999,1,0,Kitchen,2775.15,9842.64
SKU008,2024-12-02,109,1072847.76,0,0,Kitchen,2775.15,9842.64
SKU008,2024-12-09,104,1023634.5599999999,0,0,Kitchen,2775.15,9842.64
SKU008,2024-12-16,82,807096.48,0,0,Kitchen,2775.15,9842.64
SKU008,2024-12-23,97,954736.08,0,1,Kitchen,2775.15,9842.64
SKU008,2024-12-30,103,1013791.9199999999,0,0,Kitchen,2775.15,9842.64
SKU008,2025-01-06,105,1033477.2,0,0,Kitchen,2775.15,9842.64
SKU008,2025-01-13,111,1092533.0399999998,0,0,Kitchen,2775.15,9842.64
SKU008,2025-01-20,106,1043319.8399999999,0,1,Kitchen,2775.15,9842.64
SKU008,2025-01-27,121,1190959.44,0,0,Kitchen,2775.15,9842.64
SKU008,2025-02-03,134,1318913.7599999998,0,0,Kitchen,2775.15,9842.64
SKU008,2025-02-10,122,1200802.0799999998,0,0,Kitchen,2775.15,9842.64
SKU008,2025-02-17,112,1102375.68,0,0,Kitchen,2775.15,9842.64
SKU008,2025-02-24,138,1358284.3199999998,2,0,Kitchen,2775.15,9842.64
SKU008,2025-03-03,133,1309071.1199999999,2,0,Kitchen,2775.15,9842.64
SKU008,2025-03-10,153,1505923.92,2,0,Kitchen,2775.15,9842.64
SKU008,2025-03-17,139,1368126.96,2,0,Kitchen,2775.15,9842.64
SKU008,2025-03-24,154,1515766.56,2,0,Kitchen,2775.15,9842.64
SKU008,2025-03-31,146,1437025.44,0,0,Kitchen,2775.15,9842.64
SKU008,2025-04-07,131,1289385.8399999999,0,0,Kitchen,2775.15,9842.64
SKU008,2025-04-14,138,1358284.3199999998,0,0,Kitchen,2775.15,9842.64
SKU008,2025-04-21,130,1279543.2,0,0,Kitchen,2775.15,9842.64
SKU008,2025-04-28,127,1250015.2799999998,0,0,Kitchen,2775.15,9842.64
SKU008,2025-05-05,139,1368126.96,0,0,Kitchen,2775.15,9842.64
SKU008,2025-05-12,121,1190959.44,0,0,Kitchen,2775.15,9842.64
SKU008,2025-05-19,118,1161431.52,0,0,Kitchen,2775.15,9842.64
SKU008,2025-05-26,135,1328756.4,1,0,Kitchen,2775.15,9842.64
SKU008,2025-06-02,122,1200802.08,2,0,Kitchen,2775.15,9842.64
SKU008,2025-06-09,136,1338599.04,2,0,Kitchen,2775.15,9842.64
SKU008,2025-06-16,101,994106.6399999999,2,0,Kitchen,2775.15,9842.64
SKU008,2025-06-23,118,1161431.52,2,0,Kitchen,2775.15,9842.64
SKU008,2025-06-30,128,1259857.92,0,0,Kitchen,2775.15,9842.64
SKU008,2025-07-07,109,1072847.76,0,0,Kitchen,2775.15,9842.64
SKU008,2025-07-14,110,1082690.4,0,0,Kitchen,2775.15,9842.64
SKU008,2025-07-21,105,1033477.2,0,0,Kitchen,2775.15,9842.64
SKU008,2025-07-28,112,1102375.68,0,0,Kitchen,2775.15,9842.64
SKU008,2025-08-04,101,994106.6399999999,0,0,Kitchen,2775.15,9842.64
SKU008,2025-08-11,126,1240172.64,0,1,Kitchen,2775.15,9842.64
SKU008,2025-08-18,89,875994.96,0,0,Kitchen,2775.15,9842.64
SKU008,2025-08-25,101,994106.6399999999,0,0,Kitchen,2775.15,9842.64
SKU008,2025-09-01,92,905522.88,2,0,Kitchen,2775.15,9842.64
SKU008,2025-09-08,90,885837.6,2,0,Kitchen,2775.15,9842.64
SKU008,2025-09-15,87,856309.6799999999,2,0,Kitchen,2775.15,9842.64
SKU008,2025-09-22,93,915365.52,2,0,Kitchen,2775.15,9842.64
SKU008,2025-09-29,98,964578.72,0,0,Kitchen,2775.15,9842.64
SKU008,2025-10-06,88,866152.32,0,0,Kitchen,2775.15,9842.64
SKU008,2025-10-13,115,1131903.5999999999,0,0,Kitchen,2775.15,9842.64
SKU008,2025-10-20,81,797253.84,0,1,Kitchen,2775.15,9842.64
SKU008,2025-10-27,100,984264.0,2,0,Kitchen,2775.15,9842.64
SKU008,2025-11-03,112,1102375.68,2,0,Kitchen,2775.15,9842.64
SKU008,2025-11-10,94,925208.1599999999,2,0,Kitchen,2775.15,9842.64
SKU008,2025-11-17,91,895680.24,2,0,Kitchen,2775.15,9842.64
SKU008,2025-11-24,117,1151588.88,2,0,Kitchen,2775.15,9842.64
SKU008,2025-12-01,97,954736.08,0,0,Kitchen,2775.15,9842.64
SKU008,2025-12-08,112,1102375.68,0,0,Kitchen,2775.15,9842.64
SKU008,2025-12-15,100,984263.9999999999,0,0,Kitchen,2775.15,9842.64
SKU008,2025-12-22,105,1033477.2,0,1,Kitchen,2775.15,9842.64
SKU009,2024-01-01,70,163582.3,0,0,Lighting,3121.06,2336.89
SKU009,2024-01-08,66,154234.74,0,0,Lighting,3121.06,2336.89
SKU009,2024-01-15,73,170592.97,0,0,Lighting,3121.06,2336.89
SKU009,2024-01-22,80,186951.19999999998,0,1,Lighting,3121.06,2336.89
SKU009,2024-01-29,103,240699.66999999998,0,0,Lighting,3121.06,2336.89
SKU009,2024-02-05,85,198635.65,0,0,Lighting,3121.06,2336.89
SKU009,2024-02-12,79,184614.31,0,0,Lighting,3121.06,2336.89
SKU009,2024-02-19,80,186951.19999999998,0,0,Lighting,3121.06,2336.89
SKU009,2024-02-26,92,214993.88,2,0,Lighting,3121.06,2336.89
SKU009,2024-03-04,86,200972.53999999998,2,0,Lighting,3121.06,2336.89
SKU009,2024-03-11,101,236025.88999999998,2,0,Lighting,3121.06,2336.89
SKU009,2024-03-18,95,222004.55,2,0,Lighting,3121.06,2336.89
SKU009,2024-03-25,88,205646.31999999998,2,0,Lighting,3121.06,2336.89
SKU009,2024-04-01,82,191624.97999999998,0,0,Lighting,3121.06,2336.89
SKU009,2024-04-08,106,247710.33999999997,0,0,Lighting,3121.06,2336.89
SKU009,2024-04-15,100,233689.0,0,0,Lighting,3121.06,2336.89
SKU009,2024-04-22,104,243036.56,0,0,Lighting,3121.06,2336.89
SKU009,2024-04-29,80,186951.19999999998,0,0,Lighting,3121.06,2336.89
SKU009,2024-05-06,70,163582.3,0,0,Lighting,3121.06,2336.89
SKU009,2024-05-13,83,193961.87,0,0,Lighting,3121.06,2336.89
SKU009,2024-05-20,83,193961.87,0,0,Lighting,3121.06,2336.89
SKU009,2024-05-27,74,172929.86,2,0,Lighting,3121.06,2336.89
SKU009,2024-06-03,94,219667.65999999997,2,0,Lighting,3121.06,2336.89
SKU009,2024-06-10,93,217330.77,2,0,Lighting,3121.06,2336.89
SKU009,2024-06-17,64,149560.96,2,0,Lighting,3121.06,2336.89
SKU009,2024-06-24,84,196298.76,2,0,Lighting,3121.06,2336.89
SKU009,2024-07-01,78,182277.41999999998,0,0,Lighting,3121.06,2336.89
SKU009,2024-07-08,63,147224.06999999998,0,0,Lighting,3121.06,2336.89
SKU009,2024-07-15,85,198635.65,0,0,Lighting,3121.06,2336.89
SKU009,2024-07-22,82,191624.97999999998,0,0,Lighting,3121.06,2336.89
SKU009,2024-07-29,85,198635.65,0,0,Lighting,3121.06,2336.89
SKU009,2024-08-05,66,154234.74,0,0,Lighting,3121.06,2336.89
SKU009,2024-08-12,70,163582.3,0,1,Lighting,3121.06,2336.89
SKU009,2024-08-19,59,137876.50999999998,0,0,Lighting,3121.06,2336.89
SKU009,2024-08-26,58,135539.62,1,0,Lighting,3121.06,2336.89
SKU009,2024-09-02,58,135539.62,2,0,Lighting,3121.06,2336.89
SKU009,2024-09-09,56,130865.84,2,0,Lighting,3121.06,2336.89
SKU009,2024-09-16,58,135539.62,2,0,Lighting,3121.06,2336.89
SKU009,2024-09-23,67,156571.63,2,0,Lighting,3121.06,2336.89
SKU009,2024-09-30,42,98149.37999999999,0,0,Lighting,3121.06,2336.89
SKU009,2024-10-07,65,151897.85,0,0,Lighting,3121.06,2336.89
SKU009,2024-10-14,58,135539.62,0,0,Lighting,3121.06,2336.89
SKU009,2024-10-21,52,121518.28,0,0,Lighting,3121.06,2336.89
SKU009,2024-10-28,66,154234.74,2,1,Lighting,3121.06,2336.89
SKU009,2024-11-04,71,165919.19,2,0,Lighting,3121.06,2336.89
SKU009,2024-11-11,67,156571.63,2,0,Lighting,3121.06,2336.89
SKU009,2024-11-18,60,140213.4,2,0,Lighting,3121.06,2336.89
SKU009,2024-11-25,52,121518.28,1,0,Lighting,3121.06,2336.89
SKU009,2024-12-02,55,128528.95,0,0,Lighting,3121.06,2336.89
SKU009,2024-12-09,71,165919.19,0,0,Lighting,3121.06,2336.89
SKU009,2024-12-16,76,177603.63999999998,0,0,Lighting,3121.06,2336.89
SKU009,2024-12-23,68,158908.52,0,1,Lighting,3121.06,2336.89
SKU009,2024-12-30,66,154234.74,0,0,Lighting,3121.06,2336.89
SKU009,2025-01-06,55,128528.95,0,0,Lighting,3121.06,2336.89
SKU009,2025-01-13,70,163582.3,0,0,Lighting,3121.06,2336.89
SKU009,2025-01-20,71,165919.19,0,1,Lighting,3121.06,2336.89
SKU009,2025-01-27,69,161245.40999999997,0,0,Lighting,3121.06,2336.89
SKU009,2025-02-03,86,200972.53999999998,0,0,Lighting,3121.06,2336.89
SKU009,2025-02-10,74,172929.86,0,0,Lighting,3121.06,2336.89
SKU009,2025-02-17,75,175266.75,0,0,Lighting,3121.06,2336.89
SKU009,2025-02-24,91,212656.99,2,0,Lighting,3121.06,2336.89
SKU009,2025-03-03,99,231352.11,2,0,Lighting,3121.06,2336.89
SKU009,2025-03-10,92,214993.88,2,0,Lighting,3121.06,2336.89
SKU009,2025-03-17,102,238362.77999999997,2,0,Lighting,3121.06,2336.89
SKU009,2025-03-24,82,191624.97999999998,2,0,Lighting,3121.06,2336.89
SKU009,2025-03-31,76,177603.63999999998,0,0,Lighting,3121.06,2336.89
SKU009,2025-04-07,79,184614.31,0,0,Lighting,3121.06,2336.89
SKU009,2025-04-14,69,161245.41,0,0,Lighting,3121.06,2336.89
SKU009,2025-04-21,100,233689.0,0,0,Lighting,3121.06,2336.89
SKU009,2025-04-28,76,177603.63999999998,0,0,Lighting,3121.06,2336.89
SKU009,2025-05-05,92,214993.88,0,0,Lighting,3121.06,2336.89
SKU009,2025-05-12,104,243036.56,0,0,Lighting,3121.06,2336.89
SKU009,2025-05-19,88,205646.31999999998,0,0,Lighting,3121.06,2336.89
SKU009,2025-05-26,74,172929.86,1,0,Lighting,3121.06,2336.89
SKU009,2025-06-02,88,205646.32,2,0,Lighting,3121.06,2336.89
SKU009,2025-06-09,86,200972.53999999998,2,0,Lighting,3121.06,2336.89
SKU009,2025-06-16,81,189288.09,2,0,Lighting,3121.06,2336.89
SKU009,2025-06-23,92,214993.88,2,0,Lighting,3121.06,2336.89
SKU009,2025-06-30,83,193961.87,0,0,Lighting,3121.06,2336.89
SKU009,2025-07-07,69,161245.41,0,0,Lighting,3121.06,2336.89
SKU009,2025-07-14,73,170592.97,0,0,Lighting,3121.06,2336.89
SKU009,2025-07-21,67,156571.63,0,0,Lighting,3121.06,2336.89
SKU009,2025-07-28,69,161245.40999999997,0,0,Lighting,3121.06,2336.89
SKU009,2025-08-04,66,154234.74,0,0,Lighting,3121.06,2336.89
SKU009,2025-08-11,61,142550.28999999998,0,1,Lighting,3121.06,2336.89
SKU009,2025-08-18,69,161245.40999999997,0,0,Lighting,3121.06,2336.89
SKU009,2025-08-25,62,144887.18,0,0,Lighting,3121.06,2336.89
SKU009,2025-09-01,71,165919.19,2,0,Lighting,3121.06,2336.89
SKU009,2025-09-08,87,203309.43,2,0,Lighting,3121.06,2336.89
SKU009,2025-09-15,70,163582.3,2,0,Lighting,3121.06,2336.89
SKU009,2025-09-22,69,161245.40999999997,2,0,Lighting,3121.06,2336.89
SKU009,2025-09-29,58,135539.62,0,0,Lighting,3121.06,2336.89
SKU009,2025-10-06,51,119181.39,0,0,Lighting,3121.06,2336.89
SKU009,2025-10-13,63,147224.07,0,0,Lighting,3121.06,2336.89
SKU009,2025-10-20,52,121518.28,0,1,Lighting,3121.06,2336.89
SKU009,2025-10-27,78,182277.41999999998,2,0,Lighting,3121.06,2336.89
SKU009,2025-11-03,55,128528.95,2,0,Lighting,3121.06,2336.89
SKU009,2025-11-10,62,144887.18,2,0,Lighting,3121.06,2336.89
SKU009,2025-11-17,63,147224.06999999998,2,0,Lighting,3121.06,2336.89
SKU009,2025-11-24,66,154234.74,2,0,Lighting,3121.06,2336.89
SKU009,2025-12-01,77,179940.52999999997,0,0,Lighting,3121.06,2336.89
SKU009,2025-12-08,82,191624.97999999998,0,0,Lighting,3121.06,2336.89
SKU009,2025-12-15,69,161245.41,0,0,Lighting,3121.06,2336.89
SKU009,2025-12-22,77,179940.53,0,1,Lighting,3121.06,2336.89
SKU010,2024-01-01,111,73644.06,0,0,Storage,3889.06,663.46
SKU010,2024-01-08,108,71653.68000000001,0,0,Storage,3889.06,663.46
SKU010,2024-01-15,115,76297.9,0,0,Storage,3889.06,663.46
SKU010,2024-01-22,115,76297.90000000001,0,1,Storage,3889.06,663.46
SKU010,2024-01-29,129,85586.34000000001,0,0,Storage,3889.06,663.46
SKU010,2024-02-05,136,90230.56,0,0,Storage,3889.06,663.46
SKU010,2024-02-12,133,88240.18000000001,0,0,Storage,3889.06,663.46
SKU010,2024-02-19,146,96865.16,0,0,Storage,3889.06,663.46
SKU010,2024-02-26,145,96201.70000000001,2,0,Storage,3889.06,663.46
SKU010,2024-03-04,154,102172.84,2,0,Storage,3889.06,663.46
SKU010,2024-03-11,138,91557.48000000001,2,0,Storage,3889.06,663.46
SKU010,2024-03-18,141,93547.86,2,0,Storage,3889.06,663.46
SKU010,2024-03-25,162,107480.52,2,0,Storage,3889.06,663.46
SKU010,2024-04-01,124,82269.04000000001,0,0,Storage,3889.06,663.46
SKU010,2024-04-08,141,93547.86,0,0,Storage,3889.06,663.46
SKU010,2024-04-15,121,80278.66,0,0,Storage,3889.06,663.46
SKU010,2024-04-22,121,80278.66,0,0,Storage,3889.06,663.46
SKU010,2024-04-29,144,95538.24,0,0,Storage,3889.06,663.46
SKU010,2024-05-06,117,77624.82,0,0,Storage,3889.06,663.46
SKU010,2024-05-13,145,96201.7,0,0,Storage,3889.06,663.46
SKU010,2024-05-20,141,93547.86,0,0,Storage,3889.06,663.46
SKU010,2024-05-27,158,104826.68000000001,2,0,Storage,3889.06,663.46
SKU010,2024-06-03,151,100182.46,2,0,Storage,3889.06,663.46
SKU010,2024-06-10,141,93547.86000000002,2,0,Storage,3889.06,663.46
SKU010,2024-06-17,153,101509.38,2,0,Storage,3889.06,663.46
SKU010,2024-06-24,129,85586.34,2,0,Storage,3889.06,663.46
SKU010,2024-07-01,103,68336.38,0,0,Storage,3889.06,663.46
SKU010,2024-07-08,113,74970.98000000001,0,0,Storage,3889.06,663.46
SKU010,2024-07-15,111,73644.06,0,0,Storage,3889.06,663.46
SKU010,2024-07-22,119,78951.74,0,0,Storage,3889.06,663.46
SKU010,2024-07-29,110,72980.6,0,0,Storage,3889.06,663.46
SKU010,2024-08-05,103,68336.38,0,0,Storage,3889.06,663.46
SKU010,2024-08-12,103,68336.38,0,1,Storage,3889.06,663.46
SKU010,2024-08-19,99,65682.54000000001,0,0,Storage,3889.06,663.46
SKU010,2024-08-26,96,63692.16,1,0,Storage,3889.06,663.46
SKU010,2024-09-02,92,61038.32000000001,2,0,Storage,3889.06,663.46
SKU010,2024-09-09,116,76961.36,2,0,Storage,3889.06,663.46
SKU010,2024-09-16,115,76297.9,2,0,Storage,3889.06,663.46
SKU010,2024-09-23,128,84922.88,2,0,Storage,3889.06,663.46
SKU010,2024-09-30,122,80942.12000000001,0,0,Storage,3889.06,663.46
SKU010,2024-10-07,79,52413.340000000004,0,0,Storage,3889.06,663.46
SKU010,2024-10-14,74,49096.04,0,0,Storage,3889.06,663.46
SKU010,2024-10-21,92,61038.32,0,0,Storage,3889.06,663.46
SKU010,2024-10-28,109,72317.14,2,1,Storage,3889.06,663.46
SKU010,2024-11-04,100,66346.0,2,0,Storage,3889.06,663.46
SKU010,2024-11-11,113,74970.98000000001,2,0,Storage,3889.06,663.46
SKU010,2024-11-18,121,80278.66,2,0,Storage,3889.06,663.46
SKU010,2024-11-25,93,61701.780000000006,1,0,Storage,3889.06,663.46
SKU010,2024-12-02,99,65682.54000000001,0,0,Storage,3889.06,663.46
SKU010,2024-12-09,106,70326.76000000001,0,0,Storage,3889.06,663.46
SKU010,2024-12-16,109,72317.14,0,0,Storage,3889.06,663.46
SKU010,2024-12-23,109,72317.14,0,1,Storage,3889.06,663.46
SKU010,2024-12-30,116,76961.36,0,0,Storage,3889.06,663.46
SKU010,2025-01-06,118,78288.28,0,0,Storage,3889.06,663.46
SKU010,2025-01-13,113,74970.98000000001,0,0,Storage,3889.06,663.46
SKU010,2025-01-20,118,78288.28,0,1,Storage,3889.06,663.46
SKU010,2025-01-27,97,64355.62,0,0,Storage,3889.06,663.46
SKU010,2025-02-03,124,82269.04000000001,0,0,Storage,3889.06,663.46
SKU010,2025-02-10,128,84922.88,0,0,Storage,3889.06,663.46
SKU010,2025-02-17,128,84922.88,0,0,Storage,3889.06,663.46
SKU010,2025-02-24,155,102836.3,2,0,Storage,3889.06,663.46
SKU010,2025-03-03,160,106153.6,2,0,Storage,3889.06,663.46
SKU010,2025-03-10,139,92220.94,2,0,Storage,3889.06,663.46
SKU010,2025-03-17,139,92220.94,2,0,Storage,3889.06,663.46
SKU010,2025-03-24,156,103499.76000000001,2,0,Storage,3889.06,663.46
SKU010,2025-03-31,149,98855.54000000001,0,0,Storage,3889.06,663.46
SKU010,2025-04-07,133,88240.18000000001,0,0,Storage,3889.06,663.46
SKU010,2025-04-14,137,90894.02,0,0,Storage,3889.06,663.46
SKU010,2025-04-21,144,95538.24,0,0,Storage,3889.06,663.46
SKU010,2025-04-28,134,88903.64000000001,0,0,Storage,3889.06,663.46
SKU010,2025-05-05,130,86249.8,0,0,Storage,3889.06,663.46
SKU010,2025-05-12,131,86913.26000000001,0,0,Storage,3889.06,663.46
SKU010,2025-05-19,141,93547.86,0,0,Storage,3889.06,663.46
SKU010,2025-05-26,145,96201.70000000001,1,0,Storage,3889.06,663.46
SKU010,2025-06-02,136,90230.56,2,0,Storage,3889.06,663.46
SKU010,2025-06-09,141,93547.86,2,0,Storage,3889.06,663.46
SKU010,2025-06-16,139,92220.94,2,0,Storage,3889.06,663.46
SKU010,2025-06-23,123,81605.58,2,0,Storage,3889.06,663.46
SKU010,2025-06-30,111,73644.06,0,0,Storage,3889.06,663.46
SKU010,2025-07-07,120,79615.20000000001,0,0,Storage,3889.06,663.46
SKU010,2025-07-14,124,82269.04000000001,0,0,Storage,3889.06,663.46
SKU010,2025-07-21,105,69663.3,0,0,Storage,3889.06,663.46
SKU010,2025-07-28,91,60374.86000000001,0,0,Storage,3889.06,663.46
SKU010,2025-08-04,95,63028.700000000004,0,0,Storage,3889.06,663.46
SKU010,2025-08-11,113,74970.98000000001,0,1,Storage,3889.06,663.46
SKU010,2025-08-18,100,66346.0,0,0,Storage,3889.06,663.46
SKU010,2025-08-25,114,75634.44,0,0,Storage,3889.06,663.46
SKU010,2025-09-01,104,68999.84,2,0,Storage,3889.06,663.46
SKU010,2025-09-08,92,61038.32,2,0,Storage,3889.06,663.46
SKU010,2025-09-15,114,75634.44,2,0,Storage,3889.06,663.46
SKU010,2025-09-22,100,66346.0,2,0,Storage,3889.06,663.46
SKU010,2025-09-29,79,52413.340000000004,0,0,Storage,3889.06,663.46
SKU010,2025-10-06,83,55067.18,0,0,Storage,3889.06,663.46
SKU010,2025-10-13,96,63692.16,0,0,Storage,3889.06,663.46
SKU010,2025-10-20,86,57057.560000000005,0,1,Storage,3889.06,663.46
SKU010,2025-10-27,120,79615.20000000001,2,0,Storage,3889.06,663.46
SKU010,2025-11-03,91,60374.86,2,0,Storage,3889.06,663.46
SKU010,2025-11-10,105,69663.3,2,0,Storage,3889.06,663.46
SKU010,2025-11-17,102,67672.92000000001,2,0,Storage,3889.06,663.46
SKU010,2025-11-24,104,68999.84,2,0,Storage,3889.06,663.46
SKU010,2025-12-01,126,83595.96,0,0,Storage,3889.06,663.46
SKU010,2025-12-08,108,71653.68000000001,0,0,Storage,3889.06,663.46
SKU010,2025-12-15,102,67672.92000000001,0,0,Storage,3889.06,663.46
SKU010,2025-12-22,102,67672.92,0,1,Storage,3889.06,663.46
SKU011,2024-01-01,14,20223.84,0,0,Furniture,1718.4,1444.56
SKU011,2024-01-08,20,28891.199999999997,0,0,Furniture,1718.4,1444.56
SKU011,2024-01-15,14,20223.84,0,0,Furniture,1718.4,1444.56
SKU011,2024-01-22,15,21668.4,0,1,Furniture,1718.4,1444.56
SKU011,2024-01-29,21,30335.760000000002,0,0,Furniture,1718.4,1444.56
SKU011,2024-02-05,14,20223.84,0,0,Furniture,1718.4,1444.56
SKU011,2024-02-12,20,28891.199999999997,0,0,Furniture,1718.4,1444.56
SKU011,2024-02-19,28,40447.68,0,0,Furniture,1718.4,1444.56
SKU011,2024-02-26,23,33224.880000000005,2,0,Furniture,1718.4,1444.56
SKU011,2024-03-04,21,30335.76,2,0,Furniture,1718.4,1444.56
SKU011,2024-03-11,24,34669.44,2,0,Furniture,1718.4,1444.56
SKU011,2024-03-18,25,36114.0,2,0,Furniture,1718.4,1444.56
SKU011,2024-03-25,16,23112.96,2,0,Furniture,1718.4,1444.56
SKU011,2024-04-01,20,28891.2,0,0,Furniture,1718.4,1444.56
SKU011,2024-04-08,22,31780.32,0,0,Furniture,1718.4,1444.56
SKU011,2024-04-15,19,27446.64,0,0,Furniture,1718.4,1444.56
SKU011,2024-04-22,31,44781.36,0,0,Furniture,1718.4,1444.56
SKU011,2024-04-29,20,28891.199999999997,0,0,Furniture,1718.4,1444.56
SKU011,2024-05-06,30,43336.799999999996,0,0,Furniture,1718.4,1444.56
SKU011,2024-05-13,28,40447.68,0,0,Furniture,1718.4,1444.56
SKU011,2024-05-20,17,24557.52,0,0,Furniture,1718.4,1444.56
SKU011,2024-05-27,26,37558.56,2,0,Furniture,1718.4,1444.56
SKU011,2024-06-03,24,34669.44,2,0,Furniture,1718.4,1444.56
SKU011,2024-06-10,19,27446.64,2,0,Furniture,1718.4,1444.56
SKU011,2024-06-17,16,23112.96,2,0,Furniture,1718.4,1444.56
SKU011,2024-06-24,19,27446.64,2,0,Furniture,1718.4,1444.56
SKU011,2024-07-01,19,27446.64,0,0,Furniture,1718.4,1444.56
SKU011,2024-07-08,27,39003.119999999995,0,0,Furniture,1718.4,1444.56
SKU011,2024-07-15,12,17334.72,0,0,Furniture,1718.4,1444.56
SKU011,2024-07-22,14,20223.84,0,0,Furniture,1718.4,1444.56
SKU011,2024-07-29,12,17334.72,0,0,Furniture,1718.4,1444.56
SKU011,2024-08-05,16,23112.96,0,0,Furniture,1718.4,1444.56
SKU011,2024-08-12,17,24557.52,0,1,Furniture,1718.4,1444.56
SKU011,2024-08-19,9,13001.039999999999,0,0,Furniture,1718.4,1444.56
SKU011,2024-08-26,17,24557.52,1,0,Furniture,1718.4,1444.56
SKU011,2024-09-02,18,26002.08,2,0,Furniture,1718.4,1444.56
SKU011,2024-09-09,22,31780.32,2,0,Furniture,1718.4,1444.56
SKU011,2024-09-16,15,21668.4,2,0,Furniture,1718.4,1444.56
SKU011,2024-09-23,18,26002.08,2,0,Furniture,1718.4,1444.56
SKU011,2024-09-30,11,15890.16,0,0,Furniture,1718.4,1444.56
SKU011,2024-10-07,16,23112.96,0,0,Furniture,1718.4,1444.56
SKU011,2024-10-14,13,18779.28,0,0,Furniture,1718.4,1444.56
SKU011,2024-10-21,9,13001.04,0,0,Furniture,1718.4,1444.56
SKU011,2024-10-28,15,21668.4,2,1,Furniture,1718.4,1444.56
SKU011,2024-11-04,11,15890.16,2,0,Furniture,1718.4,1444.56
SKU011,2024-11-11,16,23112.96,2,0,Furniture,1718.4,1444.56
SKU011,2024-11-18,25,36114.0,2,0,Furniture,1718.4,1444.56
SKU011,2024-11-25,22,31780.32,1,0,Furniture,1718.4,1444.56
SKU011,2024-12-02,25,36114.0,0,0,Furniture,1718.4,1444.56
SKU011,2024-12-09,15,21668.4,0,0,Furniture,1718.4,1444.56
SKU011,2024-12-16,20,28891.199999999997,0,0,Furniture,1718.4,1444.56
SKU011,2024-12-23,17,24557.52,0,1,Furniture,1718.4,1444.56
SKU011,2024-12-30,17,24557.52,0,0,Furniture,1718.4,1444.56
SKU011,2025-01-06,21,30335.76,0,0,Furniture,1718.4,1444.56
SKU011,2025-01-13,19,27446.64,0,0,Furniture,1718.4,1444.56
SKU011,2025-01-20,24,34669.44,0,1,Furniture,1718.4,1444.56
SKU011,2025-01-27,13,18779.28,0,0,Furniture,1718.4,1444.56
SKU011,2025-02-03,16,23112.96,0,0,Furniture,1718.4,1444.56
SKU011,2025-02-10,16,23112.96,0,0,Furniture,1718.4,1444.56
SKU011,2025-02-17,23,33224.88,0,0,Furniture,1718.4,1444.56
SKU011,2025-02-24,18,26002.079999999998,2,0,Furniture,1718.4,1444.56
SKU011,2025-03-03,15,21668.4,2,0,Furniture,1718.4,1444.56
SKU011,2025-03-10,22,31780.32,2,0,Furniture,1718.4,1444.56
SKU011,2025-03-17,19,27446.64,2,0,Furniture,1718.4,1444.56
SKU011,2025-03-24,18,26002.079999999998,2,0,Furniture,1718.4,1444.56
SKU011,2025-03-31,20,28891.199999999997,0,0,Furniture,1718.4,1444.56
SKU011,2025-04-07,26,37558.56,0,0,Furniture,1718.4,1444.56
SKU011,2025-04-14,22,31780.32,0,0,Furniture,1718.4,1444.56
SKU011,2025-04-21,24,34669.44,0,0,Furniture,1718.4,1444.56
SKU011,2025-04-28,17,24557.52,0,0,Furniture,1718.4,1444.56
SKU011,2025-05-05,17,24557.519999999997,0,0,Furniture,1718.4,1444.56
SKU011,2025-05-12,14,20223.84,0,0,Furniture,1718.4,1444.56
SKU011,2025-05-19,16,23112.96,0,0,Furniture,1718.4,1444.56
SKU011,2025-05-26,29,41892.240000000005,1,0,Furniture,1718.4,1444.56
SKU011,2025-06-02,20,28891.199999999997,2,0,Furniture,1718.4,1444.56
SKU011,2025-06-09,26,37558.56,2,0,Furniture,1718.4,1444.56
SKU011,2025-06-16,18,26002.079999999998,2,0,Furniture,1718.4,1444.56
SKU011,2025-06-23,22,31780.32,2,0,Furniture,1718.4,1444.56
SKU011,2025-06-30,25,36114.0,0,0,Furniture,1718.4,1444.56
SKU011,2025-07-07,14,20223.84,0,0,Furniture,1718.4,1444.56
SKU011,2025-07-14,21,30335.76,0,0,Furniture,1718.4,1444.56
SKU011,2025-07-21,11,15890.16,0,0,Furniture,1718.4,1444.56
SKU011,2025-07-28,18,26002.08,0,0,Furniture,1718.4,1444.56
SKU011,2025-08-04,22,31780.32,0,0,Furniture,1718.4,1444.56
SKU011,2025-08-11,14,20223.84,0,1,Furniture,1718.4,1444.56
SKU011,2025-08-18,24,34669.44,0,0,Furniture,1718.4,1444.56
SKU011,2025-08-25,11,15890.16,0,0,Furniture,1718.4,1444.56
SKU011,2025-09-01,16,23112.96,2,0,Furniture,1718.4,1444.56
SKU011,2025-09-08,16,23112.96,2,0,Furniture,1718.4,1444.56
SKU011,2025-09-15,16,23112.96,2,0,Furniture,1718.4,1444.56
SKU011,2025-09-22,11,15890.16,2,0,Furniture,1718.4,1444.56
SKU011,2025-09-29,28,40447.68,0,0,Furniture,1718.4,1444.56
SKU011,2025-10-06,16,23112.96,0,0,Furniture,1718.4,1444.56
SKU011,2025-10-13,11,15890.16,0,0,Furniture,1718.4,1444.56
SKU011,2025-10-20,18,26002.079999999998,0,1,Furniture,1718.4,1444.56
SKU011,2025-10-27,19,27446.64,2,0,Furniture,1718.4,1444.56
SKU011,2025-11-03,19,27446.64,2,0,Furniture,1718.4,1444.56
SKU011,2025-11-10,25,36114.0,2,0,Furniture,1718.4,1444.56
SKU011,2025-11-17,9,13001.039999999999,2,0,Furniture,1718.4,1444.56
SKU011,2025-11-24,15,21668.4,2,0,Furniture,1718.4,1444.56
SKU011,2025-12-01,17,24557.52,0,0,Furniture,1718.4,1444.56
SKU011,2025-12-08,23,33224.88,0,0,Furniture,1718.4,1444.56
SKU011,2025-12-15,18,26002.079999999998,0,0,Furniture,1718.4,1444.56
SKU011,2025-12-22,22,31780.32,0,1,Furniture,1718.4,1444.56
SKU012,2024-01-01,181,1589065.9700000002,0,0,Home Decor,1256.89,8779.37
SKU012,2024-01-08,176,1545169.12,0,0,Home Decor,1256.89,8779.37
SKU012,2024-01-15,178,1562727.86,0,0,Home Decor,1256.89,8779.37
SKU012,2024-01-22,185,1624183.4500000002,0,1,Home Decor,1256.89,8779.37
SKU012,2024-01-29,186,1632962.82,0,0,Home Decor,1256.89,8779.37
SKU012,2024-02-05,206,1808550.2200000002,0,0,Home Decor,1256.89,8779.37
SKU012,2024-02-12,192,1685639.04,0,0,Home Decor,1256.89,8779.37
SKU012,2024-02-19,190,1668080.3,0,0,Home Decor,1256.89,8779.37
SKU012,2024-02-26,229,2010475.7300000002,2,0,Home Decor,1256.89,8779.37
SKU012,2024-03-04,205,1799770.85,2,0,Home Decor,1256.89,8779.37
SKU012,2024-03-11,206,1808550.2200000002,2,0,Home Decor,1256.89,8779.37
SKU012,2024-03-18,210,1843667.7000000002,2,0,Home Decor,1256.89,8779.37
SKU012,2024-03-25,231,2028034.4700000002,2,0,Home Decor,1256.89,8779.37
SKU012,2024-04-01,223,1957799.5100000002,0,0,Home Decor,1256.89,8779.37
SKU012,2024-04-08,211,1852447.07,0,0,Home Decor,1256.89,8779.37
SKU012,2024-04-15,216,1896343.9200000002,0,0,Home Decor,1256.89,8779.37
SKU012,2024-04-22,217,1905123.29,0,0,Home Decor,1256.89,8779.37
SKU012,2024-04-29,209,1834888.33,0,0,Home Decor,1256.89,8779.37
SKU012,2024-05-06,210,1843667.7000000002,0,0,Home Decor,1256.89,8779.37
SKU012,2024-05-13,188,1650521.56,0,0,Home Decor,1256.89,8779.37
SKU012,2024-05-20,183,1606624.7100000002,0,0,Home Decor,1256.89,8779.37
SKU012,2024-05-27,204,1790991.4800000002,2,0,Home Decor,1256.89,8779.37
SKU012,2024-06-03,205,1799770.85,2,0,Home Decor,1256.89,8779.37
SKU012,2024-06-10,230,2019255.1,2,0,Home Decor,1256.89,8779.37
SKU012,2024-06-17,213,1870005.8100000003,2,0,Home Decor,1256.89,8779.37
SKU012,2024-06-24,202,1773432.7400000002,2,0,Home Decor,1256.89,8779.37
SKU012,2024-07-01,173,1518831.0100000002,0,0,Home Decor,1256.89,8779.37
SKU012,2024-07-08,174,1527610.3800000001,0,0,Home Decor,1256.89,8779.37
SKU012,2024-07-15,190,1668080.3,0,0,Home Decor,1256.89,8779.37
SKU012,2024-07-22,198,1738315.2600000002,0,0,Home Decor,1256.89,8779.37
SKU012,2024-07-29,163,1431037.31,0,0,Home Decor,1256.89,8779.37
SKU012,2024-08-05,163,1431037.31,0,0,Home Decor,1256.89,8779.37
SKU012,2024-08-12,154,1352022.98,0,1,Home Decor,1256.89,8779.37
SKU012,2024-08-19,169,1483713.5300000003,0,0,Home Decor,1256.89,8779.37
SKU012,2024-08-26,176,1545169.12,1,0,Home Decor,1256.89,8779.37
SKU012,2024-09-02,151,1325684.87,2,0,Home Decor,1256.89,8779.37
SKU012,2024-09-09,167,1466154.79,2,0,Home Decor,1256.89,8779.37
SKU012,2024-09-16,163,1431037.31,2,0,Home Decor,1256.89,8779.37
SKU012,2024-09-23,174,1527610.3800000001,2,0,Home Decor,1256.89,8779.37
SKU012,2024-09-30,144,1264229.2800000003,0,0,Home Decor,1256.89,8779.37
SKU012,2024-10-07,144,1264229.28,0,0,Home Decor,1256.89,8779.37
SKU012,2024-10-14,144,1264229.28,0,0,Home Decor,1256.89,8779.37
SKU012,2024-10-21,140,1229111.8,0,0,Home Decor,1256.89,8779.37
SKU012,2024-10-28,183,1606624.7100000002,2,1,Home Decor,1256.89,8779.37
SKU012,2024-11-04,156,1369581.7200000002,2,0,Home Decor,1256.89,8779.37
SKU012,2024-11-11,179,1571507.2300000002,2,0,Home Decor,1256.89,8779.37
SKU012,2024-11-18,177,1553948.4900000002,2,0,Home Decor,1256.89,8779.37
SKU012,2024-11-25,170,1492492.9000000001,1,0,Home Decor,1256.89,8779.37
SKU012,2024-12-02,147,1290567.3900000001,0,0,Home Decor,1256.89,8779.37
SKU012,2024-12-09,184,1615404.08,0,0,Home Decor,1256.89,8779.37
SKU012,2024-12-16,161,1413478.57,0,0,Home Decor,1256.89,8779.37
SKU012,2024-12-23,161,1413478.57,0,1,Home Decor,1256.89,8779.37
SKU012,2024-12-30,161,1413478.57,0,0,Home Decor,1256.89,8779.37
SKU012,2025-01-06,180,1580286.6,0,0,Home Decor,1256.89,8779.37
SKU012,2025-01-13,194,1703197.78,0,0,Home Decor,1256.89,8779.37
SKU012,2025-01-20,191,1676859.6700000002,0,1,Home Decor,1256.89,8779.37
SKU012,2025-01-27,172,1510051.6400000001,0,0,Home Decor,1256.89,8779.37
SKU012,2025-02-03,195,1711977.1500000001,0,0,Home Decor,1256.89,8779.37
SKU012,2025-02-10,203,1782212.11,0,0,Home Decor,1256.89,8779.37
SKU012,2025-02-17,214,1878785.1800000002,0,0,Home Decor,1256.89,8779.37
SKU012,2025-02-24,208,1826108.9600000002,2,0,Home Decor,1256.89,8779.37
SKU012,2025-03-03,224,1966578.8800000001,2,0,Home Decor,1256.89,8779.37
SKU012,2025-03-10,217,1905123.29,2,0,Home Decor,1256.89,8779.37
SKU012,2025-03-17,217,1905123.2900000003,2,0,Home Decor,1256.89,8779.37
SKU012,2025-03-24,253,2221180.6100000003,2,0,Home Decor,1256.89,8779.37
SKU012,2025-03-31,218,1913902.6600000001,0,0,Home Decor,1256.89,8779.37
SKU012,2025-04-07,195,1711977.1500000001,0,0,Home Decor,1256.89,8779.37
SKU012,2025-04-14,198,1738315.2600000002,0,0,Home Decor,1256.89,8779.37
SKU012,2025-04-21,210,1843667.7000000002,0,0,Home Decor,1256.89,8779.37
SKU012,2025-04-28,202,1773432.7400000002,0,0,Home Decor,1256.89,8779.37
SKU012,2025-05-05,196,1720756.52,0,0,Home Decor,1256.89,8779.37
SKU012,2025-05-12,206,1808550.2200000002,0,0,Home Decor,1256.89,8779.37
SKU012,2025-05-19,202,1773432.74,0,0,Home Decor,1256.89,8779.37
SKU012,2025-05-26,200,1755874.0,1,0,Home Decor,1256.89,8779.37
SKU012,2025-06-02,205,1799770.85,2,0,Home Decor,1256.89,8779.37
SKU012,2025-06-09,204,1790991.48,2,0,Home Decor,1256.89,8779.37
SKU012,2025-06-16,190,1668080.3,2,0,Home Decor,1256.89,8779.37
SKU012,2025-06-23,173,1518831.01,2,0,Home Decor,1256.89,8779.37
SKU012,2025-06-30,171,1501272.27,0,0,Home Decor,1256.89,8779.37
SKU012,2025-07-07,189,1659300.9300000002,0,0,Home Decor,1256.89,8779.37
SKU012,2025-07-14,179,1571507.2300000002,0,0,Home Decor,1256.89,8779.37
SKU012,2025-07-21,155,1360802.35,0,0,Home Decor,1256.89,8779.37
SKU012,2025-07-28,160,1404699.2000000002,0,0,Home Decor,1256.89,8779.37
SKU012,2025-08-04,163,1431037.31,0,0,Home Decor,1256.89,8779.37
SKU012,2025-08-11,177,1553948.4900000002,0,1,Home Decor,1256.89,8779.37
SKU012,2025-08-18,178,1562727.86,0,0,Home Decor,1256.89,8779.37
SKU012,2025-08-25,171,1501272.27,0,0,Home Decor,1256.89,8779.37
SKU012,2025-09-01,180,1580286.6,2,0,Home Decor,1256.89,8779.37
SKU012,2025-09-08,160,1404699.2000000002,2,0,Home Decor,1256.89,8779.37
SKU012,2025-09-15,171,1501272.27,2,0,Home Decor,1256.89,8779.37
SKU012,2025-09-22,150,1316905.5,2,0,Home Decor,1256.89,8779.37
SKU012,2025-09-29,136,1193994.32,0,0,Home Decor,1256.89,8779.37
SKU012,2025-10-06,140,1229111.8,0,0,Home Decor,1256.89,8779.37
SKU012,2025-10-13,128,1123759.36,0,0,Home Decor,1256.89,8779.37
SKU012,2025-10-20,141,1237891.1700000002,0,1,Home Decor,1256.89,8779.37
SKU012,2025-10-27,151,1325684.87,2,0,Home Decor,1256.89,8779.37
SKU012,2025-11-03,155,1360802.35,2,0,Home Decor,1256.89,8779.37
SKU012,2025-11-10,163,1431037.31,2,0,Home Decor,1256.89,8779.37
SKU012,2025-11-17,155,1360802.35,2,0,Home Decor,1256.89,8779.37
SKU012,2025-11-24,161,1413478.57,2,0,Home Decor,1256.89,8779.37
SKU012,2025-12-01,167,1466154.79,0,0,Home Decor,1256.89,8779.37
SKU012,2025-12-08,155,1360802.35,0,0,Home Decor,1256.89,8779.37
SKU012,2025-12-15,171,1501272.27,0,0,Home Decor,1256.89,8779.37
SKU012,2025-12-22,150,1316905.5,0,1,Home Decor,1256.89,8779.37
SKU013,2024-01-01,101,581535.78,0,0,Kitchen,3936.71,5757.78
SKU013,2024-01-08,99,570020.22,0,0,Kitchen,3936.71,5757.78
SKU013,2024-01-15,105,604566.8999999999,0,0,Kitchen,3936.71,5757.78
SKU013,2024-01-22,97,558504.66,0,1,Kitchen,3936.71,5757.78
SKU013,2024-01-29,98,564262.44,0,0,Kitchen,3936.71,5757.78
SKU013,2024-02-05,117,673660.26,0,0,Kitchen,3936.71,5757.78
SKU013,2024-02-12,111,639113.58,0,0,Kitchen,3936.71,5757.78
SKU013,2024-02-19,94,541231.32,0,0,Kitchen,3936.71,5757.78
SKU013,2024-02-26,130,748511.3999999999,2,0,Kitchen,3936.71,5757.78
SKU013,2024-03-04,120,690933.6,2,0,Kitchen,3936.71,5757.78
SKU013,2024-03-11,137,788815.86,2,0,Kitchen,3936.71,5757.78
SKU013,2024-03-18,138,794573.64,2,0,Kitchen,3936.71,5757.78
SKU013,2024-03-25,108,621840.24,2,0,Kitchen,3936.71,5757.78
SKU013,2024-04-01,114,656386.9199999999,0,0,Kitchen,3936.71,5757.78
SKU013,2024-04-08,110,633355.8,0,0,Kitchen,3936.71,5757.78
SKU013,2024-04-15,128,736995.84,0,0,Kitchen,3936.71,5757.78
SKU013,2024-04-22,102,587293.5599999999,0,0,Kitchen,3936.71,5757.78
SKU013,2024-04-29,108,621840.24,0,0,Kitchen,3936.71,5757.78
SKU013,2024-05-06,120,690933.6,0,0,Kitchen,3936.71,5757.78
SKU013,2024-05-13,103,593051.34,0,0,Kitchen,3936.71,5757.78
SKU013,2024-05-20,113,650629.14,0,0,Kitchen,3936.71,5757.78
SKU013,2024-05-27,134,771542.52,2,0,Kitchen,3936.71,5757.78
SKU013,2024-06-03,112,644871.36,2,0,Kitchen,3936.71,5757.78
SKU013,2024-06-10,92,529715.76,2,0,Kitchen,3936.71,5757.78
SKU013,2024-06-17,107,616082.46,2,0,Kitchen,3936.71,5757.78
SKU013,2024-06-24,107,616082.46,2,0,Kitchen,3936.71,5757.78
SKU013,2024-07-01,94,541231.32,0,0,Kitchen,3936.71,5757.78
SKU013,2024-07-08,95,546989.1,0,0,Kitchen,3936.71,5757.78
SKU013,2024-07-15,86,495169.07999999996,0,0,Kitchen,3936.71,5757.78
SKU013,2024-07-22,107,616082.46,0,0,Kitchen,3936.71,5757.78
SKU013,2024-07-29,104,598809.12,0,0,Kitchen,3936.71,5757.78
SKU013,2024-08-05,85,489411.3,0,0,Kitchen,3936.71,5757.78
SKU013,2024-08-12,71,408802.38,0,1,Kitchen,3936.71,5757.78
SKU013,2024-08-19,91,523957.98,0,0,Kitchen,3936.71,5757.78
SKU013,2024-08-26,86,495169.07999999996,1,0,Kitchen,3936.71,5757.78
SKU013,2024-09-02,98,564262.44,2,0,Kitchen,3936.71,5757.78
SKU013,2024-09-09,101,581535.78,2,0,Kitchen,3936.71,5757.78
SKU013,2024-09-16,84,483653.51999999996,2,0,Kitchen,3936.71,5757.78
SKU013,2024-09-23,99,570020.22,2,0,Kitchen,3936.71,5757.78
SKU013,2024-09-30,68,391529.04,0,0,Kitchen,3936.71,5757.78
SKU013,2024-10-07,75,431833.5,0,0,Kitchen,3936.71,5757.78
SKU013,2024-10-14,80,460622.4,0,0,Kitchen,3936.71,5757.78
SKU013,2024-10-21,64,368497.92,0,0,Kitchen,3936.71,5757.78
SKU013,2024-10-28,93,535473.54,2,1,Kitchen,3936.71,5757.78
SKU013,2024-11-04,72,414560.16,2,0,Kitchen,3936.71,5757.78
SKU013,2024-11-11,96,552746.88,2,0,Kitchen,3936.71,5757.78
SKU013,2024-11-18,101,581535.78,2,0,Kitchen,3936.71,5757.78
SKU013,2024-11-25,81,466380.17999999993,1,0,Kitchen,3936.71,5757.78
SKU013,2024-12-02,95,546989.1,0,0,Kitchen,3936.71,5757.78
SKU013,2024-12-09,94,541231.32,0,0,Kitchen,3936.71,5757.78
SKU013,2024-12-16,84,483653.51999999996,0,0,Kitchen,3936.71,5757.78
SKU013,2024-12-23,83,477895.74,0,1,Kitchen,3936.71,5757.78
SKU013,2024-12-30,82,472137.95999999996,0,0,Kitchen,3936.71,5757.78
SKU013,2025-01-06,93,535473.5399999999,0,0,Kitchen,3936.71,5757.78
SKU013,2025-01-13,98,564262.44,0,0,Kitchen,3936.71,5757.78
SKU013,2025-01-20,87,500926.86,0,1,Kitchen,3936.71,5757.78
SKU013,2025-01-27,91,523957.98,0,0,Kitchen,3936.71,5757.78
SKU013,2025-02-03,97,558504.6599999999,0,0,Kitchen,3936.71,5757.78
SKU013,2025-02-10,97,558504.6599999999,0,0,Kitchen,3936.71,5757.78
SKU013,2025-02-17,100,575778.0,0,0,Kitchen,3936.71,5757.78
SKU013,2025-02-24,105,604566.8999999999,2,0,Kitchen,3936.71,5757.78
SKU013,2025-03-03,110,633355.8,2,0,Kitchen,3936.71,5757.78
SKU013,2025-03-10,110,633355.7999999999,2,0,Kitchen,3936.71,5757.78
SKU013,2025-03-17,115,662144.7,2,0,Kitchen,3936.71,5757.78
SKU013,2025-03-24,127,731238.0599999999,2,0,Kitchen,3936.71,5757.78
SKU013,2025-03-31,111,639113.58,0,0,Kitchen,3936.71,5757.78
SKU013,2025-04-07,105,604566.9,0,0,Kitchen,3936.71,5757.78
SKU013,2025-04-14,114,656386.9199999999,0,0,Kitchen,3936.71,5757.78
SKU013,2025-04-21,110,633355.7999999999,0,0,Kitchen,3936.71,5757.78
SKU013,2025-04-28,109,627598.02,0,0,Kitchen,3936.71,5757.78
SKU013,2025-05-05,139,800331.4199999999,0,0,Kitchen,3936.71,5757.78
SKU013,2025-05-12,106,610324.6799999999,0,0,Kitchen,3936.71,5757.78
SKU013,2025-05-19,90,518200.19999999995,0,0,Kitchen,3936.71,5757.78
SKU013,2025-05-26,117,673660.26,1,0,Kitchen,3936.71,5757.78
SKU013,2025-06-02,99,570020.22,2,0,Kitchen,3936.71,5757.78
SKU013,2025-06-09,115,662144.7,2,0,Kitchen,3936.71,5757.78
SKU013,2025-06-16,118,679418.04,2,0,Kitchen,3936.71,5757.78
SKU013,2025-06-23,128,736995.84,2,0,Kitchen,3936.71,5757.78
SKU013,2025-06-30,101,581535.78,0,0,Kitchen,3936.71,5757.78
SKU013,2025-07-07,109,627598.02,0,0,Kitchen,3936.71,5757.78
SKU013,2025-07-14,87,500926.86,0,0,Kitchen,3936.71,5757.78
SKU013,2025-07-21,87,500926.86,0,0,Kitchen,3936.71,5757.78
SKU013,2025-07-28,85,489411.3,0,0,Kitchen,3936.71,5757.78
SKU013,2025-08-04,82,472137.95999999996,0,0,Kitchen,3936.71,5757.78
SKU013,2025-08-11,106,610324.6799999999,0,1,Kitchen,3936.71,5757.78
SKU013,2025-08-18,96,552746.88,0,0,Kitchen,3936.71,5757.78
SKU013,2025-08-25,84,483653.52,0,0,Kitchen,3936.71,5757.78
SKU013,2025-09-01,99,570020.22,2,0,Kitchen,3936.71,5757.78
SKU013,2025-09-08,105,604566.8999999999,2,0,Kitchen,3936.71,5757.78
SKU013,2025-09-15,82,472137.95999999996,2,0,Kitchen,3936.71,5757.78
SKU013,2025-09-22,82,472137.95999999996,2,0,Kitchen,3936.71,5757.78
SKU013,2025-09-29,96,552746.88,0,0,Kitchen,3936.71,5757.78
SKU013,2025-10-06,87,500926.86,0,0,Kitchen,3936.71,5757.78
SKU013,2025-10-13,61,351224.57999999996,0,0,Kitchen,3936.71,5757.78
SKU013,2025-10-20,69,397286.82,0,1,Kitchen,3936.71,5757.78
SKU013,2025-10-27,79,454864.62,2,0,Kitchen,3936.71,5757.78
SKU013,2025-11-03,84,483653.51999999996,2,0,Kitchen,3936.71,5757.78
SKU013,2025-11-10,89,512442.42,2,0,Kitchen,3936.71,5757.78
SKU013,2025-11-17,80,460622.39999999997,2,0,Kitchen,3936.71,5757.78
SKU013,2025-11-24,95,546989.1,2,0,Kitchen,3936.71,5757.78
SKU013,2025-12-01,78,449106.83999999997,0,0,Kitchen,3936.71,5757.78
SKU013,2025-12-08,107,616082.46,0,0,Kitchen,3936.71,5757.78
SKU013,2025-12-15,96,552746.88,0,0,Kitchen,3936.71,5757.78
SKU013,2025-12-22,71,408802.38,0,1,Kitchen,3936.71,5757.78
SKU014,2024-01-01,155,351966.25,0,0,Lighting,2008.55,2270.75
SKU014,2024-01-08,152,345154.0,0,0,Lighting,2008.55,2270.75
SKU014,2024-01-15,145,329258.75,0,0,Lighting,2008.55,2270.75
SKU014,2024-01-22,132,299739.0,0,1,Lighting,2008.55,2270.75
SKU014,2024-01-29,138,313363.5,0,0,Lighting,2008.55,2270.75
SKU014,2024-02-05,165,374673.75,0,0,Lighting,2008.55,2270.75
SKU014,2024-02-12,169,383756.75,0,0,Lighting,2008.55,2270.75
SKU014,2024-02-19,147,333800.25,0,0,Lighting,2008.55,2270.75
SKU014,2024-02-26,188,426901.0,2,0,Lighting,2008.55,2270.75
SKU014,2024-03-04,185,420088.75,2,0,Lighting,2008.55,2270.75
SKU014,2024-03-11,194,440525.5,2,0,Lighting,2008.55,2270.75
SKU014,2024-03-18,193,438254.75,2,0,Lighting,2008.55,2270.75
SKU014,2024-03-25,193,438254.75,2,0,Lighting,2008.55,2270.75
SKU014,2024-04-01,174,395110.5,0,0,Lighting,2008.55,2270.75
SKU014,2024-04-08,186,422359.5,0,0,Lighting,2008.55,2270.75
SKU014,2024-04-15,198,449608.5,0,0,Lighting,2008.55,2270.75
SKU014,2024-04-22,151,342883.25,0,0,Lighting,2008.55,2270.75
SKU014,2024-04-29,170,386027.5,0,0,Lighting,2008.55,2270.75
SKU014,2024-05-06,163,370132.25,0,0,Lighting,2008.55,2270.75
SKU014,2024-05-13,146,331529.5,0,0,Lighting,2008.55,2270.75
SKU014,2024-05-20,168,381486.0,0,0,Lighting,2008.55,2270.75
SKU014,2024-05-27,199,451879.25,2,0,Lighting,2008.55,2270.75
SKU014,2024-06-03,174,395110.5,2,0,Lighting,2008.55,2270.75
SKU014,2024-06-10,175,397381.25,2,0,Lighting,2008.55,2270.75
SKU014,2024-06-17,176,399652.0,2,0,Lighting,2008.55,2270.75
SKU014,2024-06-24,184,417818.0,2,0,Lighting,2008.55,2270.75
SKU014,2024-07-01,137,311092.75,0,0,Lighting,2008.55,2270.75
SKU014,2024-07-08,158,358778.5,0,0,Lighting,2008.55,2270.75
SKU014,2024-07-15,151,342883.25,0,0,Lighting,2008.55,2270.75
SKU014,2024-07-22,154,349695.5,0,0,Lighting,2008.55,2270.75
SKU014,2024-07-29,132,299739.0,0,0,Lighting,2008.55,2270.75
SKU014,2024-08-05,144,326988.0,0,0,Lighting,2008.55,2270.75
SKU014,2024-08-12,123,279302.25,0,1,Lighting,2008.55,2270.75
SKU014,2024-08-19,129,292926.75,0,0,Lighting,2008.55,2270.75
SKU014,2024-08-26,135,306551.25,1,0,Lighting,2008.55,2270.75
SKU014,2024-09-02,146,331529.5,2,0,Lighting,2008.55,2270.75
SKU014,2024-09-09,145,329258.75,2,0,Lighting,2008.55,2270.75
SKU014,2024-09-16,137,311092.75,2,0,Lighting,2008.55,2270.75
SKU014,2024-09-23,151,342883.25,2,0,Lighting,2008.55,2270.75
SKU014,2024-09-30,97,220262.75,0,0,Lighting,2008.55,2270.75
SKU014,2024-10-07,126,286114.5,0,0,Lighting,2008.55,2270.75
SKU014,2024-10-14,123,279302.25,0,0,Lighting,2008.55,2270.75
SKU014,2024-10-21,128,290656.0,0,0,Lighting,2008.55,2270.75
SKU014,2024-10-28,132,299739.0,2,1,Lighting,2008.55,2270.75
SKU014,2024-11-04,130,295197.5,2,0,Lighting,2008.55,2270.75
SKU014,2024-11-11,124,281573.0,2,0,Lighting,2008.55,2270.75
SKU014,2024-11-18,152,345154.0,2,0,Lighting,2008.55,2270.75
SKU014,2024-11-25,142,322446.5,1,0,Lighting,2008.55,2270.75
SKU014,2024-12-02,128,290656.0,0,0,Lighting,2008.55,2270.75
SKU014,2024-12-09,135,306551.25,0,0,Lighting,2008.55,2270.75
SKU014,2024-12-16,141,320175.75,0,0,Lighting,2008.55,2270.75
SKU014,2024-12-23,135,306551.25,0,1,Lighting,2008.55,2270.75
SKU014,2024-12-30,131,297468.25,0,0,Lighting,2008.55,2270.75
SKU014,2025-01-06,131,297468.25,0,0,Lighting,2008.55,2270.75
SKU014,2025-01-13,144,326988.0,0,0,Lighting,2008.55,2270.75
SKU014,2025-01-20,181,411005.75,0,1,Lighting,2008.55,2270.75
SKU014,2025-01-27,126,286114.5,0,0,Lighting,2008.55,2270.75
SKU014,2025-02-03,167,379215.25,0,0,Lighting,2008.55,2270.75
SKU014,2025-02-10,188,426901.0,0,0,Lighting,2008.55,2270.75
SKU014,2025-02-17,155,351966.25,0,0,Lighting,2008.55,2270.75
SKU014,2025-02-24,180,408735.0,2,0,Lighting,2008.55,2270.75
SKU014,2025-03-03,182,413276.5,2,0,Lighting,2008.55,2270.75
SKU014,2025-03-10,207,470045.25,2,0,Lighting,2008.55,2270.75
SKU014,2025-03-17,187,424630.25,2,0,Lighting,2008.55,2270.75
SKU014,2025-03-24,173,392839.75,2,0,Lighting,2008.55,2270.75
SKU014,2025-03-31,163,370132.25,0,0,Lighting,2008.55,2270.75
SKU014,2025-04-07,182,413276.5,0,0,Lighting,2008.55,2270.75
SKU014,2025-04-14,176,399652.0,0,0,Lighting,2008.55,2270.75
SKU014,2025-04-21,177,401922.75,0,0,Lighting,2008.55,2270.75
SKU014,2025-04-28,156,354237.0,0,0,Lighting,2008.55,2270.75
SKU014,2025-05-05,156,354237.0,0,0,Lighting,2008.55,2270.75
SKU014,2025-05-12,151,342883.25,0,0,Lighting,2008.55,2270.75
SKU014,2025-05-19,164,372403.0,0,0,Lighting,2008.55,2270.75
SKU014,2025-05-26,164,372403.0,1,0,Lighting,2008.55,2270.75
SKU014,2025-06-02,202,458691.5,2,0,Lighting,2008.55,2270.75
SKU014,2025-06-09,163,370132.25,2,0,Lighting,2008.55,2270.75
SKU014,2025-06-16,159,361049.25,2,0,Lighting,2008.55,2270.75
SKU014,2025-06-23,191,433713.25,2,0,Lighting,2008.55,2270.75
SKU014,2025-06-30,134,304280.5,0,0,Lighting,2008.55,2270.75
SKU014,2025-07-07,126,286114.5,0,0,Lighting,2008.55,2270.75
SKU014,2025-07-14,139,315634.25,0,0,Lighting,2008.55,2270.75
SKU014,2025-07-21,148,336071.0,0,0,Lighting,2008.55,2270.75
SKU014,2025-07-28,141,320175.75,0,0,Lighting,2008.55,2270.75
SKU014,2025-08-04,121,274760.75,0,0,Lighting,2008.55,2270.75
SKU014,2025-08-11,123,279302.25,0,1,Lighting,2008.55,2270.75
SKU014,2025-08-18,131,297468.25,0,0,Lighting,2008.55,2270.75
SKU014,2025-08-25,157,356507.75,0,0,Lighting,2008.55,2270.75
SKU014,2025-09-01,127,288385.25,2,0,Lighting,2008.55,2270.75
SKU014,2025-09-08,151,342883.25,2,0,Lighting,2008.55,2270.75
SKU014,2025-09-15,140,317905.0,2,0,Lighting,2008.55,2270.75
SKU014,2025-09-22,132,299739.0,2,0,Lighting,2008.55,2270.75
SKU014,2025-09-29,123,279302.25,0,0,Lighting,2008.55,2270.75
SKU014,2025-10-06,122,277031.5,0,0,Lighting,2008.55,2270.75
SKU014,2025-10-13,120,272490.0,0,0,Lighting,2008.55,2270.75
SKU014,2025-10-20,133,302009.75,0,1,Lighting,2008.55,2270.75
SKU014,2025-10-27,127,288385.25,2,0,Lighting,2008.55,2270.75
SKU014,2025-11-03,117,265677.75,2,0,Lighting,2008.55,2270.75
SKU014,2025-11-10,130,295197.5,2,0,Lighting,2008.55,2270.75
SKU014,2025-11-17,130,295197.5,2,0,Lighting,2008.55,2270.75
SKU014,2025-11-24,151,342883.25,2,0,Lighting,2008.55,2270.75
SKU014,2025-12-01,124,281573.0,0,0,Lighting,2008.55,2270.75
SKU014,2025-12-08,137,311092.75,0,0,Lighting,2008.55,2270.75
SKU014,2025-12-15,116,263407.0,0,0,Lighting,2008.55,2270.75
SKU014,2025-12-22,122,277031.5,0,1,Lighting,2008.55,2270.75
SKU015,2024-01-01,35,217424.2,0,0,Storage,5441.06,6212.12
SKU015,2024-01-08,27,167727.24,0,0,Storage,5441.06,6212.12
SKU015,2024-01-15,30,186363.6,0,0,Storage,5441.06,6212.12
SKU015,2024-01-22,27,167727.24,0,1,Storage,5441.06,6212.12
SKU015,2024-01-29,35,217424.2,0,0,Storage,5441.06,6212.12
SKU015,2024-02-05,46,285757.52,0,0,Storage,5441.06,6212.12
SKU015,2024-02-12,29,180151.48,0,0,Storage,5441.06,6212.12
SKU015,2024-02-19,35,217424.19999999998,0,0,Storage,5441.06,6212.12
SKU015,2024-02-26,26,161515.12,2,0,Storage,5441.06,6212.12
SKU015,2024-03-04,43,267121.16000000003,2,0,Storage,5441.06,6212.12
SKU015,2024-03-11,42,260909.04,2,0,Storage,5441.06,6212.12
SKU015,2024-03-18,41,254696.91999999998,2,0,Storage,5441.06,6212.12
SKU015,2024-03-25,34,211212.08000000002,2,0,Storage,5441.06,6212.12
SKU015,2024-04-01,29,180151.48,0,0,Storage,5441.06,6212.12
SKU015,2024-04-08,37,229848.44,0,0,Storage,5441.06,6212.12
SKU015,2024-04-15,26,161515.12,0,0,Storage,5441.06,6212.12
SKU015,2024-04-22,35,217424.2,0,0,Storage,5441.06,6212.12
SKU015,2024-04-29,30,186363.6,0,0,Storage,5441.06,6212.12
SKU015,2024-05-06,26,161515.12,0,0,Storage,5441.06,6212.12
SKU015,2024-05-13,31,192575.71999999997,0,0,Storage,5441.06,6212.12
SKU015,2024-05-20,36,223636.32,0,0,Storage,5441.06,6212.12
SKU015,2024-05-27,32,198787.84,2,0,Storage,5441.06,6212.12
SKU015,2024-06-03,41,254696.91999999998,2,0,Storage,5441.06,6212.12
SKU015,2024-06-10,36,223636.32,2,0,Storage,5441.06,6212.12
SKU015,2024-06-17,29,180151.48,2,0,Storage,5441.06,6212.12
SKU015,2024-06-24,29,180151.47999999998,2,0,Storage,5441.06,6212.12
SKU015,2024-07-01,27,167727.24,0,0,Storage,5441.06,6212.12
SKU015,2024-07-08,30,186363.59999999998,0,0,Storage,5441.06,6212.12
SKU015,2024-07-15,31,192575.72,0,0,Storage,5441.06,6212.12
SKU015,2024-07-22,26,161515.12,0,0,Storage,5441.06,6212.12
SKU015,2024-07-29,24,149090.88,0,0,Storage,5441.06,6212.12
SKU015,2024-08-05,22,136666.64,0,0,Storage,5441.06,6212.12
SKU015,2024-08-12,24,149090.88,0,1,Storage,5441.06,6212.12
SKU015,2024-08-19,25,155303.0,0,0,Storage,5441.06,6212.12
SKU015,2024-08-26,28,173939.36,1,0,Storage,5441.06,6212.12
SKU015,2024-09-02,25,155303.0,2,0,Storage,5441.06,6212.12
SKU015,2024-09-09,26,161515.12,2,0,Storage,5441.06,6212.12
SKU015,2024-09-16,21,130454.51999999999,2,0,Storage,5441.06,6212.12
SKU015,2024-09-23,20,124242.4,2,0,Storage,5441.06,6212.12
SKU015,2024-09-30,34,211212.08,0,0,Storage,5441.06,6212.12
SKU015,2024-10-07,29,180151.48,0,0,Storage,5441.06,6212.12
SKU015,2024-10-14,22,136666.64,0,0,Storage,5441.06,6212.12
SKU015,2024-10-21,24,149090.88,0,0,Storage,5441.06,6212.12
SKU015,2024-10-28,25,155303.0,2,1,Storage,5441.06,6212.12
SKU015,2024-11-04,25,155303.0,2,0,Storage,5441.06,6212.12
SKU015,2024-11-11,19,118030.28,2,0,Storage,5441.06,6212.12
SKU015,2024-11-18,34,211212.08000000002,2,0,Storage,5441.06,6212.12
SKU015,2024-11-25,22,136666.64,1,0,Storage,5441.06,6212.12
SKU015,2024-12-02,29,180151.47999999998,0,0,Storage,5441.06,6212.12
SKU015,2024-12-09,21,130454.52,0,0,Storage,5441.06,6212.12
SKU015,2024-12-16,26,161515.12,0,0,Storage,5441.06,6212.12
SKU015,2024-12-23,32,198787.84,0,1,Storage,5441.06,6212.12
SKU015,2024-12-30,31,192575.72,0,0,Storage,5441.06,6212.12
SKU015,2025-01-06,25,155303.0,0,0,Storage,5441.06,6212.12
SKU015,2025-01-13,27,167727.24,0,0,Storage,5441.06,6212.12
SKU015,2025-01-20,32,198787.84,0,1,Storage,5441.06,6212.12
SKU015,2025-01-27,29,180151.47999999998,0,0,Storage,5441.06,6212.12
SKU015,2025-02-03,31,192575.72,0,0,Storage,5441.06,6212.12
SKU015,2025-02-10,37,229848.44,0,0,Storage,5441.06,6212.12
SKU015,2025-02-17,30,186363.6,0,0,Storage,5441.06,6212.12
SKU015,2025-02-24,36,223636.32,2,0,Storage,5441.06,6212.12
SKU015,2025-03-03,37,229848.44,2,0,Storage,5441.06,6212.12
SKU015,2025-03-10,38,236060.56,2,0,Storage,5441.06,6212.12
SKU015,2025-03-17,22,136666.63999999998,2,0,Storage,5441.06,6212.12
SKU015,2025-03-24,30,186363.6,2,0,Storage,5441.06,6212.12
SKU015,2025-03-31,40,248484.8,0,0,Storage,5441.06,6212.12
SKU015,2025-04-07,38,236060.56,0,0,Storage,5441.06,6212.12
SKU015,2025-04-14,36,223636.32,0,0,Storage,5441.06,6212.12
SKU015,2025-04-21,33,204999.96,0,0,Storage,5441.06,6212.12
SKU015,2025-04-28,31,192575.72,0,0,Storage,5441.06,6212.12
SKU015,2025-05-05,40,248484.8,0,0,Storage,5441.06,6212.12
SKU015,2025-05-12,33,204999.96,0,0,Storage,5441.06,6212.12
SKU015,2025-05-19,27,167727.24,0,0,Storage,5441.06,6212.12
SKU015,2025-05-26,36,223636.31999999998,1,0,Storage,5441.06,6212.12
SKU015,2025-06-02,30,186363.6,2,0,Storage,5441.06,6212.12
SKU015,2025-06-09,23,142878.76,2,0,Storage,5441.06,6212.12
SKU015,2025-06-16,32,198787.84,2,0,Storage,5441.06,6212.12
SKU015,2025-06-23,25,155303.0,2,0,Storage,5441.06,6212.12
SKU015,2025-06-30,22,136666.63999999998,0,0,Storage,5441.06,6212.12
SKU015,2025-07-07,23,142878.76,0,0,Storage,5441.06,6212.12
SKU015,2025-07-14,29,180151.48,0,0,Storage,5441.06,6212.12
SKU015,2025-07-21,27,167727.24,0,0,Storage,5441.06,6212.12
SKU015,2025-07-28,25,155303.0,0,0,Storage,5441.06,6212.12
SKU015,2025-08-04,23,142878.76,0,0,Storage,5441.06,6212.12
SKU015,2025-08-11,27,167727.24,0,1,Storage,5441.06,6212.12
SKU015,2025-08-18,26,161515.12,0,0,Storage,5441.06,6212.12
SKU015,2025-08-25,28,173939.36000000002,0,0,Storage,5441.06,6212.12
SKU015,2025-09-01,28,173939.36000000002,2,0,Storage,5441.06,6212.12
SKU015,2025-09-08,24,149090.88,2,0,Storage,5441.06,6212.12
SKU015,2025-09-15,23,142878.76,2,0,Storage,5441.06,6212.12
SKU015,2025-09-22,28,173939.36,2,0,Storage,5441.06,6212.12
SKU015,2025-09-29,19,118030.28,0,0,Storage,5441.06,6212.12
SKU015,2025-10-06,16,99393.92,0,0,Storage,5441.06,6212.12
SKU015,2025-10-13,21,130454.51999999999,0,0,Storage,5441.06,6212.12
SKU015,2025-10-20,21,130454.52,0,1,Storage,5441.06,6212.12
SKU015,2025-10-27,17,105606.04,2,0,Storage,5441.06,6212.12
SKU015,2025-11-03,13,80757.56,2,0,Storage,5441.06,6212.12
SKU015,2025-11-10,24,149090.88,2,0,Storage,5441.06,6212.12
SKU015,2025-11-17,24,149090.88,2,0,Storage,5441.06,6212.12
SKU015,2025-11-24,31,192575.72,2,0,Storage,5441.06,6212.12
SKU015,2025-12-01,22,136666.64,0,0,Storage,5441.06,6212.12
SKU015,2025-12-08,31,192575.71999999997,0,0,Storage,5441.06,6212.12
SKU015,2025-12-15,21,130454.51999999999,0,0,Storage,5441.06,6212.12
SKU015,2025-12-22,27,167727.24,0,1,Storage,5441.06,6212.12
SKU016,2024-01-01,81,175512.42,0,0,Furniture,3637.93,2166.82
SKU016,2024-01-08,104,225349.28000000003,0,0,Furniture,3637.93,2166.82
SKU016,2024-01-15,88,190680.16000000003,0,0,Furniture,3637.93,2166.82
SKU016,2024-01-22,103,223182.46000000002,0,1,Furniture,3637.93,2166.82
SKU016,2024-01-29,96,208014.72000000003,0,0,Furniture,3637.93,2166.82
SKU016,2024-02-05,96,208014.72000000003,0,0,Furniture,3637.93,2166.82
SKU016,2024-02-12,101,218848.82000000004,0,0,Furniture,3637.93,2166.82
SKU016,2024-02-19,97,210181.54,0,0,Furniture,3637.93,2166.82
SKU016,2024-02-26,115,249184.30000000002,2,0,Furniture,3637.93,2166.82
SKU016,2024-03-04,110,238350.2,2,0,Furniture,3637.93,2166.82
SKU016,2024-03-11,133,288187.06,2,0,Furniture,3637.93,2166.82
SKU016,2024-03-18,122,264352.04000000004,2,0,Furniture,3637.93,2166.82
SKU016,2024-03-25,98,212348.36000000002,2,0,Furniture,3637.93,2166.82
SKU016,2024-04-01,109,236183.38,0,0,Furniture,3637.93,2166.82
SKU016,2024-04-08,98,212348.36000000002,0,0,Furniture,3637.93,2166.82
SKU016,2024-04-15,125,270852.5,0,0,Furniture,3637.93,2166.82
SKU016,2024-04-22,116,251351.12000000002,0,0,Furniture,3637.93,2166.82
SKU016,2024-04-29,93,201514.26,0,0,Furniture,3637.93,2166.82
SKU016,2024-05-06,95,205847.90000000002,0,0,Furniture,3637.93,2166.82
SKU016,2024-05-13,129,279519.78,0,0,Furniture,3637.93,2166.82
SKU016,2024-05-20,122,264352.04000000004,0,0,Furniture,3637.93,2166.82
SKU016,2024-05-27,108,234016.56000000003,2,0,Furniture,3637.93,2166.82
SKU016,2024-06-03,110,238350.2,2,0,Furniture,3637.93,2166.82
SKU016,2024-06-10,107,231849.74000000002,2,0,Furniture,3637.93,2166.82
SKU016,2024-06-17,106,229682.92,2,0,Furniture,3637.93,2166.82
SKU016,2024-06-24,108,234016.56,2,0,Furniture,3637.93,2166.82
SKU016,2024-07-01,93,201514.26,0,0,Furniture,3637.93,2166.82
SKU016,2024-07-08,99,214515.18000000002,0,0,Furniture,3637.93,2166.82
SKU016,2024-07-15,78,169011.96000000002,0,0,Furniture,3637.93,2166.82
SKU016,2024-07-22,92,199347.44,0,0,Furniture,3637.93,2166.82
SKU016,2024-07-29,90,195013.80000000002,0,0,Furniture,3637.93,2166.82
SKU016,2024-08-05,82,177679.24000000002,0,0,Furniture,3637.93,2166.82
SKU016,2024-08-12,96,208014.72000000003,0,1,Furniture,3637.93,2166.82
SKU016,2024-08-19,78,169011.96000000002,0,0,Furniture,3637.93,2166.82
SKU016,2024-08-26,98,212348.36000000002,1,0,Furniture,3637.93,2166.82
SKU016,2024-09-02,94,203681.08000000002,2,0,Furniture,3637.93,2166.82
SKU016,2024-09-09,77,166845.14,2,0,Furniture,3637.93,2166.82
SKU016,2024-09-16,90,195013.80000000002,2,0,Furniture,3637.93,2166.82
SKU016,2024-09-23,89,192846.98,2,0,Furniture,3637.93,2166.82
SKU016,2024-09-30,71,153844.22000000003,0,0,Furniture,3637.93,2166.82
SKU016,2024-10-07,85,184179.7,0,0,Furniture,3637.93,2166.82
SKU016,2024-10-14,84,182012.88,0,0,Furniture,3637.93,2166.82
SKU016,2024-10-21,82,177679.24000000002,0,0,Furniture,3637.93,2166.82
SKU016,2024-10-28,98,212348.36000000002,2,1,Furniture,3637.93,2166.82
SKU016,2024-11-04,84,182012.88,2,0,Furniture,3637.93,2166.82
SKU016,2024-11-11,104,225349.28000000003,2,0,Furniture,3637.93,2166.82
SKU016,2024-11-18,94,203681.08000000002,2,0,Furniture,3637.93,2166.82
SKU016,2024-11-25,97,210181.54,1,0,Furniture,3637.93,2166.82
SKU016,2024-12-02,83,179846.06,0,0,Furniture,3637.93,2166.82
SKU016,2024-12-09,71,153844.22000000003,0,0,Furniture,3637.93,2166.82
SKU016,2024-12-16,82,177679.24000000002,0,0,Furniture,3637.93,2166.82
SKU016,2024-12-23,75,162511.5,0,1,Furniture,3637.93,2166.82
SKU016,2024-12-30,92,199347.44,0,0,Furniture,3637.93,2166.82
SKU016,2025-01-06,97,210181.54,0,0,Furniture,3637.93,2166.82
SKU016,2025-01-13,76,164678.32,0,0,Furniture,3637.93,2166.82
SKU016,2025-01-20,100,216682.0,0,1,Furniture,3637.93,2166.82
SKU016,2025-01-27,95,205847.90000000002,0,0,Furniture,3637.93,2166.82
SKU016,2025-02-03,112,242683.84000000003,0,0,Furniture,3637.93,2166.82
SKU016,2025-02-10,93,201514.26,0,0,Furniture,3637.93,2166.82
SKU016,2025-02-17,97,210181.54,0,0,Furniture,3637.93,2166.82
SKU016,2025-02-24,135,292520.70000000007,2,0,Furniture,3637.93,2166.82
SKU016,2025-03-03,103,223182.46000000002,2,0,Furniture,3637.93,2166.82
SKU016,2025-03-10,115,249184.30000000002,2,0,Furniture,3637.93,2166.82
SKU016,2025-03-17,113,244850.66000000003,2,0,Furniture,3637.93,2166.82
SKU016,2025-03-24,146,316355.72000000003,2,0,Furniture,3637.93,2166.82
SKU016,2025-03-31,116,251351.12000000002,0,0,Furniture,3637.93,2166.82
SKU016,2025-04-07,124,268685.68,0,0,Furniture,3637.93,2166.82
SKU016,2025-04-14,98,212348.36000000002,0,0,Furniture,3637.93,2166.82
SKU016,2025-04-21,102,221015.64,0,0,Furniture,3637.93,2166.82
SKU016,2025-04-28,111,240517.02000000002,0,0,Furniture,3637.93,2166.82
SKU016,2025-05-05,114,247017.48,0,0,Furniture,3637.93,2166.82
SKU016,2025-05-12,126,273019.32,0,0,Furniture,3637.93,2166.82
SKU016,2025-05-19,107,231849.74000000002,0,0,Furniture,3637.93,2166.82
SKU016,2025-05-26,116,251351.12000000002,1,0,Furniture,3637.93,2166.82
SKU016,2025-06-02,111,240517.02000000002,2,0,Furniture,3637.93,2166.82
SKU016,2025-06-09,112,242683.84000000003,2,0,Furniture,3637.93,2166.82
SKU016,2025-06-16,112,242683.84000000003,2,0,Furniture,3637.93,2166.82
SKU016,2025-06-23,116,251351.12000000002,2,0,Furniture,3637.93,2166.82
SKU016,2025-06-30,101,218848.82,0,0,Furniture,3637.93,2166.82
SKU016,2025-07-07,103,223182.46000000002,0,0,Furniture,3637.93,2166.82
SKU016,2025-07-14,104,225349.28000000003,0,0,Furniture,3637.93,2166.82
SKU016,2025-07-21,97,210181.54,0,0,Furniture,3637.93,2166.82
SKU016,2025-07-28,85,184179.7,0,0,Furniture,3637.93,2166.82
SKU016,2025-08-04,93,201514.26,0,0,Furniture,3637.93,2166.82
SKU016,2025-08-11,85,184179.7,0,1,Furniture,3637.93,2166.82
SKU016,2025-08-18,90,195013.80000000002,0,0,Furniture,3637.93,2166.82
SKU016,2025-08-25,85,184179.7,0,0,Furniture,3637.93,2166.82
SKU016,2025-09-01,66,143010.12,2,0,Furniture,3637.93,2166.82
SKU016,2025-09-08,78,169011.96000000002,2,0,Furniture,3637.93,2166.82
SKU016,2025-09-15,76,164678.32,2,0,Furniture,3637.93,2166.82
SKU016,2025-09-22,78,169011.96000000002,2,0,Furniture,3637.93,2166.82
SKU016,2025-09-29,72,156011.04,0,0,Furniture,3637.93,2166.82
SKU016,2025-10-06,84,182012.88,0,0,Furniture,3637.93,2166.82
SKU016,2025-10-13,86,186346.52000000002,0,0,Furniture,3637.93,2166.82
SKU016,2025-10-20,73,158177.86000000002,0,1,Furniture,3637.93,2166.82
SKU016,2025-10-27,109,236183.38,2,0,Furniture,3637.93,2166.82
SKU016,2025-11-03,92,199347.44,2,0,Furniture,3637.93,2166.82
SKU016,2025-11-10,95,205847.90000000002,2,0,Furniture,3637.93,2166.82
SKU016,2025-11-17,75,162511.5,2,0,Furniture,3637.93,2166.82
SKU016,2025-11-24,71,153844.22,2,0,Furniture,3637.93,2166.82
SKU016,2025-12-01,77,166845.14,0,0,Furniture,3637.93,2166.82
SKU016,2025-12-08,78,169011.96000000002,0,0,Furniture,3637.93,2166.82
SKU016,2025-12-15,74,160344.68,0,0,Furniture,3637.93,2166.82
SKU016,2025-12-22,104,225349.28000000003,0,1,Furniture,3637.93,2166.82
SKU017,2024-01-01,84,712094.88,0,0,Home Decor,6703.26,8477.32
SKU017,2024-01-08,84,712094.88,0,0,Home Decor,6703.26,8477.32
SKU017,2024-01-15,88,746004.1599999999,0,0,Home Decor,6703.26,8477.32
SKU017,2024-01-22,94,796868.08,0,1,Home Decor,6703.26,8477.32
SKU017,2024-01-29,89,754481.48,0,0,Home Decor,6703.26,8477.32
SKU017,2024-02-05,96,813822.72,0,0,Home Decor,6703.26,8477.32
SKU017,2024-02-12,99,839254.6799999999,0,0,Home Decor,6703.26,8477.32
SKU017,2024-02-19,80,678185.6,0,0,Home Decor,6703.26,8477.32
SKU017,2024-02-26,121,1025755.72,2,0,Home Decor,6703.26,8477.32
SKU017,2024-03-04,130,1102051.5999999999,2,0,Home Decor,6703.26,8477.32
SKU017,2024-03-11,115,974891.7999999999,2,0,Home Decor,6703.26,8477.32
SKU017,2024-03-18,109,924027.88,2,0,Home Decor,6703.26,8477.32
SKU017,2024-03-25,114,966414.48,2,0,Home Decor,6703.26,8477.32
SKU017,2024-04-01,125,1059665.0,0,0,Home Decor,6703.26,8477.32
SKU017,2024-04-08,130,1102051.6,0,0,Home Decor,6703.26,8477.32
SKU017,2024-04-15,108,915550.5599999999,0,0,Home Decor,6703.26,8477.32
SKU017,2024-04-22,126,1068142.32,0,0,Home Decor,6703.26,8477.32
SKU017,2024-04-29,129,1093574.28,0,0,Home Decor,6703.26,8477.32
SKU017,2024-05-06,109,924027.88,0,0,Home Decor,6703.26,8477.32
SKU017,2024-05-13,109,924027.88,0,0,Home Decor,6703.26,8477.32
SKU017,2024-05-20,122,1034233.04,0,0,Home Decor,6703.26,8477.32
SKU017,2024-05-27,118,1000323.76,2,0,Home Decor,6703.26,8477.32
SKU017,2024-06-03,121,1025755.72,2,0,Home Decor,6703.26,8477.32
SKU017,2024-06-10,110,932505.2,2,0,Home Decor,6703.26,8477.32
SKU017,2024-06-17,102,864686.64,2,0,Home Decor,6703.26,8477.32
SKU017,2024-06-24,125,1059665.0,2,0,Home Decor,6703.26,8477.32
SKU017,2024-07-01,112,949459.84,0,0,Home Decor,6703.26,8477.32
SKU017,2024-07-08,109,924027.88,0,0,Home Decor,6703.26,8477.32
SKU017,2024-07-15,106,898595.9199999999,0,0,Home Decor,6703.26,8477.32
SKU017,2024-07-22,104,881641.28,0,0,Home Decor,6703.26,8477.32
SKU017,2024-07-29,98,830777.36,0,0,Home Decor,6703.26,8477.32
SKU017,2024-08-05,100,847732.0,0,0,Home Decor,6703.26,8477.32
SKU017,2024-08-12,94,796868.08,0,1,Home Decor,6703.26,8477.32
SKU017,2024-08-19,95,805345.3999999999,0,0,Home Decor,6703.26,8477.32
SKU017,2024-08-26,85,720572.2,1,0,Home Decor,6703.26,8477.32
SKU017,2024-09-02,98,830777.36,2,0,Home Decor,6703.26,8477.32
SKU017,2024-09-09,88,746004.1599999999,2,0,Home Decor,6703.26,8477.32
SKU017,2024-09-16,88,746004.1599999999,2,0,Home Decor,6703.26,8477.32
SKU017,2024-09-23,101,856209.3200000001,2,0,Home Decor,6703.26,8477.32
SKU017,2024-09-30,60,508639.2,0,0,Home Decor,6703.26,8477.32
SKU017,2024-10-07,67,567980.44,0,0,Home Decor,6703.26,8477.32
SKU017,2024-10-14,100,847732.0,0,0,Home Decor,6703.26,8477.32
SKU017,2024-10-21,82,695140.24,0,0,Home Decor,6703.26,8477.32
SKU017,2024-10-28,90,762958.7999999999,2,1,Home Decor,6703.26,8477.32
SKU017,2024-11-04,95,805345.3999999999,2,0,Home Decor,6703.26,8477.32
SKU017,2024-11-11,86,729049.52,2,0,Home Decor,6703.26,8477.32
SKU017,2024-11-18,97,822300.04,2,0,Home Decor,6703.26,8477.32
SKU017,2024-11-25,82,695140.24,1,0,Home Decor,6703.26,8477.32
SKU017,2024-12-02,81,686662.9199999999,0,0,Home Decor,6703.26,8477.32
SKU017,2024-12-09,88,746004.1599999999,0,0,Home Decor,6703.26,8477.32
SKU017,2024-12-16,80,678185.6,0,0,Home Decor,6703.26,8477.32
SKU017,2024-12-23,94,796868.08,0,1,Home Decor,6703.26,8477.32
SKU017,2024-12-30,85,720572.2,0,0,Home Decor,6703.26,8477.32
SKU017,2025-01-06,97,822300.04,0,0,Home Decor,6703.26,8477.32
SKU017,2025-01-13,106,898595.9199999999,0,0,Home Decor,6703.26,8477.32
SKU017,2025-01-20,89,754481.48,0,1,Home Decor,6703.26,8477.32
SKU017,2025-01-27,89,754481.48,0,0,Home Decor,6703.26,8477.32
SKU017,2025-02-03,112,949459.84,0,0,Home Decor,6703.26,8477.32
SKU017,2025-02-10,97,822300.04,0,0,Home Decor,6703.26,8477.32
SKU017,2025-02-17,107,907073.24,0,0,Home Decor,6703.26,8477.32
SKU017,2025-02-24,127,1076619.64,2,0,Home Decor,6703.26,8477.32
SKU017,2025-03-03,104,881641.28,2,0,Home Decor,6703.26,8477.32
SKU017,2025-03-10,129,1093574.28,2,0,Home Decor,6703.26,8477.32
SKU017,2025-03-17,124,1051187.68,2,0,Home Decor,6703.26,8477.32
SKU017,2025-03-24,135,1144438.2,2,0,Home Decor,6703.26,8477.32
SKU017,2025-03-31,114,966414.48,0,0,Home Decor,6703.26,8477.32
SKU017,2025-04-07,115,974891.8,0,0,Home Decor,6703.26,8477.32
SKU017,2025-04-14,115,974891.8,0,0,Home Decor,6703.26,8477.32
SKU017,2025-04-21,138,1169870.16,0,0,Home Decor,6703.26,8477.32
SKU017,2025-04-28,95,805345.4,0,0,Home Decor,6703.26,8477.32
SKU017,2025-05-05,102,864686.64,0,0,Home Decor,6703.26,8477.32
SKU017,2025-05-12,109,924027.88,0,0,Home Decor,6703.26,8477.32
SKU017,2025-05-19,114,966414.48,0,0,Home Decor,6703.26,8477.32
SKU017,2025-05-26,109,924027.88,1,0,Home Decor,6703.26,8477.32
SKU017,2025-06-02,111,940982.52,2,0,Home Decor,6703.26,8477.32
SKU017,2025-06-09,113,957937.1599999999,2,0,Home Decor,6703.26,8477.32
SKU017,2025-06-16,114,966414.48,2,0,Home Decor,6703.26,8477.32
SKU017,2025-06-23,133,1127483.56,2,0,Home Decor,6703.26,8477.32
SKU017,2025-06-30,105,890118.6,0,0,Home Decor,6703.26,8477.32
SKU017,2025-07-07,97,822300.0399999999,0,0,Home Decor,6703.26,8477.32
SKU017,2025-07-14,98,830777.36,0,0,Home Decor,6703.26,8477.32
SKU017,2025-07-21,83,703617.5599999999,0,0,Home Decor,6703.26,8477.32
SKU017,2025-07-28,82,695140.24,0,0,Home Decor,6703.26,8477.32
SKU017,2025-08-04,76,644276.32,0,0,Home Decor,6703.26,8477.32
SKU017,2025-08-11,85,720572.2,0,1,Home Decor,6703.26,8477.32
SKU017,2025-08-18,85,720572.2,0,0,Home Decor,6703.26,8477.32
SKU017,2025-08-25,78,661230.96,0,0,Home Decor,6703.26,8477.32
SKU017,2025-09-01,71,601889.72,2,0,Home Decor,6703.26,8477.32
SKU017,2025-09-08,77,652753.64,2,0,Home Decor,6703.26,8477.32
SKU017,2025-09-15,83,703617.56,2,0,Home Decor,6703.26,8477.32
SKU017,2025-09-22,90,762958.8,2,0,Home Decor,6703.26,8477.32
SKU017,2025-09-29,75,635799.0,0,0,Home Decor,6703.26,8477.32
SKU017,2025-10-06,76,644276.32,0,0,Home Decor,6703.26,8477.32
SKU017,2025-10-13,84,712094.88,0,0,Home Decor,6703.26,8477.32
SKU017,2025-10-20,61,517116.51999999996,0,1,Home Decor,6703.26,8477.32
SKU017,2025-10-27,83,703617.5599999999,2,0,Home Decor,6703.26,8477.32
SKU017,2025-11-03,103,873163.96,2,0,Home Decor,6703.26,8477.32
SKU017,2025-11-10,88,746004.1599999999,2,0,Home Decor,6703.26,8477.32
SKU017,2025-11-17,87,737526.84,2,0,Home Decor,6703.26,8477.32
SKU017,2025-11-24,90,762958.7999999999,2,0,Home Decor,6703.26,8477.32
SKU017,2025-12-01,105,890118.6,0,0,Home Decor,6703.26,8477.32
SKU017,2025-12-08,96,813822.72,0,0,Home Decor,6703.26,8477.32
SKU017,2025-12-15,81,686662.9199999999,0,0,Home Decor,6703.26,8477.32
SKU017,2025-12-22,98,830777.36,0,1,Home Decor,6703.26,8477.32
SKU018,2024-01-01,176,981272.1599999999,0,0,Kitchen,5677.05,5575.41
SKU018,2024-01-08,175,975696.75,0,0,Kitchen,5677.05,5575.41
SKU018,2024-01-15,153,853037.73,0,0,Kitchen,5677.05,5575.41
SKU018,2024-01-22,188,1048177.08,0,1,Kitchen,5677.05,5575.41
SKU018,2024-01-29,162,903216.4199999999,0,0,Kitchen,5677.05,5575.41
SKU018,2024-02-05,171,953395.11,0,0,Kitchen,5677.05,5575.41
SKU018,2024-02-12,178,992422.98,0,0,Kitchen,5677.05,5575.41
SKU018,2024-02-19,205,1142959.05,0,0,Kitchen,5677.05,5575.41
SKU018,2024-02-26,195,1087204.95,2,0,Kitchen,5677.05,5575.41
SKU018,2024-03-04,206,1148534.46,2,0,Kitchen,5677.05,5575.41
SKU018,2024-03-11,223,1243316.43,2,0,Kitchen,5677.05,5575.41
SKU018,2024-03-18,227,1265618.0699999998,2,0,Kitchen,5677.05,5575.41
SKU018,2024-03-25,221,1232165.6099999999,2,0,Kitchen,5677.05,5575.41
SKU018,2024-04-01,197,1098355.77,0,0,Kitchen,5677.05,5575.41
SKU018,2024-04-08,190,1059327.9,0,0,Kitchen,5677.05,5575.41
SKU018,2024-04-15,209,1165260.69,0,0,Kitchen,5677.05,5575.41
SKU018,2024-04-22,209,1165260.69,0,0,Kitchen,5677.05,5575.41
SKU018,2024-04-29,204,1137383.6400000001,0,0,Kitchen,5677.05,5575.41
SKU018,2024-05-06,220,1226590.2,0,0,Kitchen,5677.05,5575.41
SKU018,2024-05-13,203,1131808.23,0,0,Kitchen,5677.05,5575.41
SKU018,2024-05-20,185,1031450.85,0,0,Kitchen,5677.05,5575.41
SKU018,2024-05-27,199,1109506.5899999999,2,0,Kitchen,5677.05,5575.41
SKU018,2024-06-03,194,1081629.54,2,0,Kitchen,5677.05,5575.41
SKU018,2024-06-10,191,1064903.31,2,0,Kitchen,5677.05,5575.41
SKU018,2024-06-17,198,1103931.18,2,0,Kitchen,5677.05,5575.41
SKU018,2024-06-24,197,1098355.77,2,0,Kitchen,5677.05,5575.41
SKU018,2024-07-01,163,908791.83,0,0,Kitchen,5677.05,5575.41
SKU018,2024-07-08,181,1009149.21,0,0,Kitchen,5677.05,5575.41
SKU018,2024-07-15,169,942244.29,0,0,Kitchen,5677.05,5575.41
SKU018,2024-07-22,158,880914.7799999999,0,0,Kitchen,5677.05,5575.41
SKU018,2024-07-29,172,958970.52,0,0,Kitchen,5677.05,5575.41
SKU018,2024-08-05,164,914367.24,0,0,Kitchen,5677.05,5575.41
SKU018,2024-08-12,167,931093.47,0,1,Kitchen,5677.05,5575.41
SKU018,2024-08-19,169,942244.2899999999,0,0,Kitchen,5677.05,5575.41
SKU018,2024-08-26,171,953395.11,1,0,Kitchen,5677.05,5575.41
SKU018,2024-09-02,158,880914.78,2,0,Kitchen,5677.05,5575.41
SKU018,2024-09-09,158,880914.78,2,0,Kitchen,5677.05,5575.41
SKU018,2024-09-16,163,908791.83,2,0,Kitchen,5677.05,5575.41
SKU018,2024-09-23,169,942244.2899999999,2,0,Kitchen,5677.05,5575.41
SKU018,2024-09-30,134,747104.94,0,0,Kitchen,5677.05,5575.41
SKU018,2024-10-07,153,853037.73,0,0,Kitchen,5677.05,5575.41
SKU018,2024-10-14,140,780557.4,0,0,Kitchen,5677.05,5575.41
SKU018,2024-10-21,159,886490.19,0,0,Kitchen,5677.05,5575.41
SKU018,2024-10-28,170,947819.7,2,1,Kitchen,5677.05,5575.41
SKU018,2024-11-04,162,903216.4199999999,2,0,Kitchen,5677.05,5575.41
SKU018,2024-11-11,150,836311.5,2,0,Kitchen,5677.05,5575.41
SKU018,2024-11-18,153,853037.73,2,0,Kitchen,5677.05,5575.41
SKU018,2024-11-25,143,797283.63,1,0,Kitchen,5677.05,5575.41
SKU018,2024-12-02,182,1014724.62,0,0,Kitchen,5677.05,5575.41
SKU018,2024-12-09,150,836311.5,0,0,Kitchen,5677.05,5575.41
SKU018,2024-12-16,172,958970.52,0,0,Kitchen,5677.05,5575.41
SKU018,2024-12-23,154,858613.14,0,1,Kitchen,5677.05,5575.41
SKU018,2024-12-30,181,1009149.21,0,0,Kitchen,5677.05,5575.41
SKU018,2025-01-06,172,958970.52,0,0,Kitchen,5677.05,5575.41
SKU018,2025-01-13,164,914367.24,0,0,Kitchen,5677.05,5575.41
SKU018,2025-01-20,163,908791.83,0,1,Kitchen,5677.05,5575.41
SKU018,2025-01-27,178,992422.98,0,0,Kitchen,5677.05,5575.41
SKU018,2025-02-03,175,975696.75,0,0,Kitchen,5677.05,5575.41
SKU018,2025-02-10,186,1037026.26,0,0,Kitchen,5677.05,5575.41
SKU018,2025-02-17,194,1081629.54,0,0,Kitchen,5677.05,5575.41
SKU018,2025-02-24,211,1176411.51,2,0,Kitchen,5677.05,5575.41
SKU018,2025-03-03,206,1148534.46,2,0,Kitchen,5677.05,5575.41
SKU018,2025-03-10,214,1193137.74,2,0,Kitchen,5677.05,5575.41
SKU018,2025-03-17,219,1221014.79,2,0,Kitchen,5677.05,5575.41
SKU018,2025-03-24,196,1092780.3599999999,2,0,Kitchen,5677.05,5575.41
SKU018,2025-03-31,207,1154109.8699999999,0,0,Kitchen,5677.05,5575.41
SKU018,2025-04-07,197,1098355.77,0,0,Kitchen,5677.05,5575.41
SKU018,2025-04-14,212,1181986.92,0,0,Kitchen,5677.05,5575.41
SKU018,2025-04-21,210,1170836.0999999999,0,0,Kitchen,5677.05,5575.41
SKU018,2025-04-28,220,1226590.2,0,0,Kitchen,5677.05,5575.41
SKU018,2025-05-05,220,1226590.2,0,0,Kitchen,5677.05,5575.41
SKU018,2025-05-12,207,1154109.8699999999,0,0,Kitchen,5677.05,5575.41
SKU018,2025-05-19,201,1120657.41,0,0,Kitchen,5677.05,5575.41
SKU018,2025-05-26,192,1070478.72,1,0,Kitchen,5677.05,5575.41
SKU018,2025-06-02,203,1131808.23,2,0,Kitchen,5677.05,5575.41
SKU018,2025-06-09,201,1120657.41,2,0,Kitchen,5677.05,5575.41
SKU018,2025-06-16,212,1181986.92,2,0,Kitchen,5677.05,5575.41
SKU018,2025-06-23,194,1081629.54,2,0,Kitchen,5677.05,5575.41
SKU018,2025-06-30,164,914367.24,0,0,Kitchen,5677.05,5575.41
SKU018,2025-07-07,156,869763.96,0,0,Kitchen,5677.05,5575.41
SKU018,2025-07-14,167,931093.47,0,0,Kitchen,5677.05,5575.41
SKU018,2025-07-21,159,886490.19,0,0,Kitchen,5677.05,5575.41
SKU018,2025-07-28,179,997998.3899999999,0,0,Kitchen,5677.05,5575.41
SKU018,2025-08-04,139,774981.99,0,0,Kitchen,5677.05,5575.41
SKU018,2025-08-11,146,814009.86,0,1,Kitchen,5677.05,5575.41
SKU018,2025-08-18,151,841886.9099999999,0,0,Kitchen,5677.05,5575.41
SKU018,2025-08-25,161,897641.01,0,0,Kitchen,5677.05,5575.41
SKU018,2025-09-01,150,836311.5,2,0,Kitchen,5677.05,5575.41
SKU018,2025-09-08,155,864188.5499999999,2,0,Kitchen,5677.05,5575.41
SKU018,2025-09-15,148,825160.6799999999,2,0,Kitchen,5677.05,5575.41
SKU018,2025-09-22,146,814009.86,2,0,Kitchen,5677.05,5575.41
SKU018,2025-09-29,138,769406.58,0,0,Kitchen,5677.05,5575.41
SKU018,2025-10-06,154,858613.14,0,0,Kitchen,5677.05,5575.41
SKU018,2025-10-13,141,786132.8099999999,0,0,Kitchen,5677.05,5575.41
SKU018,2025-10-20,135,752680.35,0,1,Kitchen,5677.05,5575.41
SKU018,2025-10-27,166,925518.0599999999,2,0,Kitchen,5677.05,5575.41
SKU018,2025-11-03,157,875339.37,2,0,Kitchen,5677.05,5575.41
SKU018,2025-11-10,142,791708.22,2,0,Kitchen,5677.05,5575.41
SKU018,2025-11-17,150,836311.5,2,0,Kitchen,5677.05,5575.41
SKU018,2025-11-24,152,847462.3200000001,2,0,Kitchen,5677.05,5575.41
SKU018,2025-12-01,158,880914.7799999999,0,0,Kitchen,5677.05,5575.41
SKU018,2025-12-08,162,903216.42,0,0,Kitchen,5677.05,5575.41
SKU018,2025-12-15,160,892065.6,0,0,Kitchen,5677.05,5575.41
SKU018,2025-12-22,161,897641.01,0,1,Kitchen,5677.05,5575.41
SKU019,2024-01-01,101,486804.85000000003,0,0,Lighting,2670.84,4819.85
SKU019,2024-01-08,115,554282.75,0,0,Lighting,2670.84,4819.85
SKU019,2024-01-15,103,496444.55000000005,0,0,Lighting,2670.84,4819.85
SKU019,2024-01-22,107,515723.95000000007,0,1,Lighting,2670.84,4819.85
SKU019,2024-01-29,136,655499.6000000001,0,0,Lighting,2670.84,4819.85
SKU019,2024-02-05,119,573562.15,0,0,Lighting,2670.84,4819.85
SKU019,2024-02-12,117,563922.4500000001,0,0,Lighting,2670.84,4819.85
SKU019,2024-02-19,117,563922.4500000001,0,0,Lighting,2670.84,4819.85
SKU019,2024-02-26,132,636220.2000000001,2,0,Lighting,2670.84,4819.85
SKU019,2024-03-04,132,636220.2000000001,2,0,Lighting,2670.84,4819.85
SKU019,2024-03-11,137,660319.45,2,0,Lighting,2670.84,4819.85
SKU019,2024-03-18,136,655499.6000000001,2,0,Lighting,2670.84,4819.85
SKU019,2024-03-25,135,650679.75,2,0,Lighting,2670.84,4819.85
SKU019,2024-04-01,151,727797.3500000001,0,0,Lighting,2670.84,4819.85
SKU019,2024-04-08,135,650679.75,0,0,Lighting,2670.84,4819.85
SKU019,2024-04-15,132,636220.2000000001,0,0,Lighting,2670.84,4819.85
SKU019,2024-04-22,139,669959.15,0,0,Lighting,2670.84,4819.85
SKU019,2024-04-29,134,645859.9,0,0,Lighting,2670.84,4819.85
SKU019,2024-05-06,141,679598.8500000001,0,0,Lighting,2670.84,4819.85
SKU019,2024-05-13,151,727797.3500000001,0,0,Lighting,2670.84,4819.85
SKU019,2024-05-20,131,631400.3500000001,0,0,Lighting,2670.84,4819.85
SKU019,2024-05-27,147,708517.9500000001,2,0,Lighting,2670.84,4819.85
SKU019,2024-06-03,122,588021.7000000001,2,0,Lighting,2670.84,4819.85
SKU019,2024-06-10,137,660319.4500000001,2,0,Lighting,2670.84,4819.85
SKU019,2024-06-17,110,530183.5,2,0,Lighting,2670.84,4819.85
SKU019,2024-06-24,117,563922.4500000001,2,0,Lighting,2670.84,4819.85
SKU019,2024-07-01,113,544643.05,0,0,Lighting,2670.84,4819.85
SKU019,2024-07-08,115,554282.75,0,0,Lighting,2670.84,4819.85
SKU019,2024-07-15,101,486804.85000000003,0,0,Lighting,2670.84,4819.85
SKU019,2024-07-22,108,520543.80000000005,0,0,Lighting,2670.84,4819.85
SKU019,2024-07-29,115,554282.75,0,0,Lighting,2670.84,4819.85
SKU019,2024-08-05,89,428966.65,0,0,Lighting,2670.84,4819.85
SKU019,2024-08-12,93,448246.05000000005,0,1,Lighting,2670.84,4819.85
SKU019,2024-08-19,104,501264.4,0,0,Lighting,2670.84,4819.85
SKU019,2024-08-26,102,491624.7,1,0,Lighting,2670.84,4819.85
SKU019,2024-09-02,104,501264.4,2,0,Lighting,2670.84,4819.85
SKU019,2024-09-09,108,520543.80000000005,2,0,Lighting,2670.84,4819.85
SKU019,2024-09-16,80,385588.0,2,0,Lighting,2670.84,4819.85
SKU019,2024-09-23,97,467525.45000000007,2,0,Lighting,2670.84,4819.85
SKU019,2024-09-30,81,390407.85000000003,0,0,Lighting,2670.84,4819.85
SKU019,2024-10-07,93,448246.05000000005,0,0,Lighting,2670.84,4819.85
SKU019,2024-10-14,85,409687.25000000006,0,0,Lighting,2670.84,4819.85
SKU019,2024-10-21,86,414507.10000000003,0,0,Lighting,2670.84,4819.85
SKU019,2024-10-28,98,472345.30000000005,2,1,Lighting,2670.84,4819.85
SKU019,2024-11-04,95,457885.75000000006,2,0,Lighting,2670.84,4819.85
SKU019,2024-11-11,112,539823.2000000001,2,0,Lighting,2670.84,4819.85
SKU019,2024-11-18,113,544643.05,2,0,Lighting,2670.84,4819.85
SKU019,2024-11-25,110,530183.5,1,0,Lighting,2670.84,4819.85
SKU019,2024-12-02,120,578382.0,0,0,Lighting,2670.84,4819.85
SKU019,2024-12-09,97,467525.45,0,0,Lighting,2670.84,4819.85
SKU019,2024-12-16,106,510904.10000000003,0,0,Lighting,2670.84,4819.85
SKU019,2024-12-23,86,414507.10000000003,0,1,Lighting,2670.84,4819.85
SKU019,2024-12-30,100,481985.0,0,0,Lighting,2670.84,4819.85
SKU019,2025-01-06,114,549462.9,0,0,Lighting,2670.84,4819.85
SKU019,2025-01-13,113,544643.05,0,0,Lighting,2670.84,4819.85
SKU019,2025-01-20,115,554282.75,0,1,Lighting,2670.84,4819.85
SKU019,2025-01-27,109,525363.65,0,0,Lighting,2670.84,4819.85
SKU019,2025-02-03,95,457885.75,0,0,Lighting,2670.84,4819.85
SKU019,2025-02-10,111,535003.3500000001,0,0,Lighting,2670.84,4819.85
SKU019,2025-02-17,132,636220.2000000001,0,0,Lighting,2670.84,4819.85
SKU019,2025-02-24,140,674779.0,2,0,Lighting,2670.84,4819.85
SKU019,2025-03-03,143,689238.55,2,0,Lighting,2670.84,4819.85
SKU019,2025-03-10,135,650679.75,2,0,Lighting,2670.84,4819.85
SKU019,2025-03-17,127,612120.9500000001,2,0,Lighting,2670.84,4819.85
SKU019,2025-03-24,130,626580.5,2,0,Lighting,2670.84,4819.85
SKU019,2025-03-31,132,636220.2000000001,0,0,Lighting,2670.84,4819.85
SKU019,2025-04-07,144,694058.4,0,0,Lighting,2670.84,4819.85
SKU019,2025-04-14,135,650679.75,0,0,Lighting,2670.84,4819.85
SKU019,2025-04-21,117,563922.4500000001,0,0,Lighting,2670.84,4819.85
SKU019,2025-04-28,127,612120.9500000001,0,0,Lighting,2670.84,4819.85
SKU019,2025-05-05,122,588021.7000000001,0,0,Lighting,2670.84,4819.85
SKU019,2025-05-12,112,539823.2000000001,0,0,Lighting,2670.84,4819.85
SKU019,2025-05-19,131,631400.3500000001,0,0,Lighting,2670.84,4819.85
SKU019,2025-05-26,130,626580.5,1,0,Lighting,2670.84,4819.85
SKU019,2025-06-02,148,713337.8,2,0,Lighting,2670.84,4819.85
SKU019,2025-06-09,115,554282.75,2,0,Lighting,2670.84,4819.85
SKU019,2025-06-16,136,655499.6000000001,2,0,Lighting,2670.84,4819.85
SKU019,2025-06-23,129,621760.65,2,0,Lighting,2670.84,4819.85
SKU019,2025-06-30,94,453065.9,0,0,Lighting,2670.84,4819.85
SKU019,2025-07-07,100,481985.0,0,0,Lighting,2670.84,4819.85
SKU019,2025-07-14,111,535003.3500000001,0,0,Lighting,2670.84,4819.85
SKU019,2025-07-21,90,433786.50000000006,0,0,Lighting,2670.84,4819.85
SKU019,2025-07-28,116,559102.6000000001,0,0,Lighting,2670.84,4819.85
SKU019,2025-08-04,104,501264.4,0,0,Lighting,2670.84,4819.85
SKU019,2025-08-11,106,510904.10000000003,0,1,Lighting,2670.84,4819.85
SKU019,2025-08-18,109,525363.65,0,0,Lighting,2670.84,4819.85
SKU019,2025-08-25,93,448246.05000000005,0,0,Lighting,2670.84,4819.85
SKU019,2025-09-01,103,496444.55000000005,2,0,Lighting,2670.84,4819.85
SKU019,2025-09-08,76,366308.60000000003,2,0,Lighting,2670.84,4819.85
SKU019,2025-09-15,100,481985.0,2,0,Lighting,2670.84,4819.85
SKU019,2025-09-22,105,506084.25000000006,2,0,Lighting,2670.84,4819.85
SKU019,2025-09-29,83,400047.55000000005,0,0,Lighting,2670.84,4819.85
SKU019,2025-10-06,92,443426.2,0,0,Lighting,2670.84,4819.85
SKU019,2025-10-13,96,462705.60000000003,0,0,Lighting,2670.84,4819.85
SKU019,2025-10-20,84,404867.4,0,1,Lighting,2670.84,4819.85
SKU019,2025-10-27,91,438606.35000000003,2,0,Lighting,2670.84,4819.85
SKU019,2025-11-03,103,496444.55000000005,2,0,Lighting,2670.84,4819.85
SKU019,2025-11-10,112,539823.2000000001,2,0,Lighting,2670.84,4819.85
SKU019,2025-11-17,110,530183.5,2,0,Lighting,2670.84,4819.85
SKU019,2025-11-24,88,424146.80000000005,2,0,Lighting,2670.84,4819.85
SKU019,2025-12-01,103,496444.55000000005,0,0,Lighting,2670.84,4819.85
SKU019,2025-12-08,96,462705.60000000003,0,0,Lighting,2670.84,4819.85
SKU019,2025-12-15,107,515723.95000000007,0,0,Lighting,2670.84,4819.85
SKU019,2025-12-22,104,501264.4,0,1,Lighting,2670.84,4819.85
SKU020,2024-01-01,92,358573.68,0,0,Storage,6700.01,3897.54
SKU020,2024-01-08,102,397549.08,0,0,Storage,6700.01,3897.54
SKU020,2024-01-15,100,389754.0,0,0,Storage,6700.01,3897.54
SKU020,2024-01-22,92,358573.68,0,1,Storage,6700.01,3897.54
SKU020,2024-01-29,94,366368.76,0,0,Storage,6700.01,3897.54
SKU020,2024-02-05,118,459909.72,0,0,Storage,6700.01,3897.54
SKU020,2024-02-12,114,444319.55999999994,0,0,Storage,6700.01,3897.54
SKU020,2024-02-19,108,420934.32,0,0,Storage,6700.01,3897.54
SKU020,2024-02-26,117,456012.18,2,0,Storage,6700.01,3897.54
SKU020,2024-03-04,120,467704.8,2,0,Storage,6700.01,3897.54
SKU020,2024-03-11,123,479397.42,2,0,Storage,6700.01,3897.54
SKU020,2024-03-18,119,463807.26,2,0,Storage,6700.01,3897.54
SKU020,2024-03-25,104,405344.16000000003,2,0,Storage,6700.01,3897.54
SKU020,2024-04-01,97,378061.38,0,0,Storage,6700.01,3897.54
SKU020,2024-04-08,105,409241.7,0,0,Storage,6700.01,3897.54
SKU020,2024-04-15,122,475499.88,0,0,Storage,6700.01,3897.54
SKU020,2024-04-22,97,378061.38,0,0,Storage,6700.01,3897.54
SKU020,2024-04-29,90,350778.6,0,0,Storage,6700.01,3897.54
SKU020,2024-05-06,100,389754.0,0,0,Storage,6700.01,3897.54
SKU020,2024-05-13,110,428729.39999999997,0,0,Storage,6700.01,3897.54
SKU020,2024-05-20,120,467704.8,0,0,Storage,6700.01,3897.54
SKU020,2024-05-27,117,456012.18,2,0,Storage,6700.01,3897.54
SKU020,2024-06-03,104,405344.16,2,0,Storage,6700.01,3897.54
SKU020,2024-06-10,127,494987.57999999996,2,0,Storage,6700.01,3897.54
SKU020,2024-06-17,122,475499.88,2,0,Storage,6700.01,3897.54
SKU020,2024-06-24,113,440422.02,2,0,Storage,6700.01,3897.54
SKU020,2024-07-01,94,366368.76,0,0,Storage,6700.01,3897.54
SKU020,2024-07-08,96,374163.83999999997,0,0,Storage,6700.01,3897.54
SKU020,2024-07-15,112,436524.48,0,0,Storage,6700.01,3897.54
SKU020,2024-07-22,97,378061.38,0,0,Storage,6700.01,3897.54
SKU020,2024-07-29,102,397549.07999999996,0,0,Storage,6700.01,3897.54
SKU020,2024-08-05,88,342983.52,0,0,Storage,6700.01,3897.54
SKU020,2024-08-12,96,374163.83999999997,0,1,Storage,6700.01,3897.54
SKU020,2024-08-19,95,370266.3,0,0,Storage,6700.01,3897.54
SKU020,2024-08-26,102,397549.07999999996,1,0,Storage,6700.01,3897.54
SKU020,2024-09-02,84,327393.36,2,0,Storage,6700.01,3897.54
SKU020,2024-09-09,69,268930.26,2,0,Storage,6700.01,3897.54
SKU020,2024-09-16,83,323495.82,2,0,Storage,6700.01,3897.54
SKU020,2024-09-23,80,311803.2,2,0,Storage,6700.01,3897.54
SKU020,2024-09-30,77,300110.58,0,0,Storage,6700.01,3897.54
SKU020,2024-10-07,83,323495.82,0,0,Storage,6700.01,3897.54
SKU020,2024-10-14,92,358573.68,0,0,Storage,6700.01,3897.54
SKU020,2024-10-21,83,323495.82,0,0,Storage,6700.01,3897.54
SKU020,2024-10-28,71,276725.33999999997,2,1,Storage,6700.01,3897.54
SKU020,2024-11-04,81,315700.74,2,0,Storage,6700.01,3897.54
SKU020,2024-11-11,87,339085.98,2,0,Storage,6700.01,3897.54
SKU020,2024-11-18,69,268930.26,2,0,Storage,6700.01,3897.54
SKU020,2024-11-25,84,327393.36,1,0,Storage,6700.01,3897.54
SKU020,2024-12-02,88,342983.52,0,0,Storage,6700.01,3897.54
SKU020,2024-12-09,80,311803.2,0,0,Storage,6700.01,3897.54
SKU020,2024-12-16,81,315700.74,0,0,Storage,6700.01,3897.54
SKU020,2024-12-23,87,339085.98,0,1,Storage,6700.01,3897.54
SKU020,2024-12-30,93,362471.22,0,0,Storage,6700.01,3897.54
SKU020,2025-01-06,83,323495.82,0,0,Storage,6700.01,3897.54
SKU020,2025-01-13,95,370266.3,0,0,Storage,6700.01,3897.54
SKU020,2025-01-20,100,389754.0,0,1,Storage,6700.01,3897.54
SKU020,2025-01-27,79,307905.66,0,0,Storage,6700.01,3897.54
SKU020,2025-02-03,93,362471.22,0,0,Storage,6700.01,3897.54
SKU020,2025-02-10,105,409241.7,0,0,Storage,6700.01,3897.54
SKU020,2025-02-17,97,378061.38,0,0,Storage,6700.01,3897.54
SKU020,2025-02-24,95,370266.3,2,0,Storage,6700.01,3897.54
SKU020,2025-03-03,119,463807.26,2,0,Storage,6700.01,3897.54
SKU020,2025-03-10,105,409241.69999999995,2,0,Storage,6700.01,3897.54
SKU020,2025-03-17,101,393651.54,2,0,Storage,6700.01,3897.54
SKU020,2025-03-24,111,432626.94,2,0,Storage,6700.01,3897.54
SKU020,2025-03-31,132,514475.27999999997,0,0,Storage,6700.01,3897.54
SKU020,2025-04-07,107,417036.77999999997,0,0,Storage,6700.01,3897.54
SKU020,2025-04-14,117,456012.18,0,0,Storage,6700.01,3897.54
SKU020,2025-04-21,111,432626.94,0,0,Storage,6700.01,3897.54
SKU020,2025-04-28,107,417036.77999999997,0,0,Storage,6700.01,3897.54
SKU020,2025-05-05,115,448217.1,0,0,Storage,6700.01,3897.54
SKU020,2025-05-12,110,428729.39999999997,0,0,Storage,6700.01,3897.54
SKU020,2025-05-19,105,409241.7,0,0,Storage,6700.01,3897.54
SKU020,2025-05-26,112,436524.48,1,0,Storage,6700.01,3897.54
SKU020,2025-06-02,111,432626.93999999994,2,0,Storage,6700.01,3897.54
SKU020,2025-06-09,89,346881.06,2,0,Storage,6700.01,3897.54
SKU020,2025-06-16,116,452114.63999999996,2,0,Storage,6700.01,3897.54
SKU020,2025-06-23,104,405344.16,2,0,Storage,6700.01,3897.54
SKU020,2025-06-30,104,405344.16000000003,0,0,Storage,6700.01,3897.54
SKU020,2025-07-07,89,346881.06,0,0,Storage,6700.01,3897.54
SKU020,2025-07-14,97,378061.38,0,0,Storage,6700.01,3897.54
SKU020,2025-07-21,96,374163.83999999997,0,0,Storage,6700.01,3897.54
SKU020,2025-07-28,69,268930.26,0,0,Storage,6700.01,3897.54
SKU020,2025-08-04,94,366368.76,0,0,Storage,6700.01,3897.54
SKU020,2025-08-11,87,339085.98,0,1,Storage,6700.01,3897.54
SKU020,2025-08-18,99,385856.46,0,0,Storage,6700.01,3897.54
SKU020,2025-08-25,74,288417.95999999996,0,0,Storage,6700.01,3897.54
SKU020,2025-09-01,97,378061.38,2,0,Storage,6700.01,3897.54
SKU020,2025-09-08,91,354676.14,2,0,Storage,6700.01,3897.54
SKU020,2025-09-15,79,307905.66000000003,2,0,Storage,6700.01,3897.54
SKU020,2025-09-22,86,335188.44,2,0,Storage,6700.01,3897.54
SKU020,2025-09-29,75,292315.5,0,0,Storage,6700.01,3897.54
SKU020,2025-10-06,107,417036.77999999997,0,0,Storage,6700.01,3897.54
SKU020,2025-10-13,74,288417.96,0,0,Storage,6700.01,3897.54
SKU020,2025-10-20,88,342983.52,0,1,Storage,6700.01,3897.54
SKU020,2025-10-27,101,393651.54,2,0,Storage,6700.01,3897.54
SKU020,2025-11-03,78,304008.12,2,0,Storage,6700.01,3897.54
SKU020,2025-11-10,92,358573.68,2,0,Storage,6700.01,3897.54
SKU020,2025-11-17,81,315700.74,2,0,Storage,6700.01,3897.54
SKU020,2025-11-24,97,378061.38,2,0,Storage,6700.01,3897.54
SKU020,2025-12-01,85,331290.9,0,0,Storage,6700.01,3897.54
SKU020,2025-12-08,82,319598.27999999997,0,0,Storage,6700.01,3897.54
SKU020,2025-12-15,74,288417.95999999996,0,0,Storage,6700.01,3897.54
SKU020,2025-12-22,99,385856.45999999996,0,1,Storage,6700.01,3897.54
SKU021,2024-01-01,50,385564.0,0,0,Furniture,6486.92,7711.28
SKU021,2024-01-08,65,501233.2,0,0,Furniture,6486.92,7711.28
SKU021,2024-01-15,51,393275.28,0,0,Furniture,6486.92,7711.28
SKU021,2024-01-22,50,385564.0,0,1,Furniture,6486.92,7711.28
SKU021,2024-01-29,71,547500.88,0,0,Furniture,6486.92,7711.28
SKU021,2024-02-05,54,416409.12,0,0,Furniture,6486.92,7711.28
SKU021,2024-02-12,67,516655.76,0,0,Furniture,6486.92,7711.28
SKU021,2024-02-19,71,547500.88,0,0,Furniture,6486.92,7711.28
SKU021,2024-02-26,68,524367.04,2,0,Furniture,6486.92,7711.28
SKU021,2024-03-04,79,609191.12,2,0,Furniture,6486.92,7711.28
SKU021,2024-03-11,77,593768.56,2,0,Furniture,6486.92,7711.28
SKU021,2024-03-18,59,454965.52,2,0,Furniture,6486.92,7711.28
SKU021,2024-03-25,65,501233.2,2,0,Furniture,6486.92,7711.28
SKU021,2024-04-01,54,416409.12,0,0,Furniture,6486.92,7711.28
SKU021,2024-04-08,62,478099.36,0,0,Furniture,6486.92,7711.28
SKU021,2024-04-15,80,616902.4,0,0,Furniture,6486.92,7711.28
SKU021,2024-04-22,74,570634.72,0,0,Furniture,6486.92,7711.28
SKU021,2024-04-29,79,609191.12,0,0,Furniture,6486.92,7711.28
SKU021,2024-05-06,67,516655.76,0,0,Furniture,6486.92,7711.28
SKU021,2024-05-13,70,539789.6,0,0,Furniture,6486.92,7711.28
SKU021,2024-05-20,61,470388.08,0,0,Furniture,6486.92,7711.28
SKU021,2024-05-27,73,562923.4400000001,2,0,Furniture,6486.92,7711.28
SKU021,2024-06-03,59,454965.52,2,0,Furniture,6486.92,7711.28
SKU021,2024-06-10,76,586057.28,2,0,Furniture,6486.92,7711.28
SKU021,2024-06-17,56,431831.68,2,0,Furniture,6486.92,7711.28
SKU021,2024-06-24,56,431831.68,2,0,Furniture,6486.92,7711.28
SKU021,2024-07-01,60,462676.8,0,0,Furniture,6486.92,7711.28
SKU021,2024-07-08,53,408697.84,0,0,Furniture,6486.92,7711.28
SKU021,2024-07-15,63,485810.64,0,0,Furniture,6486.92,7711.28
SKU021,2024-07-22,55,424120.4,0,0,Furniture,6486.92,7711.28
SKU021,2024-07-29,55,424120.4,0,0,Furniture,6486.92,7711.28
SKU021,2024-08-05,52,400986.56,0,0,Furniture,6486.92,7711.28
SKU021,2024-08-12,68,524367.04,0,1,Furniture,6486.92,7711.28
SKU021,2024-08-19,59,454965.52,0,0,Furniture,6486.92,7711.28
SKU021,2024-08-26,53,408697.83999999997,1,0,Furniture,6486.92,7711.28
SKU021,2024-09-02,52,400986.56,2,0,Furniture,6486.92,7711.28
SKU021,2024-09-09,55,424120.4,2,0,Furniture,6486.92,7711.28
SKU021,2024-09-16,48,370141.44,2,0,Furniture,6486.92,7711.28
SKU021,2024-09-23,61,470388.08,2,0,Furniture,6486.92,7711.28
SKU021,2024-09-30,50,385564.0,0,0,Furniture,6486.92,7711.28
SKU021,2024-10-07,39,300739.92,0,0,Furniture,6486.92,7711.28
SKU021,2024-10-14,43,331585.04,0,0,Furniture,6486.92,7711.28
SKU021,2024-10-21,55,424120.4,0,0,Furniture,6486.92,7711.28
SKU021,2024-10-28,58,447254.24,2,1,Furniture,6486.92,7711.28
SKU021,2024-11-04,58,447254.24,2,0,Furniture,6486.92,7711.28
SKU021,2024-11-11,63,485810.64,2,0,Furniture,6486.92,7711.28
SKU021,2024-11-18,54,416409.12,2,0,Furniture,6486.92,7711.28
SKU021,2024-11-25,37,285317.36,1,0,Furniture,6486.92,7711.28
SKU021,2024-12-02,55,424120.4,0,0,Furniture,6486.92,7711.28
SKU021,2024-12-09,63,485810.64,0,0,Furniture,6486.92,7711.28
SKU021,2024-12-16,50,385564.0,0,0,Furniture,6486.92,7711.28
SKU021,2024-12-23,54,416409.12,0,1,Furniture,6486.92,7711.28
SKU021,2024-12-30,48,370141.44,0,0,Furniture,6486.92,7711.28
SKU021,2025-01-06,63,485810.64,0,0,Furniture,6486.92,7711.28
SKU021,2025-01-13,60,462676.80000000005,0,0,Furniture,6486.92,7711.28
SKU021,2025-01-20,57,439542.96,0,1,Furniture,6486.92,7711.28
SKU021,2025-01-27,73,562923.4400000001,0,0,Furniture,6486.92,7711.28
SKU021,2025-02-03,63,485810.64,0,0,Furniture,6486.92,7711.28
SKU021,2025-02-10,73,562923.4400000001,0,0,Furniture,6486.92,7711.28
SKU021,2025-02-17,63,485810.64,0,0,Furniture,6486.92,7711.28
SKU021,2025-02-24,78,601479.84,2,0,Furniture,6486.92,7711.28
SKU021,2025-03-03,59,454965.52,2,0,Furniture,6486.92,7711.28
SKU021,2025-03-10,64,493521.92,2,0,Furniture,6486.92,7711.28
SKU021,2025-03-17,75,578346.0,2,0,Furniture,6486.92,7711.28
SKU021,2025-03-24,76,586057.28,2,0,Furniture,6486.92,7711.28
SKU021,2025-03-31,68,524367.04,0,0,Furniture,6486.92,7711.28
SKU021,2025-04-07,50,385564.0,0,0,Furniture,6486.92,7711.28
SKU021,2025-04-14,66,508944.48,0,0,Furniture,6486.92,7711.28
SKU021,2025-04-21,61,470388.08,0,0,Furniture,6486.92,7711.28
SKU021,2025-04-28,66,508944.48,0,0,Furniture,6486.92,7711.28
SKU021,2025-05-05,79,609191.12,0,0,Furniture,6486.92,7711.28
SKU021,2025-05-12,72,555212.16,0,0,Furniture,6486.92,7711.28
SKU021,2025-05-19,70,539789.6,0,0,Furniture,6486.92,7711.28
SKU021,2025-05-26,71,547500.88,1,0,Furniture,6486.92,7711.28
SKU021,2025-06-02,77,593768.5599999999,2,0,Furniture,6486.92,7711.28
SKU021,2025-06-09,79,609191.12,2,0,Furniture,6486.92,7711.28
SKU021,2025-06-16,67,516655.76,2,0,Furniture,6486.92,7711.28
SKU021,2025-06-23,69,532078.32,2,0,Furniture,6486.92,7711.28
SKU021,2025-06-30,57,439542.96,0,0,Furniture,6486.92,7711.28
SKU021,2025-07-07,68,524367.04,0,0,Furniture,6486.92,7711.28
SKU021,2025-07-14,58,447254.24,0,0,Furniture,6486.92,7711.28
SKU021,2025-07-21,62,478099.36,0,0,Furniture,6486.92,7711.28
SKU021,2025-07-28,54,416409.12,0,0,Furniture,6486.92,7711.28
SKU021,2025-08-04,60,462676.8,0,0,Furniture,6486.92,7711.28
SKU021,2025-08-11,54,416409.12,0,1,Furniture,6486.92,7711.28
SKU021,2025-08-18,60,462676.8,0,0,Furniture,6486.92,7711.28
SKU021,2025-08-25,43,331585.04,0,0,Furniture,6486.92,7711.28
SKU021,2025-09-01,47,362430.16000000003,2,0,Furniture,6486.92,7711.28
SKU021,2025-09-08,55,424120.4,2,0,Furniture,6486.92,7711.28
SKU021,2025-09-15,55,424120.4,2,0,Furniture,6486.92,7711.28
SKU021,2025-09-22,53,408697.83999999997,2,0,Furniture,6486.92,7711.28
SKU021,2025-09-29,35,269894.8,0,0,Furniture,6486.92,7711.28
SKU021,2025-10-06,48,370141.44,0,0,Furniture,6486.92,7711.28
SKU021,2025-10-13,65,501233.2,0,0,Furniture,6486.92,7711.28
SKU021,2025-10-20,44,339296.32,0,1,Furniture,6486.92,7711.28
SKU021,2025-10-27,58,447254.24,2,0,Furniture,6486.92,7711.28
SKU021,2025-11-03,46,354718.88,2,0,Furniture,6486.92,7711.28
SKU021,2025-11-10,45,347007.60000000003,2,0,Furniture,6486.92,7711.28
SKU021,2025-11-17,43,331585.04,2,0,Furniture,6486.92,7711.28
SKU021,2025-11-24,47,362430.16000000003,2,0,Furniture,6486.92,7711.28
SKU021,2025-12-01,52,400986.56,0,0,Furniture,6486.92,7711.28
SKU021,2025-12-08,59,454965.52,0,0,Furniture,6486.92,7711.28
SKU021,2025-12-15,47,362430.16000000003,0,0,Furniture,6486.92,7711.28
SKU021,2025-12-22,50,385564.0,0,1,Furniture,6486.92,7711.28
SKU022,2024-01-01,64,294209.92,0,0,Home Decor,3252.96,4597.03
SKU022,2024-01-08,72,330986.16,0,0,Home Decor,3252.96,4597.03
SKU022,2024-01-15,74,340180.22,0,0,Home Decor,3252.96,4597.03
SKU022,2024-01-22,74,340180.22,0,1,Home Decor,3252.96,4597.03
SKU022,2024-01-29,57,262030.71,0,0,Home Decor,3252.96,4597.03
SKU022,2024-02-05,87,399941.61,0,0,Home Decor,3252.96,4597.03
SKU022,2024-02-12,80,367762.4,0,0,Home Decor,3252.96,4597.03
SKU022,2024-02-19,69,317195.06999999995,0,0,Home Decor,3252.96,4597.03
SKU022,2024-02-26,96,441314.88,2,0,Home Decor,3252.96,4597.03
SKU022,2024-03-04,73,335583.18999999994,2,0,Home Decor,3252.96,4597.03
SKU022,2024-03-11,97,445911.91,2,0,Home Decor,3252.96,4597.03
SKU022,2024-03-18,75,344777.25,2,0,Home Decor,3252.96,4597.03
SKU022,2024-03-25,93,427523.79,2,0,Home Decor,3252.96,4597.03
SKU022,2024-04-01,82,376956.45999999996,0,0,Home Decor,3252.96,4597.03
SKU022,2024-04-08,100,459703.0,0,0,Home Decor,3252.96,4597.03
SKU022,2024-04-15,73,335583.18999999994,0,0,Home Decor,3252.96,4597.03
SKU022,2024-04-22,96,441314.88,0,0,Home Decor,3252.96,4597.03
SKU022,2024-04-29,87,399941.61,0,0,Home Decor,3252.96,4597.03
SKU022,2024-05-06,83,381553.49,0,0,Home Decor,3252.96,4597.03
SKU022,2024-05-13,84,386150.51999999996,0,0,Home Decor,3252.96,4597.03
SKU022,2024-05-20,82,376956.45999999996,0,0,Home Decor,3252.96,4597.03
SKU022,2024-05-27,78,358568.33999999997,2,0,Home Decor,3252.96,4597.03
SKU022,2024-06-03,63,289612.89,2,0,Home Decor,3252.96,4597.03
SKU022,2024-06-10,91,418329.73,2,0,Home Decor,3252.96,4597.03
SKU022,2024-06-17,94,432120.81999999995,2,0,Home Decor,3252.96,4597.03
SKU022,2024-06-24,76,349374.27999999997,2,0,Home Decor,3252.96,4597.03
SKU022,2024-07-01,58,266627.74,0,0,Home Decor,3252.96,4597.03
SKU022,2024-07-08,74,340180.22,0,0,Home Decor,3252.96,4597.03
SKU022,2024-07-15,68,312598.04,0,0,Home Decor,3252.96,4597.03
SKU022,2024-07-22,70,321792.1,0,0,Home Decor,3252.96,4597.03
SKU022,2024-07-29,59,271224.76999999996,0,0,Home Decor,3252.96,4597.03
SKU022,2024-08-05,64,294209.92,0,0,Home Decor,3252.96,4597.03
SKU022,2024-08-12,56,257433.68,0,1,Home Decor,3252.96,4597.03
SKU022,2024-08-19,68,312598.04,0,0,Home Decor,3252.96,4597.03
SKU022,2024-08-26,66,303403.98,1,0,Home Decor,3252.96,4597.03
SKU022,2024-09-02,64,294209.92,2,0,Home Decor,3252.96,4597.03
SKU022,2024-09-09,59,271224.77,2,0,Home Decor,3252.96,4597.03
SKU022,2024-09-16,66,303403.98,2,0,Home Decor,3252.96,4597.03
SKU022,2024-09-23,72,330986.16,2,0,Home Decor,3252.96,4597.03
SKU022,2024-09-30,53,243642.59,0,0,Home Decor,3252.96,4597.03
SKU022,2024-10-07,55,252836.64999999997,0,0,Home Decor,3252.96,4597.03
SKU022,2024-10-14,52,239045.56,0,0,Home Decor,3252.96,4597.03
SKU022,2024-10-21,47,216060.40999999997,0,0,Home Decor,3252.96,4597.03
SKU022,2024-10-28,56,257433.68,2,1,Home Decor,3252.96,4597.03
SKU022,2024-11-04,54,248239.62,2,0,Home Decor,3252.96,4597.03
SKU022,2024-11-11,69,317195.07,2,0,Home Decor,3252.96,4597.03
SKU022,2024-11-18,64,294209.92,2,0,Home Decor,3252.96,4597.03
SKU022,2024-11-25,61,280418.82999999996,1,0,Home Decor,3252.96,4597.03
SKU022,2024-12-02,62,285015.86,0,0,Home Decor,3252.96,4597.03
SKU022,2024-12-09,70,321792.1,0,0,Home Decor,3252.96,4597.03
SKU022,2024-12-16,46,211463.37999999998,0,0,Home Decor,3252.96,4597.03
SKU022,2024-12-23,59,271224.76999999996,0,1,Home Decor,3252.96,4597.03
SKU022,2024-12-30,77,353971.30999999994,0,0,Home Decor,3252.96,4597.03
SKU022,2025-01-06,77,353971.31,0,0,Home Decor,3252.96,4597.03
SKU022,2025-01-13,69,317195.06999999995,0,0,Home Decor,3252.96,4597.03
SKU022,2025-01-20,79,363165.37,0,1,Home Decor,3252.96,4597.03
SKU022,2025-01-27,75,344777.25,0,0,Home Decor,3252.96,4597.03
SKU022,2025-02-03,75,344777.25,0,0,Home Decor,3252.96,4597.03
SKU022,2025-02-10,86,395344.57999999996,0,0,Home Decor,3252.96,4597.03
SKU022,2025-02-17,88,404538.64,0,0,Home Decor,3252.96,4597.03
SKU022,2025-02-24,76,349374.27999999997,2,0,Home Decor,3252.96,4597.03
SKU022,2025-03-03,78,358568.33999999997,2,0,Home Decor,3252.96,4597.03
SKU022,2025-03-10,82,376956.45999999996,2,0,Home Decor,3252.96,4597.03
SKU022,2025-03-17,84,386150.52,2,0,Home Decor,3252.96,4597.03
SKU022,2025-03-24,87,399941.61,2,0,Home Decor,3252.96,4597.03
SKU022,2025-03-31,61,280418.83,0,0,Home Decor,3252.96,4597.03
SKU022,2025-04-07,67,308001.00999999995,0,0,Home Decor,3252.96,4597.03
SKU022,2025-04-14,77,353971.31,0,0,Home Decor,3252.96,4597.03
SKU022,2025-04-21,81,372359.43,0,0,Home Decor,3252.96,4597.03
SKU022,2025-04-28,85,390747.55,0,0,Home Decor,3252.96,4597.03
SKU022,2025-05-05,69,317195.07,0,0,Home Decor,3252.96,4597.03
SKU022,2025-05-12,80,367762.39999999997,0,0,Home Decor,3252.96,4597.03
SKU022,2025-05-19,93,427523.79,0,0,Home Decor,3252.96,4597.03
SKU022,2025-05-26,90,413732.69999999995,1,0,Home Decor,3252.96,4597.03
SKU022,2025-06-02,89,409135.67,2,0,Home Decor,3252.96,4597.03
SKU022,2025-06-09,90,413732.69999999995,2,0,Home Decor,3252.96,4597.03
SKU022,2025-06-16,86,395344.57999999996,2,0,Home Decor,3252.96,4597.03
SKU022,2025-06-23,83,381553.49,2,0,Home Decor,3252.96,4597.03
SKU022,2025-06-30,70,321792.1,0,0,Home Decor,3252.96,4597.03
SKU022,2025-07-07,58,266627.74,0,0,Home Decor,3252.96,4597.03
SKU022,2025-07-14,82,376956.45999999996,0,0,Home Decor,3252.96,4597.03
SKU022,2025-07-21,64,294209.92,0,0,Home Decor,3252.96,4597.03
SKU022,2025-07-28,70,321792.1,0,0,Home Decor,3252.96,4597.03
SKU022,2025-08-04,64,294209.92,0,0,Home Decor,3252.96,4597.03
SKU022,2025-08-11,64,294209.92,0,1,Home Decor,3252.96,4597.03
SKU022,2025-08-18,69,317195.06999999995,0,0,Home Decor,3252.96,4597.03
SKU022,2025-08-25,49,225254.46999999997,0,0,Home Decor,3252.96,4597.03
SKU022,2025-09-01,55,252836.65,2,0,Home Decor,3252.96,4597.03
SKU022,2025-09-08,67,308001.01,2,0,Home Decor,3252.96,4597.03
SKU022,2025-09-15,60,275821.8,2,0,Home Decor,3252.96,4597.03
SKU022,2025-09-22,61,280418.82999999996,2,0,Home Decor,3252.96,4597.03
SKU022,2025-09-29,50,229851.5,0,0,Home Decor,3252.96,4597.03
SKU022,2025-10-06,54,248239.62,0,0,Home Decor,3252.96,4597.03
SKU022,2025-10-13,58,266627.74,0,0,Home Decor,3252.96,4597.03
SKU022,2025-10-20,51,234448.53,0,1,Home Decor,3252.96,4597.03
SKU022,2025-10-27,62,285015.86,2,0,Home Decor,3252.96,4597.03
SKU022,2025-11-03,44,202269.32,2,0,Home Decor,3252.96,4597.03
SKU022,2025-11-10,78,358568.33999999997,2,0,Home Decor,3252.96,4597.03
SKU022,2025-11-17,53,243642.59,2,0,Home Decor,3252.96,4597.03
SKU022,2025-11-24,69,317195.06999999995,2,0,Home Decor,3252.96,4597.03
SKU022,2025-12-01,70,321792.1,0,0,Home Decor,3252.96,4597.03
SKU022,2025-12-08,60,275821.8,0,0,Home Decor,3252.96,4597.03
SKU022,2025-12-15,62,285015.86,0,0,Home Decor,3252.96,4597.03
SKU022,2025-12-22,84,386150.51999999996,0,1,Home Decor,3252.96,4597.03
SKU023,2024-01-01,100,141674.0,0,0,Kitchen,2484.54,1416.74
SKU023,2024-01-08,83,117589.42,0,0,Kitchen,2484.54,1416.74
SKU023,2024-01-15,97,137423.78,0,0,Kitchen,2484.54,1416.74
SKU023,2024-01-22,100,141674.0,0,1,Kitchen,2484.54,1416.74
SKU023,2024-01-29,126,178509.24,0,0,Kitchen,2484.54,1416.74
SKU023,2024-02-05,126,178509.24,0,0,Kitchen,2484.54,1416.74
SKU023,2024-02-12,109,154424.66,0,0,Kitchen,2484.54,1416.74
SKU023,2024-02-19,99,140257.26,0,0,Kitchen,2484.54,1416.74
SKU023,2024-02-26,114,161508.36,2,0,Kitchen,2484.54,1416.74
SKU023,2024-03-04,136,192676.64,2,0,Kitchen,2484.54,1416.74
SKU023,2024-03-11,137,194093.38,2,0,Kitchen,2484.54,1416.74
SKU023,2024-03-18,99,140257.26,2,0,Kitchen,2484.54,1416.74
SKU023,2024-03-25,117,165758.58000000002,2,0,Kitchen,2484.54,1416.74
SKU023,2024-04-01,122,172842.28,0,0,Kitchen,2484.54,1416.74
SKU023,2024-04-08,132,187009.68,0,0,Kitchen,2484.54,1416.74
SKU023,2024-04-15,118,167175.32,0,0,Kitchen,2484.54,1416.74
SKU023,2024-04-22,102,144507.47999999998,0,0,Kitchen,2484.54,1416.74
SKU023,2024-04-29,102,144507.48,0,0,Kitchen,2484.54,1416.74
SKU023,2024-05-06,120,170008.8,0,0,Kitchen,2484.54,1416.74
SKU023,2024-05-13,129,182759.46,0,0,Kitchen,2484.54,1416.74
SKU023,2024-05-20,101,143090.74,0,0,Kitchen,2484.54,1416.74
SKU023,2024-05-27,123,174259.02000000002,2,0,Kitchen,2484.54,1416.74
SKU023,2024-06-03,116,164341.84000000003,2,0,Kitchen,2484.54,1416.74
SKU023,2024-06-10,114,161508.36,2,0,Kitchen,2484.54,1416.74
SKU023,2024-06-17,124,175675.76,2,0,Kitchen,2484.54,1416.74
SKU023,2024-06-24,118,167175.32,2,0,Kitchen,2484.54,1416.74
SKU023,2024-07-01,109,154424.66,0,0,Kitchen,2484.54,1416.74
SKU023,2024-07-08,88,124673.12,0,0,Kitchen,2484.54,1416.74
SKU023,2024-07-15,102,144507.48,0,0,Kitchen,2484.54,1416.74
SKU023,2024-07-22,109,154424.66,0,0,Kitchen,2484.54,1416.74
SKU023,2024-07-29,105,148757.7,0,0,Kitchen,2484.54,1416.74
SKU023,2024-08-05,105,148757.7,0,0,Kitchen,2484.54,1416.74
SKU023,2024-08-12,82,116172.68,0,1,Kitchen,2484.54,1416.74
SKU023,2024-08-19,99,140257.26,0,0,Kitchen,2484.54,1416.74
SKU023,2024-08-26,85,120422.9,1,0,Kitchen,2484.54,1416.74
SKU023,2024-09-02,88,124673.12,2,0,Kitchen,2484.54,1416.74
SKU023,2024-09-09,87,123256.38,2,0,Kitchen,2484.54,1416.74
SKU023,2024-09-16,85,120422.9,2,0,Kitchen,2484.54,1416.74
SKU023,2024-09-23,89,126089.86,2,0,Kitchen,2484.54,1416.74
SKU023,2024-09-30,76,107672.24,0,0,Kitchen,2484.54,1416.74
SKU023,2024-10-07,67,94921.58,0,0,Kitchen,2484.54,1416.74
SKU023,2024-10-14,74,104838.76000000001,0,0,Kitchen,2484.54,1416.74
SKU023,2024-10-21,84,119006.16,0,0,Kitchen,2484.54,1416.74
SKU023,2024-10-28,86,121839.64,2,1,Kitchen,2484.54,1416.74
SKU023,2024-11-04,85,120422.9,2,0,Kitchen,2484.54,1416.74
SKU023,2024-11-11,94,133173.56,2,0,Kitchen,2484.54,1416.74
SKU023,2024-11-18,98,138840.52,2,0,Kitchen,2484.54,1416.74
SKU023,2024-11-25,111,157258.14,1,0,Kitchen,2484.54,1416.74
SKU023,2024-12-02,104,147340.96,0,0,Kitchen,2484.54,1416.74
SKU023,2024-12-09,80,113339.2,0,0,Kitchen,2484.54,1416.74
SKU023,2024-12-16,90,127506.6,0,0,Kitchen,2484.54,1416.74
SKU023,2024-12-23,99,140257.26,0,1,Kitchen,2484.54,1416.74
SKU023,2024-12-30,117,165758.58000000002,0,0,Kitchen,2484.54,1416.74
SKU023,2025-01-06,114,161508.36,0,0,Kitchen,2484.54,1416.74
SKU023,2025-01-13,92,130340.08,0,0,Kitchen,2484.54,1416.74
SKU023,2025-01-20,83,117589.42,0,1,Kitchen,2484.54,1416.74
SKU023,2025-01-27,106,150174.44,0,0,Kitchen,2484.54,1416.74
SKU023,2025-02-03,98,138840.52,0,0,Kitchen,2484.54,1416.74
SKU023,2025-02-10,113,160091.62,0,0,Kitchen,2484.54,1416.74
SKU023,2025-02-17,115,162925.1,0,0,Kitchen,2484.54,1416.74
SKU023,2025-02-24,119,168592.06,2,0,Kitchen,2484.54,1416.74
SKU023,2025-03-03,125,177092.5,2,0,Kitchen,2484.54,1416.74
SKU023,2025-03-10,131,185592.94,2,0,Kitchen,2484.54,1416.74
SKU023,2025-03-17,127,179925.98,2,0,Kitchen,2484.54,1416.74
SKU023,2025-03-24,141,199760.34,2,0,Kitchen,2484.54,1416.74
SKU023,2025-03-31,121,171425.54,0,0,Kitchen,2484.54,1416.74
SKU023,2025-04-07,127,179925.98,0,0,Kitchen,2484.54,1416.74
SKU023,2025-04-14,120,170008.8,0,0,Kitchen,2484.54,1416.74
SKU023,2025-04-21,128,181342.72,0,0,Kitchen,2484.54,1416.74
SKU023,2025-04-28,107,151591.18,0,0,Kitchen,2484.54,1416.74
SKU023,2025-05-05,133,188426.41999999998,0,0,Kitchen,2484.54,1416.74
SKU023,2025-05-12,111,157258.14,0,0,Kitchen,2484.54,1416.74
SKU023,2025-05-19,118,167175.32,0,0,Kitchen,2484.54,1416.74
SKU023,2025-05-26,112,158674.88,1,0,Kitchen,2484.54,1416.74
SKU023,2025-06-02,122,172842.28,2,0,Kitchen,2484.54,1416.74
SKU023,2025-06-09,117,165758.58,2,0,Kitchen,2484.54,1416.74
SKU023,2025-06-16,133,188426.41999999998,2,0,Kitchen,2484.54,1416.74
SKU023,2025-06-23,130,184176.2,2,0,Kitchen,2484.54,1416.74
SKU023,2025-06-30,105,148757.7,0,0,Kitchen,2484.54,1416.74
SKU023,2025-07-07,100,141674.0,0,0,Kitchen,2484.54,1416.74
SKU023,2025-07-14,91,128923.34,0,0,Kitchen,2484.54,1416.74
SKU023,2025-07-21,107,151591.18,0,0,Kitchen,2484.54,1416.74
SKU023,2025-07-28,102,144507.48,0,0,Kitchen,2484.54,1416.74
SKU023,2025-08-04,107,151591.18,0,0,Kitchen,2484.54,1416.74
SKU023,2025-08-11,102,144507.48,0,1,Kitchen,2484.54,1416.74
SKU023,2025-08-18,95,134590.3,0,0,Kitchen,2484.54,1416.74
SKU023,2025-08-25,82,116172.68,0,0,Kitchen,2484.54,1416.74
SKU023,2025-09-01,76,107672.23999999999,2,0,Kitchen,2484.54,1416.74
SKU023,2025-09-08,53,75087.22,2,0,Kitchen,2484.54,1416.74
SKU023,2025-09-15,111,157258.14,2,0,Kitchen,2484.54,1416.74
SKU023,2025-09-22,90,127506.6,2,0,Kitchen,2484.54,1416.74
SKU023,2025-09-29,89,126089.86,0,0,Kitchen,2484.54,1416.74
SKU023,2025-10-06,80,113339.2,0,0,Kitchen,2484.54,1416.74
SKU023,2025-10-13,74,104838.76,0,0,Kitchen,2484.54,1416.74
SKU023,2025-10-20,91,128923.34,0,1,Kitchen,2484.54,1416.74
SKU023,2025-10-27,84,119006.16,2,0,Kitchen,2484.54,1416.74
SKU023,2025-11-03,91,128923.34,2,0,Kitchen,2484.54,1416.74
SKU023,2025-11-10,88,124673.12,2,0,Kitchen,2484.54,1416.74
SKU023,2025-11-17,88,124673.12,2,0,Kitchen,2484.54,1416.74
SKU023,2025-11-24,90,127506.6,2,0,Kitchen,2484.54,1416.74
SKU023,2025-12-01,97,137423.78,0,0,Kitchen,2484.54,1416.74
SKU023,2025-12-08,98,138840.52,0,0,Kitchen,2484.54,1416.74
SKU023,2025-12-15,96,136007.04,0,0,Kitchen,2484.54,1416.74
SKU023,2025-12-22,99,140257.26,0,1,Kitchen,2484.54,1416.74
SKU024,2024-01-01,93,164504.91,0,0,Lighting,5539.34,1768.87
SKU024,2024-01-08,81,143278.47,0,0,Lighting,5539.34,1768.87
SKU024,2024-01-15,95,168042.65,0,0,Lighting,5539.34,1768.87
SKU024,2024-01-22,87,153891.69,0,1,Lighting,5539.34,1768.87
SKU024,2024-01-29,100,176887.0,0,0,Lighting,5539.34,1768.87
SKU024,2024-02-05,106,187500.21999999997,0,0,Lighting,5539.34,1768.87
SKU024,2024-02-12,84,148585.08,0,0,Lighting,5539.34,1768.87
SKU024,2024-02-19,90,159198.3,0,0,Lighting,5539.34,1768.87
SKU024,2024-02-26,114,201651.18,2,0,Lighting,5539.34,1768.87
SKU024,2024-03-04,115,203420.05,2,0,Lighting,5539.34,1768.87
SKU024,2024-03-11,118,208726.65999999997,2,0,Lighting,5539.34,1768.87
SKU024,2024-03-18,111,196344.56999999998,2,0,Lighting,5539.34,1768.87
SKU024,2024-03-25,117,206957.78999999998,2,0,Lighting,5539.34,1768.87
SKU024,2024-04-01,95,168042.65,0,0,Lighting,5539.34,1768.87
SKU024,2024-04-08,103,182193.61,0,0,Lighting,5539.34,1768.87
SKU024,2024-04-15,113,199882.31,0,0,Lighting,5539.34,1768.87
SKU024,2024-04-22,106,187500.22,0,0,Lighting,5539.34,1768.87
SKU024,2024-04-29,103,182193.61,0,0,Lighting,5539.34,1768.87
SKU024,2024-05-06,108,191037.96,0,0,Lighting,5539.34,1768.87
SKU024,2024-05-13,109,192806.83,0,0,Lighting,5539.34,1768.87
SKU024,2024-05-20,104,183962.47999999998,0,0,Lighting,5539.34,1768.87
SKU024,2024-05-27,118,208726.65999999997,2,0,Lighting,5539.34,1768.87
SKU024,2024-06-03,97,171580.38999999998,2,0,Lighting,5539.34,1768.87
SKU024,2024-06-10,95,168042.65,2,0,Lighting,5539.34,1768.87
SKU024,2024-06-17,114,201651.18,2,0,Lighting,5539.34,1768.87
SKU024,2024-06-24,105,185731.34999999998,2,0,Lighting,5539.34,1768.87
SKU024,2024-07-01,100,176887.0,0,0,Lighting,5539.34,1768.87
SKU024,2024-07-08,83,146816.21,0,0,Lighting,5539.34,1768.87
SKU024,2024-07-15,92,162736.03999999998,0,0,Lighting,5539.34,1768.87
SKU024,2024-07-22,92,162736.03999999998,0,0,Lighting,5539.34,1768.87
SKU024,2024-07-29,88,155660.56,0,0,Lighting,5539.34,1768.87
SKU024,2024-08-05,83,146816.21,0,0,Lighting,5539.34,1768.87
SKU024,2024-08-12,86,152122.81999999998,0,1,Lighting,5539.34,1768.87
SKU024,2024-08-19,100,176887.0,0,0,Lighting,5539.34,1768.87
SKU024,2024-08-26,88,155660.56,1,0,Lighting,5539.34,1768.87
SKU024,2024-09-02,84,148585.08,2,0,Lighting,5539.34,1768.87
SKU024,2024-09-09,83,146816.21,2,0,Lighting,5539.34,1768.87
SKU024,2024-09-16,72,127358.63999999998,2,0,Lighting,5539.34,1768.87
SKU024,2024-09-23,85,150353.94999999998,2,0,Lighting,5539.34,1768.87
SKU024,2024-09-30,83,146816.21,0,0,Lighting,5539.34,1768.87
SKU024,2024-10-07,66,116745.42,0,0,Lighting,5539.34,1768.87
SKU024,2024-10-14,72,127358.64,0,0,Lighting,5539.34,1768.87
SKU024,2024-10-21,62,109669.93999999999,0,0,Lighting,5539.34,1768.87
SKU024,2024-10-28,86,152122.82,2,1,Lighting,5539.34,1768.87
SKU024,2024-11-04,78,137971.86,2,0,Lighting,5539.34,1768.87
SKU024,2024-11-11,72,127358.63999999998,2,0,Lighting,5539.34,1768.87
SKU024,2024-11-18,74,130896.37999999999,2,0,Lighting,5539.34,1768.87
SKU024,2024-11-25,65,114976.54999999999,1,0,Lighting,5539.34,1768.87
SKU024,2024-12-02,76,134434.12,0,0,Lighting,5539.34,1768.87
SKU024,2024-12-09,101,178655.87,0,0,Lighting,5539.34,1768.87
SKU024,2024-12-16,75,132665.25,0,0,Lighting,5539.34,1768.87
SKU024,2024-12-23,71,125589.76999999999,0,1,Lighting,5539.34,1768.87
SKU024,2024-12-30,101,178655.87,0,0,Lighting,5539.34,1768.87
SKU024,2025-01-06,77,136202.99,0,0,Lighting,5539.34,1768.87
SKU024,2025-01-13,73,129127.51,0,0,Lighting,5539.34,1768.87
SKU024,2025-01-20,80,141509.59999999998,0,1,Lighting,5539.34,1768.87
SKU024,2025-01-27,88,155660.56,0,0,Lighting,5539.34,1768.87
SKU024,2025-02-03,84,148585.08,0,0,Lighting,5539.34,1768.87
SKU024,2025-02-10,95,168042.65,0,0,Lighting,5539.34,1768.87
SKU024,2025-02-17,91,160967.16999999998,0,0,Lighting,5539.34,1768.87
SKU024,2025-02-24,116,205188.91999999998,2,0,Lighting,5539.34,1768.87
SKU024,2025-03-03,104,183962.47999999998,2,0,Lighting,5539.34,1768.87
SKU024,2025-03-10,117,206957.78999999998,2,0,Lighting,5539.34,1768.87
SKU024,2025-03-17,141,249410.66999999998,2,0,Lighting,5539.34,1768.87
SKU024,2025-03-24,119,210495.52999999997,2,0,Lighting,5539.34,1768.87
SKU024,2025-03-31,116,205188.91999999998,0,0,Lighting,5539.34,1768.87
SKU024,2025-04-07,90,159198.3,0,0,Lighting,5539.34,1768.87
SKU024,2025-04-14,110,194575.69999999998,0,0,Lighting,5539.34,1768.87
SKU024,2025-04-21,105,185731.34999999998,0,0,Lighting,5539.34,1768.87
SKU024,2025-04-28,108,191037.95999999996,0,0,Lighting,5539.34,1768.87
SKU024,2025-05-05,121,214033.27,0,0,Lighting,5539.34,1768.87
SKU024,2025-05-12,88,155660.56,0,0,Lighting,5539.34,1768.87
SKU024,2025-05-19,91,160967.16999999998,0,0,Lighting,5539.34,1768.87
SKU024,2025-05-26,97,171580.38999999998,1,0,Lighting,5539.34,1768.87
SKU024,2025-06-02,94,166273.77999999997,2,0,Lighting,5539.34,1768.87
SKU024,2025-06-09,105,185731.34999999998,2,0,Lighting,5539.34,1768.87
SKU024,2025-06-16,101,178655.87,2,0,Lighting,5539.34,1768.87
SKU024,2025-06-23,107,189269.09,2,0,Lighting,5539.34,1768.87
SKU024,2025-06-30,94,166273.78,0,0,Lighting,5539.34,1768.87
SKU024,2025-07-07,79,139740.72999999998,0,0,Lighting,5539.34,1768.87
SKU024,2025-07-14,70,123820.9,0,0,Lighting,5539.34,1768.87
SKU024,2025-07-21,73,129127.51,0,0,Lighting,5539.34,1768.87
SKU024,2025-07-28,104,183962.47999999998,0,0,Lighting,5539.34,1768.87
SKU024,2025-08-04,84,148585.08,0,0,Lighting,5539.34,1768.87
SKU024,2025-08-11,83,146816.21,0,1,Lighting,5539.34,1768.87
SKU024,2025-08-18,69,122052.02999999998,0,0,Lighting,5539.34,1768.87
SKU024,2025-08-25,93,164504.90999999997,0,0,Lighting,5539.34,1768.87
SKU024,2025-09-01,104,183962.47999999998,2,0,Lighting,5539.34,1768.87
SKU024,2025-09-08,79,139740.72999999998,2,0,Lighting,5539.34,1768.87
SKU024,2025-09-15,84,148585.08,2,0,Lighting,5539.34,1768.87
SKU024,2025-09-22,80,141509.59999999998,2,0,Lighting,5539.34,1768.87
SKU024,2025-09-29,69,122052.03,0,0,Lighting,5539.34,1768.87
SKU024,2025-10-06,65,114976.54999999999,0,0,Lighting,5539.34,1768.87
SKU024,2025-10-13,75,132665.25,0,0,Lighting,5539.34,1768.87
SKU024,2025-10-20,82,145047.34,0,1,Lighting,5539.34,1768.87
SKU024,2025-10-27,83,146816.21,2,0,Lighting,5539.34,1768.87
SKU024,2025-11-03,82,145047.34,2,0,Lighting,5539.34,1768.87
SKU024,2025-11-10,82,145047.34,2,0,Lighting,5539.34,1768.87
SKU024,2025-11-17,80,141509.59999999998,2,0,Lighting,5539.34,1768.87
SKU024,2025-11-24,76,134434.12,2,0,Lighting,5539.34,1768.87
SKU024,2025-12-01,93,164504.91,0,0,Lighting,5539.34,1768.87
SKU024,2025-12-08,72,127358.63999999998,0,0,Lighting,5539.34,1768.87
SKU024,2025-12-15,85,150353.94999999998,0,0,Lighting,5539.34,1768.87
SKU024,2025-12-22,71,125589.76999999999,0,1,Lighting,5539.34,1768.87
SKU025,2024-01-01,14,161812.14,0,0,Storage,1333.08,11558.01
SKU025,2024-01-08,21,242718.21000000002,0,0,Storage,1333.08,11558.01
SKU025,2024-01-15,16,184928.16,0,0,Storage,1333.08,11558.01
SKU025,2024-01-22,24,277392.24,0,1,Storage,1333.08,11558.01
SKU025,2024-01-29,18,208044.18,0,0,Storage,1333.08,11558.01
SKU025,2024-02-05,19,219602.19,0,0,Storage,1333.08,11558.01
SKU025,2024-02-12,18,208044.18,0,0,Storage,1333.08,11558.01
SKU025,2024-02-19,23,265834.23,0,0,Storage,1333.08,11558.01
SKU025,2024-02-26,25,288950.25,2,0,Storage,1333.08,11558.01
SKU025,2024-03-04,22,254276.22,2,0,Storage,1333.08,11558.01
SKU025,2024-03-11,21,242718.21000000002,2,0,Storage,1333.08,11558.01
SKU025,2024-03-18,27,312066.27,2,0,Storage,1333.08,11558.01
SKU025,2024-03-25,31,358298.31,2,0,Storage,1333.08,11558.01
SKU025,2024-04-01,24,277392.24,0,0,Storage,1333.08,11558.01
SKU025,2024-04-08,19,219602.19,0,0,Storage,1333.08,11558.01
SKU025,2024-04-15,17,196486.17,0,0,Storage,1333.08,11558.01
SKU025,2024-04-22,28,323624.28,0,0,Storage,1333.08,11558.01
SKU025,2024-04-29,19,219602.19,0,0,Storage,1333.08,11558.01
SKU025,2024-05-06,20,231160.2,0,0,Storage,1333.08,11558.01
SKU025,2024-05-13,21,242718.21,0,0,Storage,1333.08,11558.01
SKU025,2024-05-20,15,173370.15,0,0,Storage,1333.08,11558.01
SKU025,2024-05-27,16,184928.16,2,0,Storage,1333.08,11558.01
SKU025,2024-06-03,21,242718.21000000002,2,0,Storage,1333.08,11558.01
SKU025,2024-06-10,16,184928.16,2,0,Storage,1333.08,11558.01
SKU025,2024-06-17,18,208044.18,2,0,Storage,1333.08,11558.01
SKU025,2024-06-24,25,288950.25,2,0,Storage,1333.08,11558.01
SKU025,2024-07-01,24,277392.24,0,0,Storage,1333.08,11558.01
SKU025,2024-07-08,23,265834.23,0,0,Storage,1333.08,11558.01
SKU025,2024-07-15,16,184928.16,0,0,Storage,1333.08,11558.01
SKU025,2024-07-22,14,161812.14,0,0,Storage,1333.08,11558.01
SKU025,2024-07-29,18,208044.18,0,0,Storage,1333.08,11558.01
SKU025,2024-08-05,17,196486.17,0,0,Storage,1333.08,11558.01
SKU025,2024-08-12,17,196486.17,0,1,Storage,1333.08,11558.01
SKU025,2024-08-19,19,219602.19,0,0,Storage,1333.08,11558.01
SKU025,2024-08-26,26,300508.26,1,0,Storage,1333.08,11558.01
SKU025,2024-09-02,16,184928.16,2,0,Storage,1333.08,11558.01
SKU025,2024-09-09,17,196486.17,2,0,Storage,1333.08,11558.01
SKU025,2024-09-16,15,173370.15000000002,2,0,Storage,1333.08,11558.01
SKU025,2024-09-23,12,138696.12,2,0,Storage,1333.08,11558.01
SKU025,2024-09-30,14,161812.14,0,0,Storage,1333.08,11558.01
SKU025,2024-10-07,20,231160.2,0,0,Storage,1333.08,11558.01
SKU025,2024-10-14,26,300508.26,0,0,Storage,1333.08,11558.01
SKU025,2024-10-21,16,184928.16,0,0,Storage,1333.08,11558.01
SKU025,2024-10-28,21,242718.21000000002,2,1,Storage,1333.08,11558.01
SKU025,2024-11-04,18,208044.18,2,0,Storage,1333.08,11558.01
SKU025,2024-11-11,17,196486.17,2,0,Storage,1333.08,11558.01
SKU025,2024-11-18,26,300508.26,2,0,Storage,1333.08,11558.01
SKU025,2024-11-25,5,57790.05,1,0,Storage,1333.08,11558.01
SKU025,2024-12-02,22,254276.22,0,0,Storage,1333.08,11558.01
SKU025,2024-12-09,24,277392.24,0,0,Storage,1333.08,11558.01
SKU025,2024-12-16,22,254276.22,0,0,Storage,1333.08,11558.01
SKU025,2024-12-23,16,184928.16,0,1,Storage,1333.08,11558.01
SKU025,2024-12-30,15,173370.15,0,0,Storage,1333.08,11558.01
SKU025,2025-01-06,21,242718.21,0,0,Storage,1333.08,11558.01
SKU025,2025-01-13,12,138696.12,0,0,Storage,1333.08,11558.01
SKU025,2025-01-20,21,242718.21000000002,0,1,Storage,1333.08,11558.01
SKU025,2025-01-27,17,196486.16999999998,0,0,Storage,1333.08,11558.01
SKU025,2025-02-03,28,323624.28,0,0,Storage,1333.08,11558.01
SKU025,2025-02-10,16,184928.16,0,0,Storage,1333.08,11558.01
SKU025,2025-02-17,17,196486.16999999998,0,0,Storage,1333.08,11558.01
SKU025,2025-02-24,27,312066.27,2,0,Storage,1333.08,11558.01
SKU025,2025-03-03,20,231160.2,2,0,Storage,1333.08,11558.01
SKU025,2025-03-10,16,184928.16,2,0,Storage,1333.08,11558.01
SKU025,2025-03-17,28,323624.28,2,0,Storage,1333.08,11558.01
SKU025,2025-03-24,27,312066.27,2,0,Storage,1333.08,11558.01
SKU025,2025-03-31,10,115580.1,0,0,Storage,1333.08,11558.01
SKU025,2025-04-07,26,300508.26,0,0,Storage,1333.08,11558.01
SKU025,2025-04-14,14,161812.14,0,0,Storage,1333.08,11558.01
SKU025,2025-04-21,16,184928.16,0,0,Storage,1333.08,11558.01
SKU025,2025-04-28,13,150254.13,0,0,Storage,1333.08,11558.01
SKU025,2025-05-05,16,184928.16,0,0,Storage,1333.08,11558.01
SKU025,2025-05-12,21,242718.21,0,0,Storage,1333.08,11558.01
SKU025,2025-05-19,19,219602.19,0,0,Storage,1333.08,11558.01
SKU025,2025-05-26,30,346740.3,1,0,Storage,1333.08,11558.01
SKU025,2025-06-02,19,219602.19,2,0,Storage,1333.08,11558.01
SKU025,2025-06-09,23,265834.23,2,0,Storage,1333.08,11558.01
SKU025,2025-06-16,16,184928.16,2,0,Storage,1333.08,11558.01
SKU025,2025-06-23,25,288950.25,2,0,Storage,1333.08,11558.01
SKU025,2025-06-30,18,208044.18,0,0,Storage,1333.08,11558.01
SKU025,2025-07-07,15,173370.15,0,0,Storage,1333.08,11558.01
SKU025,2025-07-14,24,277392.24,0,0,Storage,1333.08,11558.01
SKU025,2025-07-21,23,265834.23,0,0,Storage,1333.08,11558.01
SKU025,2025-07-28,20,231160.2,0,0,Storage,1333.08,11558.01
SKU025,2025-08-04,17,196486.16999999998,0,0,Storage,1333.08,11558.01
SKU025,2025-08-11,13,150254.13,0,1,Storage,1333.08,11558.01
SKU025,2025-08-18,18,208044.18,0,0,Storage,1333.08,11558.01
SKU025,2025-08-25,22,254276.22,0,0,Storage,1333.08,11558.01
SKU025,2025-09-01,17,196486.17,2,0,Storage,1333.08,11558.01
SKU025,2025-09-08,16,184928.16,2,0,Storage,1333.08,11558.01
SKU025,2025-09-15,16,184928.16,2,0,Storage,1333.08,11558.01
SKU025,2025-09-22,21,242718.21,2,0,Storage,1333.08,11558.01
SKU025,2025-09-29,12,138696.12,0,0,Storage,1333.08,11558.01
SKU025,2025-10-06,13,150254.13,0,0,Storage,1333.08,11558.01
SKU025,2025-10-13,17,196486.17,0,0,Storage,1333.08,11558.01
SKU025,2025-10-20,17,196486.17,0,1,Storage,1333.08,11558.01
SKU025,2025-10-27,20,231160.2,2,0,Storage,1333.08,11558.01
SKU025,2025-11-03,18,208044.18,2,0,Storage,1333.08,11558.01
SKU025,2025-11-10,18,208044.18,2,0,Storage,1333.08,11558.01
SKU025,2025-11-17,12,138696.12,2,0,Storage,1333.08,11558.01
SKU025,2025-11-24,9,104022.09,2,0,Storage,1333.08,11558.01
SKU025,2025-12-01,18,208044.18,0,0,Storage,1333.08,11558.01
SKU025,2025-12-08,13,150254.13,0,0,Storage,1333.08,11558.01
SKU025,2025-12-15,14,161812.13999999998,0,0,Storage,1333.08,11558.01
SKU025,2025-12-22,16,184928.16,0,1,Storage,1333.08,11558.01
SKU026,2024-01-01,166,1815963.6400000004,0,0,Furniture,1799.29,10939.54
SKU026,2024-01-08,156,1706568.2400000002,0,0,Furniture,1799.29,10939.54
SKU026,2024-01-15,152,1662810.08,0,0,Furniture,1799.29,10939.54
SKU026,2024-01-22,150,1640931.0000000002,0,1,Furniture,1799.29,10939.54
SKU026,2024-01-29,158,1728447.32,0,0,Furniture,1799.29,10939.54
SKU026,2024-02-05,195,2133210.3000000003,0,0,Furniture,1799.29,10939.54
SKU026,2024-02-12,169,1848782.2600000002,0,0,Furniture,1799.29,10939.54
SKU026,2024-02-19,171,1870661.34,0,0,Furniture,1799.29,10939.54
SKU026,2024-02-26,161,1761265.9400000002,2,0,Furniture,1799.29,10939.54
SKU026,2024-03-04,189,2067573.06,2,0,Furniture,1799.29,10939.54
SKU026,2024-03-11,222,2428577.88,2,0,Furniture,1799.29,10939.54
SKU026,2024-03-18,202,2209787.08,2,0,Furniture,1799.29,10939.54
SKU026,2024-03-25,179,1958177.6600000001,2,0,Furniture,1799.29,10939.54
SKU026,2024-04-01,159,1739386.86,0,0,Furniture,1799.29,10939.54
SKU026,2024-04-08,196,2144149.84,0,0,Furniture,1799.29,10939.54
SKU026,2024-04-15,181,1980056.7400000002,0,0,Furniture,1799.29,10939.54
SKU026,2024-04-22,186,2034754.44,0,0,Furniture,1799.29,10939.54
SKU026,2024-04-29,174,1903479.9600000002,0,0,Furniture,1799.29,10939.54
SKU026,2024-05-06,190,2078512.6,0,0,Furniture,1799.29,10939.54
SKU026,2024-05-13,162,1772205.4800000002,0,0,Furniture,1799.29,10939.54
SKU026,2024-05-20,180,1969117.2000000002,0,0,Furniture,1799.29,10939.54
SKU026,2024-05-27,201,2198847.54,2,0,Furniture,1799.29,10939.54
SKU026,2024-06-03,183,2001935.8200000003,2,0,Furniture,1799.29,10939.54
SKU026,2024-06-10,175,1914419.5000000002,2,0,Furniture,1799.29,10939.54
SKU026,2024-06-17,211,2308242.9400000004,2,0,Furniture,1799.29,10939.54
SKU026,2024-06-24,182,1990996.28,2,0,Furniture,1799.29,10939.54
SKU026,2024-07-01,163,1783145.02,0,0,Furniture,1799.29,10939.54
SKU026,2024-07-08,138,1509656.5200000003,0,0,Furniture,1799.29,10939.54
SKU026,2024-07-15,157,1717507.78,0,0,Furniture,1799.29,10939.54
SKU026,2024-07-22,137,1498716.98,0,0,Furniture,1799.29,10939.54
SKU026,2024-07-29,144,1575293.7600000002,0,0,Furniture,1799.29,10939.54
SKU026,2024-08-05,138,1509656.52,0,0,Furniture,1799.29,10939.54
SKU026,2024-08-12,138,1509656.5200000003,0,1,Furniture,1799.29,10939.54
SKU026,2024-08-19,144,1575293.76,0,0,Furniture,1799.29,10939.54
SKU026,2024-08-26,129,1411200.6600000001,1,0,Furniture,1799.29,10939.54
SKU026,2024-09-02,146,1597172.84,2,0,Furniture,1799.29,10939.54
SKU026,2024-09-09,143,1564354.2200000002,2,0,Furniture,1799.29,10939.54
SKU026,2024-09-16,120,1312744.8,2,0,Furniture,1799.29,10939.54
SKU026,2024-09-23,129,1411200.6600000001,2,0,Furniture,1799.29,10939.54
SKU026,2024-09-30,131,1433079.7400000002,0,0,Furniture,1799.29,10939.54
SKU026,2024-10-07,145,1586233.3,0,0,Furniture,1799.29,10939.54
SKU026,2024-10-14,141,1542475.1400000001,0,0,Furniture,1799.29,10939.54
SKU026,2024-10-21,137,1498716.98,0,0,Furniture,1799.29,10939.54
SKU026,2024-10-28,130,1422140.2000000002,2,1,Furniture,1799.29,10939.54
SKU026,2024-11-04,127,1389321.58,2,0,Furniture,1799.29,10939.54
SKU026,2024-11-11,156,1706568.2400000002,2,0,Furniture,1799.29,10939.54
SKU026,2024-11-18,124,1356502.96,2,0,Furniture,1799.29,10939.54
SKU026,2024-11-25,116,1268986.6400000001,1,0,Furniture,1799.29,10939.54
SKU026,2024-12-02,162,1772205.48,0,0,Furniture,1799.29,10939.54
SKU026,2024-12-09,148,1619051.9200000002,0,0,Furniture,1799.29,10939.54
SKU026,2024-12-16,131,1433079.7400000002,0,0,Furniture,1799.29,10939.54
SKU026,2024-12-23,145,1586233.3,0,1,Furniture,1799.29,10939.54
SKU026,2024-12-30,147,1608112.3800000001,0,0,Furniture,1799.29,10939.54
SKU026,2025-01-06,165,1805024.1,0,0,Furniture,1799.29,10939.54
SKU026,2025-01-13,136,1487777.4400000002,0,0,Furniture,1799.29,10939.54
SKU026,2025-01-20,165,1805024.1,0,1,Furniture,1799.29,10939.54
SKU026,2025-01-27,161,1761265.9400000002,0,0,Furniture,1799.29,10939.54
SKU026,2025-02-03,170,1859721.8000000003,0,0,Furniture,1799.29,10939.54
SKU026,2025-02-10,166,1815963.6400000001,0,0,Furniture,1799.29,10939.54
SKU026,2025-02-17,177,1936298.58,0,0,Furniture,1799.29,10939.54
SKU026,2025-02-24,169,1848782.2600000002,2,0,Furniture,1799.29,10939.54
SKU026,2025-03-03,173,1892540.4200000002,2,0,Furniture,1799.29,10939.54
SKU026,2025-03-10,197,2155089.38,2,0,Furniture,1799.29,10939.54
SKU026,2025-03-17,207,2264484.7800000003,2,0,Furniture,1799.29,10939.54
SKU026,2025-03-24,202,2209787.08,2,0,Furniture,1799.29,10939.54
SKU026,2025-03-31,174,1903479.9600000002,0,0,Furniture,1799.29,10939.54
SKU026,2025-04-07,195,2133210.3000000003,0,0,Furniture,1799.29,10939.54
SKU026,2025-04-14,160,1750326.4000000001,0,0,Furniture,1799.29,10939.54
SKU026,2025-04-21,189,2067573.06,0,0,Furniture,1799.29,10939.54
SKU026,2025-04-28,179,1958177.6600000001,0,0,Furniture,1799.29,10939.54
SKU026,2025-05-05,177,1936298.58,0,0,Furniture,1799.29,10939.54
SKU026,2025-05-12,184,2012875.36,0,0,Furniture,1799.29,10939.54
SKU026,2025-05-19,177,1936298.58,0,0,Furniture,1799.29,10939.54
SKU026,2025-05-26,206,2253545.24,1,0,Furniture,1799.29,10939.54
SKU026,2025-06-02,199,2176968.46,2,0,Furniture,1799.29,10939.54
SKU026,2025-06-09,201,2198847.54,2,0,Furniture,1799.29,10939.54
SKU026,2025-06-16,171,1870661.34,2,0,Furniture,1799.29,10939.54
SKU026,2025-06-23,161,1761265.9400000002,2,0,Furniture,1799.29,10939.54
SKU026,2025-06-30,150,1640931.0,0,0,Furniture,1799.29,10939.54
SKU026,2025-07-07,153,1673749.62,0,0,Furniture,1799.29,10939.54
SKU026,2025-07-14,155,1695628.7000000002,0,0,Furniture,1799.29,10939.54
SKU026,2025-07-21,173,1892540.42,0,0,Furniture,1799.29,10939.54
SKU026,2025-07-28,156,1706568.24,0,0,Furniture,1799.29,10939.54
SKU026,2025-08-04,150,1640931.0000000002,0,0,Furniture,1799.29,10939.54
SKU026,2025-08-11,128,1400261.12,0,1,Furniture,1799.29,10939.54
SKU026,2025-08-18,123,1345563.42,0,0,Furniture,1799.29,10939.54
SKU026,2025-08-25,129,1411200.6600000001,0,0,Furniture,1799.29,10939.54
SKU026,2025-09-01,153,1673749.62,2,0,Furniture,1799.29,10939.54
SKU026,2025-09-08,124,1356502.9600000002,2,0,Furniture,1799.29,10939.54
SKU026,2025-09-15,138,1509656.52,2,0,Furniture,1799.29,10939.54
SKU026,2025-09-22,132,1444019.28,2,0,Furniture,1799.29,10939.54
SKU026,2025-09-29,114,1247107.56,0,0,Furniture,1799.29,10939.54
SKU026,2025-10-06,135,1476837.9000000001,0,0,Furniture,1799.29,10939.54
SKU026,2025-10-13,138,1509656.52,0,0,Furniture,1799.29,10939.54
SKU026,2025-10-20,124,1356502.96,0,1,Furniture,1799.29,10939.54
SKU026,2025-10-27,141,1542475.1400000001,2,0,Furniture,1799.29,10939.54
SKU026,2025-11-03,127,1389321.58,2,0,Furniture,1799.29,10939.54
SKU026,2025-11-10,130,1422140.2000000002,2,0,Furniture,1799.29,10939.54
SKU026,2025-11-17,128,1400261.12,2,0,Furniture,1799.29,10939.54
SKU026,2025-11-24,126,1378382.04,2,0,Furniture,1799.29,10939.54
SKU026,2025-12-01,157,1717507.7800000003,0,0,Furniture,1799.29,10939.54
SKU026,2025-12-08,128,1400261.12,0,0,Furniture,1799.29,10939.54
SKU026,2025-12-15,156,1706568.2400000002,0,0,Furniture,1799.29,10939.54
SKU026,2025-12-22,135,1476837.9000000001,0,1,Furniture,1799.29,10939.54
SKU027,2024-01-01,162,1379689.2000000002,0,0,Home Decor,307.06,8516.6
SKU027,2024-01-08,170,1447822.0,0,0,Home Decor,307.06,8516.6
SKU027,2024-01-15,170,1447822.0,0,0,Home Decor,307.06,8516.6
SKU027,2024-01-22,145,1234907.0,0,1,Home Decor,307.06,8516.6
SKU027,2024-01-29,182,1550021.2000000002,0,0,Home Decor,307.06,8516.6
SKU027,2024-02-05,188,1601120.8,0,0,Home Decor,307.06,8516.6
SKU027,2024-02-12,177,1507438.2000000002,0,0,Home Decor,307.06,8516.6
SKU027,2024-02-19,158,1345622.8,0,0,Home Decor,307.06,8516.6
SKU027,2024-02-26,188,1601120.8,2,0,Home Decor,307.06,8516.6
SKU027,2024-03-04,212,1805519.2000000002,2,0,Home Decor,307.06,8516.6
SKU027,2024-03-11,214,1822552.4000000001,2,0,Home Decor,307.06,8516.6
SKU027,2024-03-18,195,1660737.0,2,0,Home Decor,307.06,8516.6
SKU027,2024-03-25,195,1660737.0,2,0,Home Decor,307.06,8516.6
SKU027,2024-04-01,200,1703320.0,0,0,Home Decor,307.06,8516.6
SKU027,2024-04-08,181,1541504.6,0,0,Home Decor,307.06,8516.6
SKU027,2024-04-15,185,1575571.0,0,0,Home Decor,307.06,8516.6
SKU027,2024-04-22,205,1745903.0,0,0,Home Decor,307.06,8516.6
SKU027,2024-04-29,188,1601120.8,0,0,Home Decor,307.06,8516.6
SKU027,2024-05-06,194,1652220.4000000001,0,0,Home Decor,307.06,8516.6
SKU027,2024-05-13,196,1669253.6,0,0,Home Decor,307.06,8516.6
SKU027,2024-05-20,193,1643703.8,0,0,Home Decor,307.06,8516.6
SKU027,2024-05-27,210,1788486.0000000002,2,0,Home Decor,307.06,8516.6
SKU027,2024-06-03,179,1524471.4000000001,2,0,Home Decor,307.06,8516.6
SKU027,2024-06-10,219,1865135.4000000001,2,0,Home Decor,307.06,8516.6
SKU027,2024-06-17,200,1703320.0,2,0,Home Decor,307.06,8516.6
SKU027,2024-06-24,178,1515954.8,2,0,Home Decor,307.06,8516.6
SKU027,2024-07-01,149,1268973.4000000001,0,0,Home Decor,307.06,8516.6
SKU027,2024-07-08,168,1430788.8,0,0,Home Decor,307.06,8516.6
SKU027,2024-07-15,167,1422272.2000000002,0,0,Home Decor,307.06,8516.6
SKU027,2024-07-22,154,1311556.4000000001,0,0,Home Decor,307.06,8516.6
SKU027,2024-07-29,151,1286006.6,0,0,Home Decor,307.06,8516.6
SKU027,2024-08-05,149,1268973.4000000001,0,0,Home Decor,307.06,8516.6
SKU027,2024-08-12,158,1345622.8,0,1,Home Decor,307.06,8516.6
SKU027,2024-08-19,165,1405239.0,0,0,Home Decor,307.06,8516.6
SKU027,2024-08-26,154,1311556.4000000001,1,0,Home Decor,307.06,8516.6
SKU027,2024-09-02,127,1081608.2,2,0,Home Decor,307.06,8516.6
SKU027,2024-09-09,134,1141224.4000000001,2,0,Home Decor,307.06,8516.6
SKU027,2024-09-16,143,1217873.8,2,0,Home Decor,307.06,8516.6
SKU027,2024-09-23,156,1328589.6,2,0,Home Decor,307.06,8516.6
SKU027,2024-09-30,126,1073091.6,0,0,Home Decor,307.06,8516.6
SKU027,2024-10-07,126,1073091.6,0,0,Home Decor,307.06,8516.6
SKU027,2024-10-14,121,1030508.6,0,0,Home Decor,307.06,8516.6
SKU027,2024-10-21,151,1286006.6,0,0,Home Decor,307.06,8516.6
SKU027,2024-10-28,138,1175290.8,2,1,Home Decor,307.06,8516.6
SKU027,2024-11-04,143,1217873.8,2,0,Home Decor,307.06,8516.6
SKU027,2024-11-11,153,1303039.8,2,0,Home Decor,307.06,8516.6
SKU027,2024-11-18,163,1388205.8,2,0,Home Decor,307.06,8516.6
SKU027,2024-11-25,152,1294523.2000000002,1,0,Home Decor,307.06,8516.6
SKU027,2024-12-02,153,1303039.8,0,0,Home Decor,307.06,8516.6
SKU027,2024-12-09,154,1311556.4,0,0,Home Decor,307.06,8516.6
SKU027,2024-12-16,133,1132707.8,0,0,Home Decor,307.06,8516.6
SKU027,2024-12-23,172,1464855.2000000002,0,1,Home Decor,307.06,8516.6
SKU027,2024-12-30,185,1575571.0,0,0,Home Decor,307.06,8516.6
SKU027,2025-01-06,167,1422272.2000000002,0,0,Home Decor,307.06,8516.6
SKU027,2025-01-13,190,1618154.0,0,0,Home Decor,307.06,8516.6
SKU027,2025-01-20,179,1524471.4000000001,0,1,Home Decor,307.06,8516.6
SKU027,2025-01-27,160,1362656.0,0,0,Home Decor,307.06,8516.6
SKU027,2025-02-03,197,1677770.2000000002,0,0,Home Decor,307.06,8516.6
SKU027,2025-02-10,187,1592604.2000000002,0,0,Home Decor,307.06,8516.6
SKU027,2025-02-17,156,1328589.6,0,0,Home Decor,307.06,8516.6
SKU027,2025-02-24,204,1737386.4000000001,2,0,Home Decor,307.06,8516.6
SKU027,2025-03-03,206,1754419.6,2,0,Home Decor,307.06,8516.6
SKU027,2025-03-10,219,1865135.4000000001,2,0,Home Decor,307.06,8516.6
SKU027,2025-03-17,216,1839585.6,2,0,Home Decor,307.06,8516.6
SKU027,2025-03-24,206,1754419.6,2,0,Home Decor,307.06,8516.6
SKU027,2025-03-31,188,1601120.8,0,0,Home Decor,307.06,8516.6
SKU027,2025-04-07,195,1660737.0,0,0,Home Decor,307.06,8516.6
SKU027,2025-04-14,228,1941784.8,0,0,Home Decor,307.06,8516.6
SKU027,2025-04-21,180,1532988.0,0,0,Home Decor,307.06,8516.6
SKU027,2025-04-28,188,1601120.8,0,0,Home Decor,307.06,8516.6
SKU027,2025-05-05,180,1532988.0,0,0,Home Decor,307.06,8516.6
SKU027,2025-05-12,209,1779969.4000000001,0,0,Home Decor,307.06,8516.6
SKU027,2025-05-19,204,1737386.4000000001,0,0,Home Decor,307.06,8516.6
SKU027,2025-05-26,195,1660737.0,1,0,Home Decor,307.06,8516.6
SKU027,2025-06-02,181,1541504.6,2,0,Home Decor,307.06,8516.6
SKU027,2025-06-09,165,1405239.0,2,0,Home Decor,307.06,8516.6
SKU027,2025-06-16,193,1643703.8,2,0,Home Decor,307.06,8516.6
SKU027,2025-06-23,183,1558537.8,2,0,Home Decor,307.06,8516.6
SKU027,2025-06-30,165,1405239.0,0,0,Home Decor,307.06,8516.6
SKU027,2025-07-07,185,1575571.0,0,0,Home Decor,307.06,8516.6
SKU027,2025-07-14,163,1388205.8,0,0,Home Decor,307.06,8516.6
SKU027,2025-07-21,155,1320073.0,0,0,Home Decor,307.06,8516.6
SKU027,2025-07-28,156,1328589.6,0,0,Home Decor,307.06,8516.6
SKU027,2025-08-04,120,1021992.0,0,0,Home Decor,307.06,8516.6
SKU027,2025-08-11,146,1243423.6,0,1,Home Decor,307.06,8516.6
SKU027,2025-08-18,145,1234907.0,0,0,Home Decor,307.06,8516.6
SKU027,2025-08-25,138,1175290.8,0,0,Home Decor,307.06,8516.6
SKU027,2025-09-01,167,1422272.2000000002,2,0,Home Decor,307.06,8516.6
SKU027,2025-09-08,143,1217873.8,2,0,Home Decor,307.06,8516.6
SKU027,2025-09-15,158,1345622.8,2,0,Home Decor,307.06,8516.6
SKU027,2025-09-22,150,1277490.0,2,0,Home Decor,307.06,8516.6
SKU027,2025-09-29,151,1286006.6,0,0,Home Decor,307.06,8516.6
SKU027,2025-10-06,149,1268973.4000000001,0,0,Home Decor,307.06,8516.6
SKU027,2025-10-13,127,1081608.2000000002,0,0,Home Decor,307.06,8516.6
SKU027,2025-10-20,130,1107158.0,0,1,Home Decor,307.06,8516.6
SKU027,2025-10-27,136,1158257.6,2,0,Home Decor,307.06,8516.6
SKU027,2025-11-03,147,1251940.2000000002,2,0,Home Decor,307.06,8516.6
SKU027,2025-11-10,149,1268973.4000000001,2,0,Home Decor,307.06,8516.6
SKU027,2025-11-17,163,1388205.8,2,0,Home Decor,307.06,8516.6
SKU027,2025-11-24,162,1379689.2,2,0,Home Decor,307.06,8516.6
SKU027,2025-12-01,153,1303039.8,0,0,Home Decor,307.06,8516.6
SKU027,2025-12-08,161,1371172.6,0,0,Home Decor,307.06,8516.6
SKU027,2025-12-15,182,1550021.2000000002,0,0,Home Decor,307.06,8516.6
SKU027,2025-12-22,144,1226390.4,0,1,Home Decor,307.06,8516.6
SKU028,2024-01-01,32,111490.88,0,0,Kitchen,6348.66,3484.09
SKU028,2024-01-08,35,121943.15000000001,0,0,Kitchen,6348.66,3484.09
SKU028,2024-01-15,39,135879.51,0,0,Kitchen,6348.66,3484.09
SKU028,2024-01-22,34,118459.06,0,1,Kitchen,6348.66,3484.09
SKU028,2024-01-29,40,139363.6,0,0,Kitchen,6348.66,3484.09
SKU028,2024-02-05,37,128911.33,0,0,Kitchen,6348.66,3484.09
SKU028,2024-02-12,43,149815.87,0,0,Kitchen,6348.66,3484.09
SKU028,2024-02-19,34,118459.06,0,0,Kitchen,6348.66,3484.09
SKU028,2024-02-26,44,153299.96000000002,2,0,Kitchen,6348.66,3484.09
SKU028,2024-03-04,54,188140.86000000002,2,0,Kitchen,6348.66,3484.09
SKU028,2024-03-11,43,149815.87,2,0,Kitchen,6348.66,3484.09
SKU028,2024-03-18,47,163752.23,2,0,Kitchen,6348.66,3484.09
SKU028,2024-03-25,56,195109.04,2,0,Kitchen,6348.66,3484.09
SKU028,2024-04-01,47,163752.23,0,0,Kitchen,6348.66,3484.09
SKU028,2024-04-08,50,174204.5,0,0,Kitchen,6348.66,3484.09
SKU028,2024-04-15,56,195109.04,0,0,Kitchen,6348.66,3484.09
SKU028,2024-04-22,44,153299.96000000002,0,0,Kitchen,6348.66,3484.09
SKU028,2024-04-29,40,139363.6,0,0,Kitchen,6348.66,3484.09
SKU028,2024-05-06,45,156784.05000000002,0,0,Kitchen,6348.66,3484.09
SKU028,2024-05-13,53,184656.77000000002,0,0,Kitchen,6348.66,3484.09
SKU028,2024-05-20,40,139363.6,0,0,Kitchen,6348.66,3484.09
SKU028,2024-05-27,52,181172.68,2,0,Kitchen,6348.66,3484.09
SKU028,2024-06-03,32,111490.88,2,0,Kitchen,6348.66,3484.09
SKU028,2024-06-10,48,167236.32,2,0,Kitchen,6348.66,3484.09
SKU028,2024-06-17,52,181172.68,2,0,Kitchen,6348.66,3484.09
SKU028,2024-06-24,52,181172.68,2,0,Kitchen,6348.66,3484.09
SKU028,2024-07-01,42,146331.78,0,0,Kitchen,6348.66,3484.09
SKU028,2024-07-08,37,128911.33,0,0,Kitchen,6348.66,3484.09
SKU028,2024-07-15,39,135879.51,0,0,Kitchen,6348.66,3484.09
SKU028,2024-07-22,46,160268.14,0,0,Kitchen,6348.66,3484.09
SKU028,2024-07-29,30,104522.70000000001,0,0,Kitchen,6348.66,3484.09
SKU028,2024-08-05,28,97554.52,0,0,Kitchen,6348.66,3484.09
SKU028,2024-08-12,31,108006.79000000001,0,1,Kitchen,6348.66,3484.09
SKU028,2024-08-19,37,128911.33,0,0,Kitchen,6348.66,3484.09
SKU028,2024-08-26,31,108006.79000000001,1,0,Kitchen,6348.66,3484.09
SKU028,2024-09-02,41,142847.69,2,0,Kitchen,6348.66,3484.09
SKU028,2024-09-09,26,90586.34,2,0,Kitchen,6348.66,3484.09
SKU028,2024-09-16,44,153299.96000000002,2,0,Kitchen,6348.66,3484.09
SKU028,2024-09-23,25,87102.25,2,0,Kitchen,6348.66,3484.09
SKU028,2024-09-30,36,125427.24,0,0,Kitchen,6348.66,3484.09
SKU028,2024-10-07,29,101038.61,0,0,Kitchen,6348.66,3484.09
SKU028,2024-10-14,34,118459.06,0,0,Kitchen,6348.66,3484.09
SKU028,2024-10-21,26,90586.34,0,0,Kitchen,6348.66,3484.09
SKU028,2024-10-28,40,139363.6,2,1,Kitchen,6348.66,3484.09
SKU028,2024-11-04,32,111490.88,2,0,Kitchen,6348.66,3484.09
SKU028,2024-11-11,33,114974.97,2,0,Kitchen,6348.66,3484.09
SKU028,2024-11-18,30,104522.70000000001,2,0,Kitchen,6348.66,3484.09
SKU028,2024-11-25,41,142847.69,1,0,Kitchen,6348.66,3484.09
SKU028,2024-12-02,36,125427.24,0,0,Kitchen,6348.66,3484.09
SKU028,2024-12-09,48,167236.32,0,0,Kitchen,6348.66,3484.09
SKU028,2024-12-16,45,156784.05000000002,0,0,Kitchen,6348.66,3484.09
SKU028,2024-12-23,37,128911.33,0,1,Kitchen,6348.66,3484.09
SKU028,2024-12-30,47,163752.23,0,0,Kitchen,6348.66,3484.09
SKU028,2025-01-06,41,142847.69,0,0,Kitchen,6348.66,3484.09
SKU028,2025-01-13,43,149815.87,0,0,Kitchen,6348.66,3484.09
SKU028,2025-01-20,42,146331.78,0,1,Kitchen,6348.66,3484.09
SKU028,2025-01-27,38,132395.42,0,0,Kitchen,6348.66,3484.09
SKU028,2025-02-03,44,153299.96000000002,0,0,Kitchen,6348.66,3484.09
SKU028,2025-02-10,37,128911.33,0,0,Kitchen,6348.66,3484.09
SKU028,2025-02-17,32,111490.88,0,0,Kitchen,6348.66,3484.09
SKU028,2025-02-24,41,142847.69,2,0,Kitchen,6348.66,3484.09
SKU028,2025-03-03,52,181172.68000000002,2,0,Kitchen,6348.66,3484.09
SKU028,2025-03-10,43,149815.87,2,0,Kitchen,6348.66,3484.09
SKU028,2025-03-17,50,174204.5,2,0,Kitchen,6348.66,3484.09
SKU028,2025-03-24,54,188140.86000000002,2,0,Kitchen,6348.66,3484.09
SKU028,2025-03-31,36,125427.24,0,0,Kitchen,6348.66,3484.09
SKU028,2025-04-07,42,146331.78,0,0,Kitchen,6348.66,3484.09
SKU028,2025-04-14,44,153299.96000000002,0,0,Kitchen,6348.66,3484.09
SKU028,2025-04-21,49,170720.41,0,0,Kitchen,6348.66,3484.09
SKU028,2025-04-28,44,153299.96000000002,0,0,Kitchen,6348.66,3484.09
SKU028,2025-05-05,49,170720.41,0,0,Kitchen,6348.66,3484.09
SKU028,2025-05-12,48,167236.32,0,0,Kitchen,6348.66,3484.09
SKU028,2025-05-19,52,181172.68,0,0,Kitchen,6348.66,3484.09
SKU028,2025-05-26,40,139363.6,1,0,Kitchen,6348.66,3484.09
SKU028,2025-06-02,49,170720.41,2,0,Kitchen,6348.66,3484.09
SKU028,2025-06-09,41,142847.69,2,0,Kitchen,6348.66,3484.09
SKU028,2025-06-16,41,142847.69,2,0,Kitchen,6348.66,3484.09
SKU028,2025-06-23,43,149815.87,2,0,Kitchen,6348.66,3484.09
SKU028,2025-06-30,32,111490.88,0,0,Kitchen,6348.66,3484.09
SKU028,2025-07-07,46,160268.14,0,0,Kitchen,6348.66,3484.09
SKU028,2025-07-14,42,146331.78,0,0,Kitchen,6348.66,3484.09
SKU028,2025-07-21,36,125427.24,0,0,Kitchen,6348.66,3484.09
SKU028,2025-07-28,35,121943.15000000001,0,0,Kitchen,6348.66,3484.09
SKU028,2025-08-04,40,139363.6,0,0,Kitchen,6348.66,3484.09
SKU028,2025-08-11,31,108006.79000000001,0,1,Kitchen,6348.66,3484.09
SKU028,2025-08-18,27,94070.43000000001,0,0,Kitchen,6348.66,3484.09
SKU028,2025-08-25,45,156784.05000000002,0,0,Kitchen,6348.66,3484.09
SKU028,2025-09-01,35,121943.15000000001,2,0,Kitchen,6348.66,3484.09
SKU028,2025-09-08,36,125427.24,2,0,Kitchen,6348.66,3484.09
SKU028,2025-09-15,34,118459.06,2,0,Kitchen,6348.66,3484.09
SKU028,2025-09-22,30,104522.70000000001,2,0,Kitchen,6348.66,3484.09
SKU028,2025-09-29,18,62713.62,0,0,Kitchen,6348.66,3484.09
SKU028,2025-10-06,31,108006.79000000001,0,0,Kitchen,6348.66,3484.09
SKU028,2025-10-13,32,111490.88,0,0,Kitchen,6348.66,3484.09
SKU028,2025-10-20,30,104522.70000000001,0,1,Kitchen,6348.66,3484.09
SKU028,2025-10-27,31,108006.79000000001,2,0,Kitchen,6348.66,3484.09
SKU028,2025-11-03,30,104522.70000000001,2,0,Kitchen,6348.66,3484.09
SKU028,2025-11-10,40,139363.6,2,0,Kitchen,6348.66,3484.09
SKU028,2025-11-17,39,135879.51,2,0,Kitchen,6348.66,3484.09
SKU028,2025-11-24,34,118459.06,2,0,Kitchen,6348.66,3484.09
SKU028,2025-12-01,40,139363.6,0,0,Kitchen,6348.66,3484.09
SKU028,2025-12-08,25,87102.25,0,0,Kitchen,6348.66,3484.09
SKU028,2025-12-15,22,76649.98000000001,0,0,Kitchen,6348.66,3484.09
SKU028,2025-12-22,31,108006.79000000001,0,1,Kitchen,6348.66,3484.09
SKU029,2024-01-01,114,1327239.3,0,0,Lighting,5402.59,11642.45
SKU029,2024-01-08,120,1397094.0,0,0,Lighting,5402.59,11642.45
SKU029,2024-01-15,93,1082747.85,0,0,Lighting,5402.59,11642.45
SKU029,2024-01-22,94,1094390.3,0,1,Lighting,5402.59,11642.45
SKU029,2024-01-29,109,1269027.05,0,0,Lighting,5402.59,11642.45
SKU029,2024-02-05,102,1187529.9000000001,0,0,Lighting,5402.59,11642.45
SKU029,2024-02-12,114,1327239.3000000003,0,0,Lighting,5402.59,11642.45
SKU029,2024-02-19,112,1303954.4000000001,0,0,Lighting,5402.59,11642.45
SKU029,2024-02-26,115,1338881.75,2,0,Lighting,5402.59,11642.45
SKU029,2024-03-04,131,1525160.9500000002,2,0,Lighting,5402.59,11642.45
SKU029,2024-03-11,133,1548445.85,2,0,Lighting,5402.59,11642.45
SKU029,2024-03-18,142,1653227.9000000001,2,0,Lighting,5402.59,11642.45
SKU029,2024-03-25,125,1455306.25,2,0,Lighting,5402.59,11642.45
SKU029,2024-04-01,117,1362166.6500000001,0,0,Lighting,5402.59,11642.45
SKU029,2024-04-08,139,1618300.55,0,0,Lighting,5402.59,11642.45
SKU029,2024-04-15,126,1466948.7000000002,0,0,Lighting,5402.59,11642.45
SKU029,2024-04-22,125,1455306.25,0,0,Lighting,5402.59,11642.45
SKU029,2024-04-29,117,1362166.6500000001,0,0,Lighting,5402.59,11642.45
SKU029,2024-05-06,116,1350524.2000000002,0,0,Lighting,5402.59,11642.45
SKU029,2024-05-13,117,1362166.6500000001,0,0,Lighting,5402.59,11642.45
SKU029,2024-05-20,134,1560088.3,0,0,Lighting,5402.59,11642.45
SKU029,2024-05-27,132,1536803.4000000001,2,0,Lighting,5402.59,11642.45
SKU029,2024-06-03,129,1501876.05,2,0,Lighting,5402.59,11642.45
SKU029,2024-06-10,142,1653227.9000000001,2,0,Lighting,5402.59,11642.45
SKU029,2024-06-17,128,1490233.6,2,0,Lighting,5402.59,11642.45
SKU029,2024-06-24,127,1478591.1500000001,2,0,Lighting,5402.59,11642.45
SKU029,2024-07-01,118,1373809.1,0,0,Lighting,5402.59,11642.45
SKU029,2024-07-08,101,1175887.4500000002,0,0,Lighting,5402.59,11642.45
SKU029,2024-07-15,86,1001250.7000000001,0,0,Lighting,5402.59,11642.45
SKU029,2024-07-22,134,1560088.3,0,0,Lighting,5402.59,11642.45
SKU029,2024-07-29,100,1164245.0,0,0,Lighting,5402.59,11642.45
SKU029,2024-08-05,98,1140960.1,0,0,Lighting,5402.59,11642.45
SKU029,2024-08-12,107,1245742.1500000001,0,1,Lighting,5402.59,11642.45
SKU029,2024-08-19,106,1234099.7000000002,0,0,Lighting,5402.59,11642.45
SKU029,2024-08-26,99,1152602.55,1,0,Lighting,5402.59,11642.45
SKU029,2024-09-02,109,1269027.05,2,0,Lighting,5402.59,11642.45
SKU029,2024-09-09,104,1210814.8000000003,2,0,Lighting,5402.59,11642.45
SKU029,2024-09-16,93,1082747.85,2,0,Lighting,5402.59,11642.45
SKU029,2024-09-23,93,1082747.85,2,0,Lighting,5402.59,11642.45
SKU029,2024-09-30,98,1140960.1,0,0,Lighting,5402.59,11642.45
SKU029,2024-10-07,96,1117675.2000000002,0,0,Lighting,5402.59,11642.45
SKU029,2024-10-14,90,1047820.5000000001,0,0,Lighting,5402.59,11642.45
SKU029,2024-10-21,96,1117675.2,0,0,Lighting,5402.59,11642.45
SKU029,2024-10-28,75,873183.75,2,1,Lighting,5402.59,11642.45
SKU029,2024-11-04,95,1106032.75,2,0,Lighting,5402.59,11642.45
SKU029,2024-11-11,110,1280669.5,2,0,Lighting,5402.59,11642.45
SKU029,2024-11-18,114,1327239.3,2,0,Lighting,5402.59,11642.45
SKU029,2024-11-25,83,966323.3500000001,1,0,Lighting,5402.59,11642.45
SKU029,2024-12-02,110,1280669.5,0,0,Lighting,5402.59,11642.45
SKU029,2024-12-09,95,1106032.75,0,0,Lighting,5402.59,11642.45
SKU029,2024-12-16,109,1269027.05,0,0,Lighting,5402.59,11642.45
SKU029,2024-12-23,96,1117675.2,0,1,Lighting,5402.59,11642.45
SKU029,2024-12-30,114,1327239.3,0,0,Lighting,5402.59,11642.45
SKU029,2025-01-06,110,1280669.5,0,0,Lighting,5402.59,11642.45
SKU029,2025-01-13,124,1443663.8000000003,0,0,Lighting,5402.59,11642.45
SKU029,2025-01-20,91,1059462.9500000002,0,1,Lighting,5402.59,11642.45
SKU029,2025-01-27,111,1292311.9500000002,0,0,Lighting,5402.59,11642.45
SKU029,2025-02-03,105,1222457.25,0,0,Lighting,5402.59,11642.45
SKU029,2025-02-10,127,1478591.1500000001,0,0,Lighting,5402.59,11642.45
SKU029,2025-02-17,118,1373809.1,0,0,Lighting,5402.59,11642.45
SKU029,2025-02-24,116,1350524.2000000002,2,0,Lighting,5402.59,11642.45
SKU029,2025-03-03,127,1478591.1500000001,2,0,Lighting,5402.59,11642.45
SKU029,2025-03-10,106,1234099.7000000002,2,0,Lighting,5402.59,11642.45
SKU029,2025-03-17,147,1711440.1500000001,2,0,Lighting,5402.59,11642.45
SKU029,2025-03-24,132,1536803.4000000001,2,0,Lighting,5402.59,11642.45
SKU029,2025-03-31,136,1583373.2000000002,0,0,Lighting,5402.59,11642.45
SKU029,2025-04-07,120,1397094.0,0,0,Lighting,5402.59,11642.45
SKU029,2025-04-14,131,1525160.9500000002,0,0,Lighting,5402.59,11642.45
SKU029,2025-04-21,120,1397094.0,0,0,Lighting,5402.59,11642.45
SKU029,2025-04-28,116,1350524.2000000002,0,0,Lighting,5402.59,11642.45
SKU029,2025-05-05,127,1478591.1500000001,0,0,Lighting,5402.59,11642.45
SKU029,2025-05-12,142,1653227.9000000001,0,0,Lighting,5402.59,11642.45
SKU029,2025-05-19,130,1513518.5,0,0,Lighting,5402.59,11642.45
SKU029,2025-05-26,133,1548445.85,1,0,Lighting,5402.59,11642.45
SKU029,2025-06-02,117,1362166.6500000001,2,0,Lighting,5402.59,11642.45
SKU029,2025-06-09,121,1408736.4500000002,2,0,Lighting,5402.59,11642.45
SKU029,2025-06-16,122,1420378.9000000001,2,0,Lighting,5402.59,11642.45
SKU029,2025-06-23,114,1327239.3,2,0,Lighting,5402.59,11642.45
SKU029,2025-06-30,102,1187529.9000000001,0,0,Lighting,5402.59,11642.45
SKU029,2025-07-07,107,1245742.1500000001,0,0,Lighting,5402.59,11642.45
SKU029,2025-07-14,112,1303954.4000000001,0,0,Lighting,5402.59,11642.45
SKU029,2025-07-21,120,1397094.0000000002,0,0,Lighting,5402.59,11642.45
SKU029,2025-07-28,97,1129317.6500000001,0,0,Lighting,5402.59,11642.45
SKU029,2025-08-04,93,1082747.85,0,0,Lighting,5402.59,11642.45
SKU029,2025-08-11,113,1315596.85,0,1,Lighting,5402.59,11642.45
SKU029,2025-08-18,114,1327239.3,0,0,Lighting,5402.59,11642.45
SKU029,2025-08-25,103,1199172.35,0,0,Lighting,5402.59,11642.45
SKU029,2025-09-01,90,1047820.5000000001,2,0,Lighting,5402.59,11642.45
SKU029,2025-09-08,89,1036178.05,2,0,Lighting,5402.59,11642.45
SKU029,2025-09-15,105,1222457.25,2,0,Lighting,5402.59,11642.45
SKU029,2025-09-22,86,1001250.7000000001,2,0,Lighting,5402.59,11642.45
SKU029,2025-09-29,78,908111.1000000001,0,0,Lighting,5402.59,11642.45
SKU029,2025-10-06,92,1071105.4000000001,0,0,Lighting,5402.59,11642.45
SKU029,2025-10-13,85,989608.2500000001,0,0,Lighting,5402.59,11642.45
SKU029,2025-10-20,98,1140960.1,0,1,Lighting,5402.59,11642.45
SKU029,2025-10-27,104,1210814.8,2,0,Lighting,5402.59,11642.45
SKU029,2025-11-03,88,1024535.6000000001,2,0,Lighting,5402.59,11642.45
SKU029,2025-11-10,98,1140960.1,2,0,Lighting,5402.59,11642.45
SKU029,2025-11-17,97,1129317.6500000001,2,0,Lighting,5402.59,11642.45
SKU029,2025-11-24,96,1117675.2,2,0,Lighting,5402.59,11642.45
SKU029,2025-12-01,87,1012893.15,0,0,Lighting,5402.59,11642.45
SKU029,2025-12-08,115,1338881.75,0,0,Lighting,5402.59,11642.45
SKU029,2025-12-15,104,1210814.8,0,0,Lighting,5402.59,11642.45
SKU029,2025-12-22,97,1129317.6500000001,0,1,Lighting,5402.59,11642.45
SKU030,2024-01-01,39,367906.89,0,0,Storage,5715.03,9433.51
SKU030,2024-01-08,41,386773.91000000003,0,0,Storage,5715.03,9433.51
SKU030,2024-01-15,23,216970.73,0,0,Storage,5715.03,9433.51
SKU030,2024-01-22,28,264138.28,0,1,Storage,5715.03,9433.51
SKU030,2024-01-29,29,273571.79,0,0,Storage,5715.03,9433.51
SKU030,2024-02-05,30,283005.3,0,0,Storage,5715.03,9433.51
SKU030,2024-02-12,36,339606.36,0,0,Storage,5715.03,9433.51
SKU030,2024-02-19,42,396207.42,0,0,Storage,5715.03,9433.51
SKU030,2024-02-26,43,405640.93,2,0,Storage,5715.03,9433.51
SKU030,2024-03-04,22,207537.22,2,0,Storage,5715.03,9433.51
SKU030,2024-03-11,38,358473.38,2,0,Storage,5715.03,9433.51
SKU030,2024-03-18,43,405640.93000000005,2,0,Storage,5715.03,9433.51
SKU030,2024-03-25,36,339606.36,2,0,Storage,5715.03,9433.51
SKU030,2024-04-01,45,424507.95,0,0,Storage,5715.03,9433.51
SKU030,2024-04-08,40,377340.4,0,0,Storage,5715.03,9433.51
SKU030,2024-04-15,38,358473.38,0,0,Storage,5715.03,9433.51
SKU030,2024-04-22,36,339606.36000000004,0,0,Storage,5715.03,9433.51
SKU030,2024-04-29,35,330172.85000000003,0,0,Storage,5715.03,9433.51
SKU030,2024-05-06,41,386773.91000000003,0,0,Storage,5715.03,9433.51
SKU030,2024-05-13,42,396207.42000000004,0,0,Storage,5715.03,9433.51
SKU030,2024-05-20,47,443374.97,0,0,Storage,5715.03,9433.51
SKU030,2024-05-27,40,377340.4,2,0,Storage,5715.03,9433.51
SKU030,2024-06-03,29,273571.79000000004,2,0,Storage,5715.03,9433.51
SKU030,2024-06-10,47,443374.97000000003,2,0,Storage,5715.03,9433.51
SKU030,2024-06-17,28,264138.28,2,0,Storage,5715.03,9433.51
SKU030,2024-06-24,30,283005.3,2,0,Storage,5715.03,9433.51
SKU030,2024-07-01,36,339606.36,0,0,Storage,5715.03,9433.51
SKU030,2024-07-08,27,254704.77000000002,0,0,Storage,5715.03,9433.51
SKU030,2024-07-15,27,254704.77000000002,0,0,Storage,5715.03,9433.51
SKU030,2024-07-22,32,301872.32,0,0,Storage,5715.03,9433.51
SKU030,2024-07-29,38,358473.38,0,0,Storage,5715.03,9433.51
SKU030,2024-08-05,45,424507.95,0,0,Storage,5715.03,9433.51
SKU030,2024-08-12,25,235837.75,0,1,Storage,5715.03,9433.51
SKU030,2024-08-19,30,283005.3,0,0,Storage,5715.03,9433.51
SKU030,2024-08-26,39,367906.89,1,0,Storage,5715.03,9433.51
SKU030,2024-09-02,26,245271.26,2,0,Storage,5715.03,9433.51
SKU030,2024-09-09,30,283005.3,2,0,Storage,5715.03,9433.51
SKU030,2024-09-16,32,301872.32,2,0,Storage,5715.03,9433.51
SKU030,2024-09-23,37,349039.87,2,0,Storage,5715.03,9433.51
SKU030,2024-09-30,22,207537.22,0,0,Storage,5715.03,9433.51
SKU030,2024-10-07,18,169803.18,0,0,Storage,5715.03,9433.51
SKU030,2024-10-14,31,292438.81,0,0,Storage,5715.03,9433.51
SKU030,2024-10-21,26,245271.26,0,0,Storage,5715.03,9433.51
SKU030,2024-10-28,27,254704.77,2,1,Storage,5715.03,9433.51
SKU030,2024-11-04,28,264138.28,2,0,Storage,5715.03,9433.51
SKU030,2024-11-11,30,283005.3,2,0,Storage,5715.03,9433.51
SKU030,2024-11-18,30,283005.3,2,0,Storage,5715.03,9433.51
SKU030,2024-11-25,32,301872.32,1,0,Storage,5715.03,9433.51
SKU030,2024-12-02,30,283005.3,0,0,Storage,5715.03,9433.51
SKU030,2024-12-09,38,358473.38,0,0,Storage,5715.03,9433.51
SKU030,2024-12-16,32,301872.32,0,0,Storage,5715.03,9433.51
SKU030,2024-12-23,27,254704.77000000002,0,1,Storage,5715.03,9433.51
SKU030,2024-12-30,21,198103.71,0,0,Storage,5715.03,9433.51
SKU030,2025-01-06,31,292438.81,0,0,Storage,5715.03,9433.51
SKU030,2025-01-13,34,320739.33999999997,0,0,Storage,5715.03,9433.51
SKU030,2025-01-20,36,339606.36,0,1,Storage,5715.03,9433.51
SKU030,2025-01-27,26,245271.26,0,0,Storage,5715.03,9433.51
SKU030,2025-02-03,41,386773.91000000003,0,0,Storage,5715.03,9433.51
SKU030,2025-02-10,31,292438.81,0,0,Storage,5715.03,9433.51
SKU030,2025-02-17,39,367906.89,0,0,Storage,5715.03,9433.51
SKU030,2025-02-24,47,443374.97000000003,2,0,Storage,5715.03,9433.51
SKU030,2025-03-03,39,367906.89,2,0,Storage,5715.03,9433.51
SKU030,2025-03-10,32,301872.32,2,0,Storage,5715.03,9433.51
SKU030,2025-03-17,44,415074.44,2,0,Storage,5715.03,9433.51
SKU030,2025-03-24,40,377340.4,2,0,Storage,5715.03,9433.51
SKU030,2025-03-31,30,283005.3,0,0,Storage,5715.03,9433.51
SKU030,2025-04-07,35,330172.85,0,0,Storage,5715.03,9433.51
SKU030,2025-04-14,31,292438.81,0,0,Storage,5715.03,9433.51
SKU030,2025-04-21,40,377340.4,0,0,Storage,5715.03,9433.51
SKU030,2025-04-28,44,415074.44,0,0,Storage,5715.03,9433.51
SKU030,2025-05-05,30,283005.30000000005,0,0,Storage,5715.03,9433.51
SKU030,2025-05-12,37,349039.87,0,0,Storage,5715.03,9433.51
SKU030,2025-05-19,38,358473.38,0,0,Storage,5715.03,9433.51
SKU030,2025-05-26,39,367906.89,1,0,Storage,5715.03,9433.51
SKU030,2025-06-02,38,358473.38,2,0,Storage,5715.03,9433.51
SKU030,2025-06-09,51,481109.01,2,0,Storage,5715.03,9433.51
SKU030,2025-06-16,31,292438.81,2,0,Storage,5715.03,9433.51
SKU030,2025-06-23,47,443374.97000000003,2,0,Storage,5715.03,9433.51
SKU030,2025-06-30,27,254704.77000000002,0,0,Storage,5715.03,9433.51
SKU030,2025-07-07,29,273571.79000000004,0,0,Storage,5715.03,9433.51
SKU030,2025-07-14,36,339606.36,0,0,Storage,5715.03,9433.51
SKU030,2025-07-21,29,273571.79000000004,0,0,Storage,5715.03,9433.51
SKU030,2025-07-28,33,311305.83,0,0,Storage,5715.03,9433.51
SKU030,2025-08-04,30,283005.3,0,0,Storage,5715.03,9433.51
SKU030,2025-08-11,28,264138.28,0,1,Storage,5715.03,9433.51
SKU030,2025-08-18,36,339606.36,0,0,Storage,5715.03,9433.51
SKU030,2025-08-25,32,301872.32,0,0,Storage,5715.03,9433.51
SKU030,2025-09-01,26,245271.26,2,0,Storage,5715.03,9433.51
SKU030,2025-09-08,34,320739.33999999997,2,0,Storage,5715.03,9433.51
SKU030,2025-09-15,32,301872.32,2,0,Storage,5715.03,9433.51
SKU030,2025-09-22,41,386773.91000000003,2,0,Storage,5715.03,9433.51
SKU030,2025-09-29,27,254704.77000000002,0,0,Storage,5715.03,9433.51
SKU030,2025-10-06,25,235837.75,0,0,Storage,5715.03,9433.51
SKU030,2025-10-13,32,301872.32,0,0,Storage,5715.03,9433.51
SKU030,2025-10-20,27,254704.77,0,1,Storage,5715.03,9433.51
SKU030,2025-10-27,28,264138.27999999997,2,0,Storage,5715.03,9433.51
SKU030,2025-11-03,25,235837.75,2,0,Storage,5715.03,9433.51
SKU030,2025-11-10,34,320739.33999999997,2,0,Storage,5715.03,9433.51
SKU030,2025-11-17,33,311305.83,2,0,Storage,5715.03,9433.51
SKU030,2025-11-24,26,245271.26,2,0,Storage,5715.03,9433.51
SKU030,2025-12-01,25,235837.75,0,0,Storage,5715.03,9433.51
SKU030,2025-12-08,35,330172.85000000003,0,0,Storage,5715.03,9433.51
SKU030,2025-12-15,26,245271.26,0,0,Storage,5715.03,9433.51
SKU030,2025-12-22,28,264138.28,0,1,Storage,5715.03,9433.51
SKU031,2024-01-01,143,1246377.99,0,0,Furniture,6300.65,8715.93
SKU031,2024-01-08,107,932604.51,0,0,Furniture,6300.65,8715.93
SKU031,2024-01-15,132,1150502.76,0,0,Furniture,6300.65,8715.93
SKU031,2024-01-22,144,1255093.92,0,1,Furniture,6300.65,8715.93
SKU031,2024-01-29,138,1202798.34,0,0,Furniture,6300.65,8715.93
SKU031,2024-02-05,137,1194082.4100000001,0,0,Furniture,6300.65,8715.93
SKU031,2024-02-12,137,1194082.4100000001,0,0,Furniture,6300.65,8715.93
SKU031,2024-02-19,150,1307389.5,0,0,Furniture,6300.65,8715.93
SKU031,2024-02-26,136,1185366.48,2,0,Furniture,6300.65,8715.93
SKU031,2024-03-04,163,1420696.59,2,0,Furniture,6300.65,8715.93
SKU031,2024-03-11,167,1455560.31,2,0,Furniture,6300.65,8715.93
SKU031,2024-03-18,166,1446844.3800000001,2,0,Furniture,6300.65,8715.93
SKU031,2024-03-25,150,1307389.5,2,0,Furniture,6300.65,8715.93
SKU031,2024-04-01,158,1377116.94,0,0,Furniture,6300.65,8715.93
SKU031,2024-04-08,130,1133070.9,0,0,Furniture,6300.65,8715.93
SKU031,2024-04-15,165,1438128.45,0,0,Furniture,6300.65,8715.93
SKU031,2024-04-22,121,1054627.53,0,0,Furniture,6300.65,8715.93
SKU031,2024-04-29,159,1385832.87,0,0,Furniture,6300.65,8715.93
SKU031,2024-05-06,152,1324821.36,0,0,Furniture,6300.65,8715.93
SKU031,2024-05-13,143,1246377.99,0,0,Furniture,6300.65,8715.93
SKU031,2024-05-20,150,1307389.5,0,0,Furniture,6300.65,8715.93
SKU031,2024-05-27,160,1394548.8,2,0,Furniture,6300.65,8715.93
SKU031,2024-06-03,151,1316105.4300000002,2,0,Furniture,6300.65,8715.93
SKU031,2024-06-10,150,1307389.5,2,0,Furniture,6300.65,8715.93
SKU031,2024-06-17,152,1324821.3599999999,2,0,Furniture,6300.65,8715.93
SKU031,2024-06-24,164,1429412.52,2,0,Furniture,6300.65,8715.93
SKU031,2024-07-01,133,1159218.69,0,0,Furniture,6300.65,8715.93
SKU031,2024-07-08,120,1045911.6,0,0,Furniture,6300.65,8715.93
SKU031,2024-07-15,126,1098207.18,0,0,Furniture,6300.65,8715.93
SKU031,2024-07-22,122,1063343.46,0,0,Furniture,6300.65,8715.93
SKU031,2024-07-29,98,854161.14,0,0,Furniture,6300.65,8715.93
SKU031,2024-08-05,145,1263809.85,0,0,Furniture,6300.65,8715.93
SKU031,2024-08-12,120,1045911.6,0,1,Furniture,6300.65,8715.93
SKU031,2024-08-19,104,906456.7200000001,0,0,Furniture,6300.65,8715.93
SKU031,2024-08-26,124,1080775.32,1,0,Furniture,6300.65,8715.93
SKU031,2024-09-02,110,958752.3,2,0,Furniture,6300.65,8715.93
SKU031,2024-09-09,135,1176650.55,2,0,Furniture,6300.65,8715.93
SKU031,2024-09-16,123,1072059.3900000001,2,0,Furniture,6300.65,8715.93
SKU031,2024-09-23,116,1011047.88,2,0,Furniture,6300.65,8715.93
SKU031,2024-09-30,105,915172.65,0,0,Furniture,6300.65,8715.93
SKU031,2024-10-07,109,950036.37,0,0,Furniture,6300.65,8715.93
SKU031,2024-10-14,109,950036.3700000001,0,0,Furniture,6300.65,8715.93
SKU031,2024-10-21,112,976184.16,0,0,Furniture,6300.65,8715.93
SKU031,2024-10-28,129,1124354.97,2,1,Furniture,6300.65,8715.93
SKU031,2024-11-04,113,984900.0900000001,2,0,Furniture,6300.65,8715.93
SKU031,2024-11-11,105,915172.65,2,0,Furniture,6300.65,8715.93
SKU031,2024-11-18,113,984900.0900000001,2,0,Furniture,6300.65,8715.93
SKU031,2024-11-25,103,897740.79,1,0,Furniture,6300.65,8715.93
SKU031,2024-12-02,114,993616.02,0,0,Furniture,6300.65,8715.93
SKU031,2024-12-09,107,932604.51,0,0,Furniture,6300.65,8715.93
SKU031,2024-12-16,106,923888.58,0,0,Furniture,6300.65,8715.93
SKU031,2024-12-23,108,941320.44,0,1,Furniture,6300.65,8715.93
SKU031,2024-12-30,138,1202798.34,0,0,Furniture,6300.65,8715.93
SKU031,2025-01-06,145,1263809.85,0,0,Furniture,6300.65,8715.93
SKU031,2025-01-13,132,1150502.76,0,0,Furniture,6300.65,8715.93
SKU031,2025-01-20,140,1220230.2,0,1,Furniture,6300.65,8715.93
SKU031,2025-01-27,131,1141786.83,0,0,Furniture,6300.65,8715.93
SKU031,2025-02-03,152,1324821.36,0,0,Furniture,6300.65,8715.93
SKU031,2025-02-10,163,1420696.59,0,0,Furniture,6300.65,8715.93
SKU031,2025-02-17,130,1133070.9,0,0,Furniture,6300.65,8715.93
SKU031,2025-02-24,137,1194082.41,2,0,Furniture,6300.65,8715.93
SKU031,2025-03-03,170,1481708.1,2,0,Furniture,6300.65,8715.93
SKU031,2025-03-10,133,1159218.69,2,0,Furniture,6300.65,8715.93
SKU031,2025-03-17,145,1263809.85,2,0,Furniture,6300.65,8715.93
SKU031,2025-03-24,173,1507855.8900000001,2,0,Furniture,6300.65,8715.93
SKU031,2025-03-31,131,1141786.83,0,0,Furniture,6300.65,8715.93
SKU031,2025-04-07,160,1394548.8,0,0,Furniture,6300.65,8715.93
SKU031,2025-04-14,132,1150502.76,0,0,Furniture,6300.65,8715.93
SKU031,2025-04-21,130,1133070.9000000001,0,0,Furniture,6300.65,8715.93
SKU031,2025-04-28,153,1333537.29,0,0,Furniture,6300.65,8715.93
SKU031,2025-05-05,156,1359685.08,0,0,Furniture,6300.65,8715.93
SKU031,2025-05-12,145,1263809.85,0,0,Furniture,6300.65,8715.93
SKU031,2025-05-19,158,1377116.9400000002,0,0,Furniture,6300.65,8715.93
SKU031,2025-05-26,153,1333537.29,1,0,Furniture,6300.65,8715.93
SKU031,2025-06-02,156,1359685.08,2,0,Furniture,6300.65,8715.93
SKU031,2025-06-09,162,1411980.6600000001,2,0,Furniture,6300.65,8715.93
SKU031,2025-06-16,144,1255093.92,2,0,Furniture,6300.65,8715.93
SKU031,2025-06-23,136,1185366.48,2,0,Furniture,6300.65,8715.93
SKU031,2025-06-30,124,1080775.32,0,0,Furniture,6300.65,8715.93
SKU031,2025-07-07,111,967468.23,0,0,Furniture,6300.65,8715.93
SKU031,2025-07-14,131,1141786.83,0,0,Furniture,6300.65,8715.93
SKU031,2025-07-21,127,1106923.11,0,0,Furniture,6300.65,8715.93
SKU031,2025-07-28,121,1054627.53,0,0,Furniture,6300.65,8715.93
SKU031,2025-08-04,129,1124354.9700000002,0,0,Furniture,6300.65,8715.93
SKU031,2025-08-11,136,1185366.48,0,1,Furniture,6300.65,8715.93
SKU031,2025-08-18,111,967468.2300000001,0,0,Furniture,6300.65,8715.93
SKU031,2025-08-25,123,1072059.3900000001,0,0,Furniture,6300.65,8715.93
SKU031,2025-09-01,118,1028479.74,2,0,Furniture,6300.65,8715.93
SKU031,2025-09-08,125,1089491.25,2,0,Furniture,6300.65,8715.93
SKU031,2025-09-15,118,1028479.74,2,0,Furniture,6300.65,8715.93
SKU031,2025-09-22,112,976184.16,2,0,Furniture,6300.65,8715.93
SKU031,2025-09-29,107,932604.51,0,0,Furniture,6300.65,8715.93
SKU031,2025-10-06,109,950036.37,0,0,Furniture,6300.65,8715.93
SKU031,2025-10-13,120,1045911.6000000001,0,0,Furniture,6300.65,8715.93
SKU031,2025-10-20,114,993616.02,0,1,Furniture,6300.65,8715.93
SKU031,2025-10-27,110,958752.3,2,0,Furniture,6300.65,8715.93
SKU031,2025-11-03,109,950036.37,2,0,Furniture,6300.65,8715.93
SKU031,2025-11-10,131,1141786.83,2,0,Furniture,6300.65,8715.93
SKU031,2025-11-17,113,984900.09,2,0,Furniture,6300.65,8715.93
SKU031,2025-11-24,104,906456.7200000001,2,0,Furniture,6300.65,8715.93
SKU031,2025-12-01,96,836729.28,0,0,Furniture,6300.65,8715.93
SKU031,2025-12-08,104,906456.72,0,0,Furniture,6300.65,8715.93
SKU031,2025-12-15,132,1150502.76,0,0,Furniture,6300.65,8715.93
SKU031,2025-12-22,97,845445.21,0,1,Furniture,6300.65,8715.93
SKU032,2024-01-01,53,297467.27,0,0,Home Decor,3806.6,5612.59
SKU032,2024-01-08,66,370430.94,0,0,Home Decor,3806.6,5612.59
SKU032,2024-01-15,72,404106.48000000004,0,0,Home Decor,3806.6,5612.59
SKU032,2024-01-22,70,392881.30000000005,0,1,Home Decor,3806.6,5612.59
SKU032,2024-01-29,64,359205.76,0,0,Home Decor,3806.6,5612.59
SKU032,2024-02-05,89,499520.51,0,0,Home Decor,3806.6,5612.59
SKU032,2024-02-12,69,387268.71,0,0,Home Decor,3806.6,5612.59
SKU032,2024-02-19,77,432169.43,0,0,Home Decor,3806.6,5612.59
SKU032,2024-02-26,93,521970.87,2,0,Home Decor,3806.6,5612.59
SKU032,2024-03-04,68,381656.12,2,0,Home Decor,3806.6,5612.59
SKU032,2024-03-11,78,437782.02,2,0,Home Decor,3806.6,5612.59
SKU032,2024-03-18,85,477070.15,2,0,Home Decor,3806.6,5612.59
SKU032,2024-03-25,71,398493.89,2,0,Home Decor,3806.6,5612.59
SKU032,2024-04-01,75,420944.25,0,0,Home Decor,3806.6,5612.59
SKU032,2024-04-08,74,415331.66000000003,0,0,Home Decor,3806.6,5612.59
SKU032,2024-04-15,68,381656.12,0,0,Home Decor,3806.6,5612.59
SKU032,2024-04-22,78,437782.02,0,0,Home Decor,3806.6,5612.59
SKU032,2024-04-29,73,409719.07,0,0,Home Decor,3806.6,5612.59
SKU032,2024-05-06,57,319917.63,0,0,Home Decor,3806.6,5612.59
SKU032,2024-05-13,101,566871.5900000001,0,0,Home Decor,3806.6,5612.59
SKU032,2024-05-20,72,404106.48000000004,0,0,Home Decor,3806.6,5612.59
SKU032,2024-05-27,84,471457.56,2,0,Home Decor,3806.6,5612.59
SKU032,2024-06-03,83,465844.97000000003,2,0,Home Decor,3806.6,5612.59
SKU032,2024-06-10,65,364818.35,2,0,Home Decor,3806.6,5612.59
SKU032,2024-06-17,74,415331.66000000003,2,0,Home Decor,3806.6,5612.59
SKU032,2024-06-24,71,398493.89,2,0,Home Decor,3806.6,5612.59
SKU032,2024-07-01,66,370430.94,0,0,Home Decor,3806.6,5612.59
SKU032,2024-07-08,69,387268.71,0,0,Home Decor,3806.6,5612.59
SKU032,2024-07-15,75,420944.25,0,0,Home Decor,3806.6,5612.59
SKU032,2024-07-22,53,297467.27,0,0,Home Decor,3806.6,5612.59
SKU032,2024-07-29,46,258179.14,0,0,Home Decor,3806.6,5612.59
SKU032,2024-08-05,61,342367.99,0,0,Home Decor,3806.6,5612.59
SKU032,2024-08-12,54,303079.86,0,1,Home Decor,3806.6,5612.59
SKU032,2024-08-19,42,235728.78000000003,0,0,Home Decor,3806.6,5612.59
SKU032,2024-08-26,50,280629.5,1,0,Home Decor,3806.6,5612.59
SKU032,2024-09-02,58,325530.22000000003,2,0,Home Decor,3806.6,5612.59
SKU032,2024-09-09,60,336755.4,2,0,Home Decor,3806.6,5612.59
SKU032,2024-09-16,69,387268.71,2,0,Home Decor,3806.6,5612.59
SKU032,2024-09-23,43,241341.37,2,0,Home Decor,3806.6,5612.59
SKU032,2024-09-30,50,280629.5,0,0,Home Decor,3806.6,5612.59
SKU032,2024-10-07,56,314305.04000000004,0,0,Home Decor,3806.6,5612.59
SKU032,2024-10-14,49,275016.91000000003,0,0,Home Decor,3806.6,5612.59
SKU032,2024-10-21,48,269404.32,0,0,Home Decor,3806.6,5612.59
SKU032,2024-10-28,51,286242.09,2,1,Home Decor,3806.6,5612.59
SKU032,2024-11-04,68,381656.12,2,0,Home Decor,3806.6,5612.59
SKU032,2024-11-11,53,297467.27,2,0,Home Decor,3806.6,5612.59
SKU032,2024-11-18,41,230116.19,2,0,Home Decor,3806.6,5612.59
SKU032,2024-11-25,50,280629.5,1,0,Home Decor,3806.6,5612.59
SKU032,2024-12-02,54,303079.86,0,0,Home Decor,3806.6,5612.59
SKU032,2024-12-09,58,325530.22000000003,0,0,Home Decor,3806.6,5612.59
SKU032,2024-12-16,59,331142.81,0,0,Home Decor,3806.6,5612.59
SKU032,2024-12-23,64,359205.76,0,1,Home Decor,3806.6,5612.59
SKU032,2024-12-30,57,319917.63,0,0,Home Decor,3806.6,5612.59
SKU032,2025-01-06,54,303079.86,0,0,Home Decor,3806.6,5612.59
SKU032,2025-01-13,67,376043.53,0,0,Home Decor,3806.6,5612.59
SKU032,2025-01-20,64,359205.76,0,1,Home Decor,3806.6,5612.59
SKU032,2025-01-27,63,353593.17000000004,0,0,Home Decor,3806.6,5612.59
SKU032,2025-02-03,74,415331.66000000003,0,0,Home Decor,3806.6,5612.59
SKU032,2025-02-10,63,353593.17,0,0,Home Decor,3806.6,5612.59
SKU032,2025-02-17,80,449007.2,0,0,Home Decor,3806.6,5612.59
SKU032,2025-02-24,73,409719.07,2,0,Home Decor,3806.6,5612.59
SKU032,2025-03-03,58,325530.22,2,0,Home Decor,3806.6,5612.59
SKU032,2025-03-10,98,550033.8200000001,2,0,Home Decor,3806.6,5612.59
SKU032,2025-03-17,83,465844.97,2,0,Home Decor,3806.6,5612.59
SKU032,2025-03-24,74,415331.66000000003,2,0,Home Decor,3806.6,5612.59
SKU032,2025-03-31,68,381656.12,0,0,Home Decor,3806.6,5612.59
SKU032,2025-04-07,78,437782.02,0,0,Home Decor,3806.6,5612.59
SKU032,2025-04-14,92,516358.28,0,0,Home Decor,3806.6,5612.59
SKU032,2025-04-21,71,398493.89,0,0,Home Decor,3806.6,5612.59
SKU032,2025-04-28,89,499520.51,0,0,Home Decor,3806.6,5612.59
SKU032,2025-05-05,94,527583.46,0,0,Home Decor,3806.6,5612.59
SKU032,2025-05-12,73,409719.07,0,0,Home Decor,3806.6,5612.59
SKU032,2025-05-19,69,387268.71,0,0,Home Decor,3806.6,5612.59
SKU032,2025-05-26,79,443394.61,1,0,Home Decor,3806.6,5612.59
SKU032,2025-06-02,77,432169.43000000005,2,0,Home Decor,3806.6,5612.59
SKU032,2025-06-09,78,437782.02,2,0,Home Decor,3806.6,5612.59
SKU032,2025-06-16,74,415331.66000000003,2,0,Home Decor,3806.6,5612.59
SKU032,2025-06-23,55,308692.45,2,0,Home Decor,3806.6,5612.59
SKU032,2025-06-30,70,392881.3,0,0,Home Decor,3806.6,5612.59
SKU032,2025-07-07,63,353593.17,0,0,Home Decor,3806.6,5612.59
SKU032,2025-07-14,54,303079.86,0,0,Home Decor,3806.6,5612.59
SKU032,2025-07-21,52,291854.68,0,0,Home Decor,3806.6,5612.59
SKU032,2025-07-28,80,449007.2,0,0,Home Decor,3806.6,5612.59
SKU032,2025-08-04,51,286242.09,0,0,Home Decor,3806.6,5612.59
SKU032,2025-08-11,65,364818.35000000003,0,1,Home Decor,3806.6,5612.59
SKU032,2025-08-18,51,286242.09,0,0,Home Decor,3806.6,5612.59
SKU032,2025-08-25,55,308692.45,0,0,Home Decor,3806.6,5612.59
SKU032,2025-09-01,48,269404.32,2,0,Home Decor,3806.6,5612.59
SKU032,2025-09-08,76,426556.84,2,0,Home Decor,3806.6,5612.59
SKU032,2025-09-15,57,319917.63,2,0,Home Decor,3806.6,5612.59
SKU032,2025-09-22,60,336755.4,2,0,Home Decor,3806.6,5612.59
SKU032,2025-09-29,44,246953.96,0,0,Home Decor,3806.6,5612.59
SKU032,2025-10-06,50,280629.5,0,0,Home Decor,3806.6,5612.59
SKU032,2025-10-13,48,269404.32,0,0,Home Decor,3806.6,5612.59
SKU032,2025-10-20,52,291854.68,0,1,Home Decor,3806.6,5612.59
SKU032,2025-10-27,67,376043.53,2,0,Home Decor,3806.6,5612.59
SKU032,2025-11-03,61,342367.99,2,0,Home Decor,3806.6,5612.59
SKU032,2025-11-10,54,303079.86,2,0,Home Decor,3806.6,5612.59
SKU032,2025-11-17,70,392881.30000000005,2,0,Home Decor,3806.6,5612.59
SKU032,2025-11-24,50,280629.5,2,0,Home Decor,3806.6,5612.59
SKU032,2025-12-01,60,336755.4,0,0,Home Decor,3806.6,5612.59
SKU032,2025-12-08,56,314305.04000000004,0,0,Home Decor,3806.6,5612.59
SKU032,2025-12-15,68,381656.12,0,0,Home Decor,3806.6,5612.59
SKU032,2025-12-22,51,286242.09,0,1,Home Decor,3806.6,5612.59
SKU033,2024-01-01,114,405612.0,0,0,Kitchen,4657.74,3558.0
SKU033,2024-01-08,133,473214.0,0,0,Kitchen,4657.74,3558.0
SKU033,2024-01-15,132,469656.0,0,0,Kitchen,4657.74,3558.0
SKU033,2024-01-22,127,451866.0,0,1,Kitchen,4657.74,3558.0
SKU033,2024-01-29,123,437634.0,0,0,Kitchen,4657.74,3558.0
SKU033,2024-02-05,144,512352.0,0,0,Kitchen,4657.74,3558.0
SKU033,2024-02-12,105,373590.0,0,0,Kitchen,4657.74,3558.0
SKU033,2024-02-19,125,444750.0,0,0,Kitchen,4657.74,3558.0
SKU033,2024-02-26,125,444750.0,2,0,Kitchen,4657.74,3558.0
SKU033,2024-03-04,149,530142.0,2,0,Kitchen,4657.74,3558.0
SKU033,2024-03-11,160,569280.0,2,0,Kitchen,4657.74,3558.0
SKU033,2024-03-18,151,537258.0,2,0,Kitchen,4657.74,3558.0
SKU033,2024-03-25,162,576396.0,2,0,Kitchen,4657.74,3558.0
SKU033,2024-04-01,164,583512.0,0,0,Kitchen,4657.74,3558.0
SKU033,2024-04-08,178,633324.0,0,0,Kitchen,4657.74,3558.0
SKU033,2024-04-15,148,526584.0,0,0,Kitchen,4657.74,3558.0
SKU033,2024-04-22,119,423402.0,0,0,Kitchen,4657.74,3558.0
SKU033,2024-04-29,138,491004.0,0,0,Kitchen,4657.74,3558.0
SKU033,2024-05-06,155,551490.0,0,0,Kitchen,4657.74,3558.0
SKU033,2024-05-13,150,533700.0,0,0,Kitchen,4657.74,3558.0
SKU033,2024-05-20,120,426960.0,0,0,Kitchen,4657.74,3558.0
SKU033,2024-05-27,145,515910.0,2,0,Kitchen,4657.74,3558.0
SKU033,2024-06-03,146,519468.0,2,0,Kitchen,4657.74,3558.0
SKU033,2024-06-10,152,540816.0,2,0,Kitchen,4657.74,3558.0
SKU033,2024-06-17,158,562164.0,2,0,Kitchen,4657.74,3558.0
SKU033,2024-06-24,146,519468.0,2,0,Kitchen,4657.74,3558.0
SKU033,2024-07-01,134,476772.0,0,0,Kitchen,4657.74,3558.0
SKU033,2024-07-08,136,483888.0,0,0,Kitchen,4657.74,3558.0
SKU033,2024-07-15,122,434076.0,0,0,Kitchen,4657.74,3558.0
SKU033,2024-07-22,125,444750.0,0,0,Kitchen,4657.74,3558.0
SKU033,2024-07-29,112,398496.0,0,0,Kitchen,4657.74,3558.0
SKU033,2024-08-05,107,380706.0,0,0,Kitchen,4657.74,3558.0
SKU033,2024-08-12,103,366474.0,0,1,Kitchen,4657.74,3558.0
SKU033,2024-08-19,109,387822.0,0,0,Kitchen,4657.74,3558.0
SKU033,2024-08-26,107,380706.0,1,0,Kitchen,4657.74,3558.0
SKU033,2024-09-02,109,387822.0,2,0,Kitchen,4657.74,3558.0
SKU033,2024-09-09,107,380706.0,2,0,Kitchen,4657.74,3558.0
SKU033,2024-09-16,88,313104.0,2,0,Kitchen,4657.74,3558.0
SKU033,2024-09-23,106,377148.0,2,0,Kitchen,4657.74,3558.0
SKU033,2024-09-30,94,334452.0,0,0,Kitchen,4657.74,3558.0
SKU033,2024-10-07,95,338010.0,0,0,Kitchen,4657.74,3558.0
SKU033,2024-10-14,104,370032.0,0,0,Kitchen,4657.74,3558.0
SKU033,2024-10-21,114,405612.0,0,0,Kitchen,4657.74,3558.0
SKU033,2024-10-28,118,419844.0,2,1,Kitchen,4657.74,3558.0
SKU033,2024-11-04,123,437634.0,2,0,Kitchen,4657.74,3558.0
SKU033,2024-11-11,103,366474.0,2,0,Kitchen,4657.74,3558.0
SKU033,2024-11-18,109,387822.0,2,0,Kitchen,4657.74,3558.0
SKU033,2024-11-25,86,305988.0,1,0,Kitchen,4657.74,3558.0
SKU033,2024-12-02,107,380706.0,0,0,Kitchen,4657.74,3558.0
SKU033,2024-12-09,127,451866.0,0,0,Kitchen,4657.74,3558.0
SKU033,2024-12-16,120,426960.0,0,0,Kitchen,4657.74,3558.0
SKU033,2024-12-23,108,384264.0,0,1,Kitchen,4657.74,3558.0
SKU033,2024-12-30,103,366474.0,0,0,Kitchen,4657.74,3558.0
SKU033,2025-01-06,123,437634.0,0,0,Kitchen,4657.74,3558.0
SKU033,2025-01-13,138,491004.0,0,0,Kitchen,4657.74,3558.0
SKU033,2025-01-20,129,458982.0,0,1,Kitchen,4657.74,3558.0
SKU033,2025-01-27,139,494562.0,0,0,Kitchen,4657.74,3558.0
SKU033,2025-02-03,146,519468.0,0,0,Kitchen,4657.74,3558.0
SKU033,2025-02-10,127,451866.0,0,0,Kitchen,4657.74,3558.0
SKU033,2025-02-17,129,458982.0,0,0,Kitchen,4657.74,3558.0
SKU033,2025-02-24,138,491004.0,2,0,Kitchen,4657.74,3558.0
SKU033,2025-03-03,154,547932.0,2,0,Kitchen,4657.74,3558.0
SKU033,2025-03-10,160,569280.0,2,0,Kitchen,4657.74,3558.0
SKU033,2025-03-17,149,530142.0,2,0,Kitchen,4657.74,3558.0
SKU033,2025-03-24,179,636882.0,2,0,Kitchen,4657.74,3558.0
SKU033,2025-03-31,156,555048.0,0,0,Kitchen,4657.74,3558.0
SKU033,2025-04-07,159,565722.0,0,0,Kitchen,4657.74,3558.0
SKU033,2025-04-14,130,462540.0,0,0,Kitchen,4657.74,3558.0
SKU033,2025-04-21,159,565722.0,0,0,Kitchen,4657.74,3558.0
SKU033,2025-04-28,152,540816.0,0,0,Kitchen,4657.74,3558.0
SKU033,2025-05-05,154,547932.0,0,0,Kitchen,4657.74,3558.0
SKU033,2025-05-12,140,498120.0,0,0,Kitchen,4657.74,3558.0
SKU033,2025-05-19,132,469656.0,0,0,Kitchen,4657.74,3558.0
SKU033,2025-05-26,155,551490.0,1,0,Kitchen,4657.74,3558.0
SKU033,2025-06-02,132,469656.0,2,0,Kitchen,4657.74,3558.0
SKU033,2025-06-09,154,547932.0,2,0,Kitchen,4657.74,3558.0
SKU033,2025-06-16,165,587070.0,2,0,Kitchen,4657.74,3558.0
SKU033,2025-06-23,145,515910.0,2,0,Kitchen,4657.74,3558.0
SKU033,2025-06-30,137,487446.0,0,0,Kitchen,4657.74,3558.0
SKU033,2025-07-07,118,419844.0,0,0,Kitchen,4657.74,3558.0
SKU033,2025-07-14,121,430518.0,0,0,Kitchen,4657.74,3558.0
SKU033,2025-07-21,119,423402.0,0,0,Kitchen,4657.74,3558.0
SKU033,2025-07-28,112,398496.0,0,0,Kitchen,4657.74,3558.0
SKU033,2025-08-04,110,391380.0,0,0,Kitchen,4657.74,3558.0
SKU033,2025-08-11,96,341568.0,0,1,Kitchen,4657.74,3558.0
SKU033,2025-08-18,113,402054.0,0,0,Kitchen,4657.74,3558.0
SKU033,2025-08-25,115,409170.0,0,0,Kitchen,4657.74,3558.0
SKU033,2025-09-01,97,345126.0,2,0,Kitchen,4657.74,3558.0
SKU033,2025-09-08,126,448308.0,2,0,Kitchen,4657.74,3558.0
SKU033,2025-09-15,110,391380.0,2,0,Kitchen,4657.74,3558.0
SKU033,2025-09-22,125,444750.0,2,0,Kitchen,4657.74,3558.0
SKU033,2025-09-29,102,362916.0,0,0,Kitchen,4657.74,3558.0
SKU033,2025-10-06,88,313104.0,0,0,Kitchen,4657.74,3558.0
SKU033,2025-10-13,100,355800.0,0,0,Kitchen,4657.74,3558.0
SKU033,2025-10-20,95,338010.0,0,1,Kitchen,4657.74,3558.0
SKU033,2025-10-27,95,338010.0,2,0,Kitchen,4657.74,3558.0
SKU033,2025-11-03,119,423402.0,2,0,Kitchen,4657.74,3558.0
SKU033,2025-11-10,116,412728.0,2,0,Kitchen,4657.74,3558.0
SKU033,2025-11-17,120,426960.0,2,0,Kitchen,4657.74,3558.0
SKU033,2025-11-24,121,430518.0,2,0,Kitchen,4657.74,3558.0
SKU033,2025-12-01,117,416286.0,0,0,Kitchen,4657.74,3558.0
SKU033,2025-12-08,109,387822.0,0,0,Kitchen,4657.74,3558.0
SKU033,2025-12-15,116,412728.0,0,0,Kitchen,4657.74,3558.0
SKU033,2025-12-22,96,341568.0,0,1,Kitchen,4657.74,3558.0
SKU034,2024-01-01,131,198876.34000000003,0,0,Lighting,1333.43,1518.14
SKU034,2024-01-08,146,221648.44,0,0,Lighting,1333.43,1518.14
SKU034,2024-01-15,137,207985.18000000002,0,0,Lighting,1333.43,1518.14
SKU034,2024-01-22,126,191285.64,0,1,Lighting,1333.43,1518.14
SKU034,2024-01-29,153,232275.42,0,0,Lighting,1333.43,1518.14
SKU034,2024-02-05,160,242902.40000000002,0,0,Lighting,1333.43,1518.14
SKU034,2024-02-12,142,215575.88,0,0,Lighting,1333.43,1518.14
SKU034,2024-02-19,132,200394.48,0,0,Lighting,1333.43,1518.14
SKU034,2024-02-26,155,235311.7,2,0,Lighting,1333.43,1518.14
SKU034,2024-03-04,163,247456.82,2,0,Lighting,1333.43,1518.14
SKU034,2024-03-11,161,244420.54,2,0,Lighting,1333.43,1518.14
SKU034,2024-03-18,171,259601.94,2,0,Lighting,1333.43,1518.14
SKU034,2024-03-25,167,253529.38,2,0,Lighting,1333.43,1518.14
SKU034,2024-04-01,179,271747.06,0,0,Lighting,1333.43,1518.14
SKU034,2024-04-08,174,264156.36,0,0,Lighting,1333.43,1518.14
SKU034,2024-04-15,162,245938.68000000002,0,0,Lighting,1333.43,1518.14
SKU034,2024-04-22,160,242902.40000000002,0,0,Lighting,1333.43,1518.14
SKU034,2024-04-29,170,258083.80000000002,0,0,Lighting,1333.43,1518.14
SKU034,2024-05-06,153,232275.42,0,0,Lighting,1333.43,1518.14
SKU034,2024-05-13,163,247456.82,0,0,Lighting,1333.43,1518.14
SKU034,2024-05-20,147,223166.58000000002,0,0,Lighting,1333.43,1518.14
SKU034,2024-05-27,170,258083.80000000002,2,0,Lighting,1333.43,1518.14
SKU034,2024-06-03,171,259601.94,2,0,Lighting,1333.43,1518.14
SKU034,2024-06-10,165,250493.1,2,0,Lighting,1333.43,1518.14
SKU034,2024-06-17,170,258083.80000000002,2,0,Lighting,1333.43,1518.14
SKU034,2024-06-24,181,274783.34,2,0,Lighting,1333.43,1518.14
SKU034,2024-07-01,148,224684.72000000003,0,0,Lighting,1333.43,1518.14
SKU034,2024-07-08,120,182176.80000000002,0,0,Lighting,1333.43,1518.14
SKU034,2024-07-15,127,192803.78000000003,0,0,Lighting,1333.43,1518.14
SKU034,2024-07-22,132,200394.48,0,0,Lighting,1333.43,1518.14
SKU034,2024-07-29,117,177622.38,0,0,Lighting,1333.43,1518.14
SKU034,2024-08-05,129,195840.06,0,0,Lighting,1333.43,1518.14
SKU034,2024-08-12,120,182176.80000000002,0,1,Lighting,1333.43,1518.14
SKU034,2024-08-19,95,144223.30000000002,0,0,Lighting,1333.43,1518.14
SKU034,2024-08-26,115,174586.1,1,0,Lighting,1333.43,1518.14
SKU034,2024-09-02,110,166995.40000000002,2,0,Lighting,1333.43,1518.14
SKU034,2024-09-09,150,227721.0,2,0,Lighting,1333.43,1518.14
SKU034,2024-09-16,153,232275.42,2,0,Lighting,1333.43,1518.14
SKU034,2024-09-23,111,168513.54,2,0,Lighting,1333.43,1518.14
SKU034,2024-09-30,118,179140.52000000002,0,0,Lighting,1333.43,1518.14
SKU034,2024-10-07,99,150295.86000000002,0,0,Lighting,1333.43,1518.14
SKU034,2024-10-14,116,176104.24000000002,0,0,Lighting,1333.43,1518.14
SKU034,2024-10-21,111,168513.54,0,0,Lighting,1333.43,1518.14
SKU034,2024-10-28,137,207985.18,2,1,Lighting,1333.43,1518.14
SKU034,2024-11-04,122,185213.08000000002,2,0,Lighting,1333.43,1518.14
SKU034,2024-11-11,131,198876.34000000003,2,0,Lighting,1333.43,1518.14
SKU034,2024-11-18,121,183694.94,2,0,Lighting,1333.43,1518.14
SKU034,2024-11-25,142,215575.88,1,0,Lighting,1333.43,1518.14
SKU034,2024-12-02,128,194321.92,0,0,Lighting,1333.43,1518.14
SKU034,2024-12-09,137,207985.18000000002,0,0,Lighting,1333.43,1518.14
SKU034,2024-12-16,114,173067.96000000002,0,0,Lighting,1333.43,1518.14
SKU034,2024-12-23,127,192803.78000000003,0,1,Lighting,1333.43,1518.14
SKU034,2024-12-30,129,195840.06,0,0,Lighting,1333.43,1518.14
SKU034,2025-01-06,128,194321.92,0,0,Lighting,1333.43,1518.14
SKU034,2025-01-13,134,203430.76,0,0,Lighting,1333.43,1518.14
SKU034,2025-01-20,148,224684.72000000003,0,1,Lighting,1333.43,1518.14
SKU034,2025-01-27,142,215575.88,0,0,Lighting,1333.43,1518.14
SKU034,2025-02-03,145,220130.30000000002,0,0,Lighting,1333.43,1518.14
SKU034,2025-02-10,160,242902.40000000002,0,0,Lighting,1333.43,1518.14
SKU034,2025-02-17,163,247456.82,0,0,Lighting,1333.43,1518.14
SKU034,2025-02-24,153,232275.42,2,0,Lighting,1333.43,1518.14
SKU034,2025-03-03,176,267192.64,2,0,Lighting,1333.43,1518.14
SKU034,2025-03-10,197,299073.58,2,0,Lighting,1333.43,1518.14
SKU034,2025-03-17,170,258083.80000000002,2,0,Lighting,1333.43,1518.14
SKU034,2025-03-24,176,267192.64,2,0,Lighting,1333.43,1518.14
SKU034,2025-03-31,159,241384.26,0,0,Lighting,1333.43,1518.14
SKU034,2025-04-07,150,227721.0,0,0,Lighting,1333.43,1518.14
SKU034,2025-04-14,156,236829.84000000003,0,0,Lighting,1333.43,1518.14
SKU034,2025-04-21,170,258083.80000000002,0,0,Lighting,1333.43,1518.14
SKU034,2025-04-28,150,227721.0,0,0,Lighting,1333.43,1518.14
SKU034,2025-05-05,127,192803.78000000003,0,0,Lighting,1333.43,1518.14
SKU034,2025-05-12,171,259601.94,0,0,Lighting,1333.43,1518.14
SKU034,2025-05-19,162,245938.68,0,0,Lighting,1333.43,1518.14
SKU034,2025-05-26,180,273265.2,1,0,Lighting,1333.43,1518.14
SKU034,2025-06-02,163,247456.82,2,0,Lighting,1333.43,1518.14
SKU034,2025-06-09,162,245938.68000000002,2,0,Lighting,1333.43,1518.14
SKU034,2025-06-16,163,247456.82,2,0,Lighting,1333.43,1518.14
SKU034,2025-06-23,172,261120.08000000002,2,0,Lighting,1333.43,1518.14
SKU034,2025-06-30,134,203430.76,0,0,Lighting,1333.43,1518.14
SKU034,2025-07-07,118,179140.52000000002,0,0,Lighting,1333.43,1518.14
SKU034,2025-07-14,147,223166.58000000002,0,0,Lighting,1333.43,1518.14
SKU034,2025-07-21,152,230757.28000000003,0,0,Lighting,1333.43,1518.14
SKU034,2025-07-28,124,188249.36000000002,0,0,Lighting,1333.43,1518.14
SKU034,2025-08-04,111,168513.54,0,0,Lighting,1333.43,1518.14
SKU034,2025-08-11,135,204948.90000000002,0,1,Lighting,1333.43,1518.14
SKU034,2025-08-18,103,156368.42,0,0,Lighting,1333.43,1518.14
SKU034,2025-08-25,138,209503.32,0,0,Lighting,1333.43,1518.14
SKU034,2025-09-01,150,227721.0,2,0,Lighting,1333.43,1518.14
SKU034,2025-09-08,115,174586.1,2,0,Lighting,1333.43,1518.14
SKU034,2025-09-15,110,166995.40000000002,2,0,Lighting,1333.43,1518.14
SKU034,2025-09-22,148,224684.72000000003,2,0,Lighting,1333.43,1518.14
SKU034,2025-09-29,106,160922.84000000003,0,0,Lighting,1333.43,1518.14
SKU034,2025-10-06,97,147259.58000000002,0,0,Lighting,1333.43,1518.14
SKU034,2025-10-13,115,174586.1,0,0,Lighting,1333.43,1518.14
SKU034,2025-10-20,101,153332.14,0,1,Lighting,1333.43,1518.14
SKU034,2025-10-27,122,185213.08000000002,2,0,Lighting,1333.43,1518.14
SKU034,2025-11-03,129,195840.06,2,0,Lighting,1333.43,1518.14
SKU034,2025-11-10,118,179140.52000000002,2,0,Lighting,1333.43,1518.14
SKU034,2025-11-17,133,201912.62000000002,2,0,Lighting,1333.43,1518.14
SKU034,2025-11-24,130,197358.2,2,0,Lighting,1333.43,1518.14
SKU034,2025-12-01,147,223166.58000000002,0,0,Lighting,1333.43,1518.14
SKU034,2025-12-08,118,179140.52000000002,0,0,Lighting,1333.43,1518.14
SKU034,2025-12-15,119,180658.66,0,0,Lighting,1333.43,1518.14
SKU034,2025-12-22,124,188249.36000000002,0,1,Lighting,1333.43,1518.14
SKU035,2024-01-01,146,1587047.7400000002,0,0,Storage,1137.61,10870.19
SKU035,2024-01-08,159,1728360.21,0,0,Storage,1137.61,10870.19
SKU035,2024-01-15,154,1674009.26,0,0,Storage,1137.61,10870.19
SKU035,2024-01-22,139,1510956.4100000001,0,1,Storage,1137.61,10870.19
SKU035,2024-01-29,154,1674009.26,0,0,Storage,1137.61,10870.19
SKU035,2024-02-05,153,1663139.07,0,0,Storage,1137.61,10870.19
SKU035,2024-02-12,165,1793581.35,0,0,Storage,1137.61,10870.19
SKU035,2024-02-19,163,1771840.9700000002,0,0,Storage,1137.61,10870.19
SKU035,2024-02-26,173,1880542.87,2,0,Storage,1137.61,10870.19
SKU035,2024-03-04,177,1924023.6300000001,2,0,Storage,1137.61,10870.19
SKU035,2024-03-11,177,1924023.6300000001,2,0,Storage,1137.61,10870.19
SKU035,2024-03-18,185,2010985.1500000001,2,0,Storage,1137.61,10870.19
SKU035,2024-03-25,176,1913153.44,2,0,Storage,1137.61,10870.19
SKU035,2024-04-01,165,1793581.35,0,0,Storage,1137.61,10870.19
SKU035,2024-04-08,187,2032725.53,0,0,Storage,1137.61,10870.19
SKU035,2024-04-15,159,1728360.2100000002,0,0,Storage,1137.61,10870.19
SKU035,2024-04-22,201,2184908.19,0,0,Storage,1137.61,10870.19
SKU035,2024-04-29,169,1837062.11,0,0,Storage,1137.61,10870.19
SKU035,2024-05-06,159,1728360.21,0,0,Storage,1137.61,10870.19
SKU035,2024-05-13,158,1717490.02,0,0,Storage,1137.61,10870.19
SKU035,2024-05-20,174,1891413.06,0,0,Storage,1137.61,10870.19
SKU035,2024-05-27,176,1913153.44,2,0,Storage,1137.61,10870.19
SKU035,2024-06-03,166,1804451.54,2,0,Storage,1137.61,10870.19
SKU035,2024-06-10,195,2119687.0500000003,2,0,Storage,1137.61,10870.19
SKU035,2024-06-17,159,1728360.21,2,0,Storage,1137.61,10870.19
SKU035,2024-06-24,177,1924023.63,2,0,Storage,1137.61,10870.19
SKU035,2024-07-01,143,1554437.1700000002,0,0,Storage,1137.61,10870.19
SKU035,2024-07-08,159,1728360.2100000002,0,0,Storage,1137.61,10870.19
SKU035,2024-07-15,132,1434865.08,0,0,Storage,1137.61,10870.19
SKU035,2024-07-22,159,1728360.21,0,0,Storage,1137.61,10870.19
SKU035,2024-07-29,144,1565307.36,0,0,Storage,1137.61,10870.19
SKU035,2024-08-05,137,1489216.03,0,0,Storage,1137.61,10870.19
SKU035,2024-08-12,137,1489216.03,0,1,Storage,1137.61,10870.19
SKU035,2024-08-19,125,1358773.75,0,0,Storage,1137.61,10870.19
SKU035,2024-08-26,135,1467475.6500000001,1,0,Storage,1137.61,10870.19
SKU035,2024-09-02,120,1304422.8,2,0,Storage,1137.61,10870.19
SKU035,2024-09-09,134,1456605.46,2,0,Storage,1137.61,10870.19
SKU035,2024-09-16,133,1445735.27,2,0,Storage,1137.61,10870.19
SKU035,2024-09-23,130,1413124.7,2,0,Storage,1137.61,10870.19
SKU035,2024-09-30,114,1239201.6600000001,0,0,Storage,1137.61,10870.19
SKU035,2024-10-07,102,1108759.3800000001,0,0,Storage,1137.61,10870.19
SKU035,2024-10-14,126,1369643.9400000002,0,0,Storage,1137.61,10870.19
SKU035,2024-10-21,102,1108759.3800000001,0,0,Storage,1137.61,10870.19
SKU035,2024-10-28,119,1293552.61,2,1,Storage,1137.61,10870.19
SKU035,2024-11-04,124,1347903.56,2,0,Storage,1137.61,10870.19
SKU035,2024-11-11,117,1271812.23,2,0,Storage,1137.61,10870.19
SKU035,2024-11-18,135,1467475.6500000001,2,0,Storage,1137.61,10870.19
SKU035,2024-11-25,132,1434865.08,1,0,Storage,1137.61,10870.19
SKU035,2024-12-02,135,1467475.6500000001,0,0,Storage,1137.61,10870.19
SKU035,2024-12-09,133,1445735.27,0,0,Storage,1137.61,10870.19
SKU035,2024-12-16,134,1456605.46,0,0,Storage,1137.61,10870.19
SKU035,2024-12-23,126,1369643.9400000002,0,1,Storage,1137.61,10870.19
SKU035,2024-12-30,139,1510956.4100000001,0,0,Storage,1137.61,10870.19
SKU035,2025-01-06,149,1619658.31,0,0,Storage,1137.61,10870.19
SKU035,2025-01-13,122,1326163.1800000002,0,0,Storage,1137.61,10870.19
SKU035,2025-01-20,148,1608788.12,0,1,Storage,1137.61,10870.19
SKU035,2025-01-27,140,1521826.6,0,0,Storage,1137.61,10870.19
SKU035,2025-02-03,179,1945764.01,0,0,Storage,1137.61,10870.19
SKU035,2025-02-10,184,2000114.96,0,0,Storage,1137.61,10870.19
SKU035,2025-02-17,165,1793581.35,0,0,Storage,1137.61,10870.19
SKU035,2025-02-24,189,2054465.9100000001,2,0,Storage,1137.61,10870.19
SKU035,2025-03-03,175,1902283.25,2,0,Storage,1137.61,10870.19
SKU035,2025-03-10,162,1760970.78,2,0,Storage,1137.61,10870.19
SKU035,2025-03-17,176,1913153.4400000002,2,0,Storage,1137.61,10870.19
SKU035,2025-03-24,181,1967504.3900000001,2,0,Storage,1137.61,10870.19
SKU035,2025-03-31,164,1782711.1600000001,0,0,Storage,1137.61,10870.19
SKU035,2025-04-07,187,2032725.53,0,0,Storage,1137.61,10870.19
SKU035,2025-04-14,173,1880542.87,0,0,Storage,1137.61,10870.19
SKU035,2025-04-21,160,1739230.4000000001,0,0,Storage,1137.61,10870.19
SKU035,2025-04-28,176,1913153.4400000002,0,0,Storage,1137.61,10870.19
SKU035,2025-05-05,180,1956634.2,0,0,Storage,1137.61,10870.19
SKU035,2025-05-12,181,1967504.3900000001,0,0,Storage,1137.61,10870.19
SKU035,2025-05-19,169,1837062.11,0,0,Storage,1137.61,10870.19
SKU035,2025-05-26,183,1989244.77,1,0,Storage,1137.61,10870.19
SKU035,2025-06-02,190,2065336.1,2,0,Storage,1137.61,10870.19
SKU035,2025-06-09,163,1771840.9700000002,2,0,Storage,1137.61,10870.19
SKU035,2025-06-16,152,1652268.8800000001,2,0,Storage,1137.61,10870.19
SKU035,2025-06-23,177,1924023.6300000001,2,0,Storage,1137.61,10870.19
SKU035,2025-06-30,148,1608788.12,0,0,Storage,1137.61,10870.19
SKU035,2025-07-07,123,1337033.37,0,0,Storage,1137.61,10870.19
SKU035,2025-07-14,132,1434865.08,0,0,Storage,1137.61,10870.19
SKU035,2025-07-21,154,1674009.26,0,0,Storage,1137.61,10870.19
SKU035,2025-07-28,137,1489216.03,0,0,Storage,1137.61,10870.19
SKU035,2025-08-04,134,1456605.4600000002,0,0,Storage,1137.61,10870.19
SKU035,2025-08-11,146,1587047.74,0,1,Storage,1137.61,10870.19
SKU035,2025-08-18,117,1271812.23,0,0,Storage,1137.61,10870.19
SKU035,2025-08-25,132,1434865.08,0,0,Storage,1137.61,10870.19
SKU035,2025-09-01,147,1597917.9300000002,2,0,Storage,1137.61,10870.19
SKU035,2025-09-08,119,1293552.61,2,0,Storage,1137.61,10870.19
SKU035,2025-09-15,138,1500086.22,2,0,Storage,1137.61,10870.19
SKU035,2025-09-22,123,1337033.37,2,0,Storage,1137.61,10870.19
SKU035,2025-09-29,134,1456605.46,0,0,Storage,1137.61,10870.19
SKU035,2025-10-06,108,1173980.52,0,0,Storage,1137.61,10870.19
SKU035,2025-10-13,129,1402254.51,0,0,Storage,1137.61,10870.19
SKU035,2025-10-20,135,1467475.6500000001,0,1,Storage,1137.61,10870.19
SKU035,2025-10-27,117,1271812.23,2,0,Storage,1137.61,10870.19
SKU035,2025-11-03,113,1228331.4700000002,2,0,Storage,1137.61,10870.19
SKU035,2025-11-10,124,1347903.56,2,0,Storage,1137.61,10870.19
SKU035,2025-11-17,133,1445735.27,2,0,Storage,1137.61,10870.19
SKU035,2025-11-24,131,1423994.8900000001,2,0,Storage,1137.61,10870.19
SKU035,2025-12-01,128,1391384.32,0,0,Storage,1137.61,10870.19
SKU035,2025-12-08,128,1391384.32,0,0,Storage,1137.61,10870.19
SKU035,2025-12-15,127,1380514.1300000001,0,0,Storage,1137.61,10870.19
SKU035,2025-12-22,148,1608788.12,0,1,Storage,1137.61,10870.19
SKU036,2024-01-01,25,142175.0,0,0,Furniture,5430.12,5687.0
SKU036,2024-01-08,28,159236.0,0,0,Furniture,5430.12,5687.0
SKU036,2024-01-15,40,227480.0,0,0,Furniture,5430.12,5687.0
SKU036,2024-01-22,39,221793.0,0,1,Furniture,5430.12,5687.0
SKU036,2024-01-29,46,261602.0,0,0,Furniture,5430.12,5687.0
SKU036,2024-02-05,29,164923.0,0,0,Furniture,5430.12,5687.0
SKU036,2024-02-12,41,233167.0,0,0,Furniture,5430.12,5687.0
SKU036,2024-02-19,33,187671.0,0,0,Furniture,5430.12,5687.0
SKU036,2024-02-26,47,267289.0,2,0,Furniture,5430.12,5687.0
SKU036,2024-03-04,53,301411.0,2,0,Furniture,5430.12,5687.0
SKU036,2024-03-11,33,187671.0,2,0,Furniture,5430.12,5687.0
SKU036,2024-03-18,49,278663.0,2,0,Furniture,5430.12,5687.0
SKU036,2024-03-25,41,233167.0,2,0,Furniture,5430.12,5687.0
SKU036,2024-04-01,49,278663.0,0,0,Furniture,5430.12,5687.0
SKU036,2024-04-08,44,250228.0,0,0,Furniture,5430.12,5687.0
SKU036,2024-04-15,44,250228.0,0,0,Furniture,5430.12,5687.0
SKU036,2024-04-22,33,187671.0,0,0,Furniture,5430.12,5687.0
SKU036,2024-04-29,28,159236.0,0,0,Furniture,5430.12,5687.0
SKU036,2024-05-06,24,136488.0,0,0,Furniture,5430.12,5687.0
SKU036,2024-05-13,39,221793.0,0,0,Furniture,5430.12,5687.0
SKU036,2024-05-20,30,170610.0,0,0,Furniture,5430.12,5687.0
SKU036,2024-05-27,45,255915.0,2,0,Furniture,5430.12,5687.0
SKU036,2024-06-03,43,244541.0,2,0,Furniture,5430.12,5687.0
SKU036,2024-06-10,41,233167.0,2,0,Furniture,5430.12,5687.0
SKU036,2024-06-17,27,153549.0,2,0,Furniture,5430.12,5687.0
SKU036,2024-06-24,39,221793.0,2,0,Furniture,5430.12,5687.0
SKU036,2024-07-01,21,119427.0,0,0,Furniture,5430.12,5687.0
SKU036,2024-07-08,21,119427.0,0,0,Furniture,5430.12,5687.0
SKU036,2024-07-15,49,278663.0,0,0,Furniture,5430.12,5687.0
SKU036,2024-07-22,31,176297.0,0,0,Furniture,5430.12,5687.0
SKU036,2024-07-29,25,142175.0,0,0,Furniture,5430.12,5687.0
SKU036,2024-08-05,21,119427.0,0,0,Furniture,5430.12,5687.0
SKU036,2024-08-12,24,136488.0,0,1,Furniture,5430.12,5687.0
SKU036,2024-08-19,34,193358.0,0,0,Furniture,5430.12,5687.0
SKU036,2024-08-26,28,159236.0,1,0,Furniture,5430.12,5687.0
SKU036,2024-09-02,33,187671.0,2,0,Furniture,5430.12,5687.0
SKU036,2024-09-09,30,170610.0,2,0,Furniture,5430.12,5687.0
SKU036,2024-09-16,28,159236.0,2,0,Furniture,5430.12,5687.0
SKU036,2024-09-23,32,181984.0,2,0,Furniture,5430.12,5687.0
SKU036,2024-09-30,27,153549.0,0,0,Furniture,5430.12,5687.0
SKU036,2024-10-07,35,199045.0,0,0,Furniture,5430.12,5687.0
SKU036,2024-10-14,29,164923.0,0,0,Furniture,5430.12,5687.0
SKU036,2024-10-21,21,119427.0,0,0,Furniture,5430.12,5687.0
SKU036,2024-10-28,28,159236.0,2,1,Furniture,5430.12,5687.0
SKU036,2024-11-04,33,187671.0,2,0,Furniture,5430.12,5687.0
SKU036,2024-11-11,40,227480.0,2,0,Furniture,5430.12,5687.0
SKU036,2024-11-18,33,187671.0,2,0,Furniture,5430.12,5687.0
SKU036,2024-11-25,25,142175.0,1,0,Furniture,5430.12,5687.0
SKU036,2024-12-02,26,147862.0,0,0,Furniture,5430.12,5687.0
SKU036,2024-12-09,36,204732.0,0,0,Furniture,5430.12,5687.0
SKU036,2024-12-16,25,142175.0,0,0,Furniture,5430.12,5687.0
SKU036,2024-12-23,37,210419.0,0,1,Furniture,5430.12,5687.0
SKU036,2024-12-30,22,125114.0,0,0,Furniture,5430.12,5687.0
SKU036,2025-01-06,32,181984.0,0,0,Furniture,5430.12,5687.0
SKU036,2025-01-13,36,204732.0,0,0,Furniture,5430.12,5687.0
SKU036,2025-01-20,38,216106.0,0,1,Furniture,5430.12,5687.0
SKU036,2025-01-27,39,221793.0,0,0,Furniture,5430.12,5687.0
SKU036,2025-02-03,39,221793.0,0,0,Furniture,5430.12,5687.0
SKU036,2025-02-10,30,170610.0,0,0,Furniture,5430.12,5687.0
SKU036,2025-02-17,40,227480.0,0,0,Furniture,5430.12,5687.0
SKU036,2025-02-24,34,193358.0,2,0,Furniture,5430.12,5687.0
SKU036,2025-03-03,35,199045.0,2,0,Furniture,5430.12,5687.0
SKU036,2025-03-10,27,153549.0,2,0,Furniture,5430.12,5687.0
SKU036,2025-03-17,34,193358.0,2,0,Furniture,5430.12,5687.0
SKU036,2025-03-24,41,233167.0,2,0,Furniture,5430.12,5687.0
SKU036,2025-03-31,40,227480.0,0,0,Furniture,5430.12,5687.0
SKU036,2025-04-07,46,261602.0,0,0,Furniture,5430.12,5687.0
SKU036,2025-04-14,33,187671.0,0,0,Furniture,5430.12,5687.0
SKU036,2025-04-21,47,267289.0,0,0,Furniture,5430.12,5687.0
SKU036,2025-04-28,43,244541.0,0,0,Furniture,5430.12,5687.0
SKU036,2025-05-05,44,250228.0,0,0,Furniture,5430.12,5687.0
SKU036,2025-05-12,45,255915.0,0,0,Furniture,5430.12,5687.0
SKU036,2025-05-19,28,159236.0,0,0,Furniture,5430.12,5687.0
SKU036,2025-05-26,44,250228.0,1,0,Furniture,5430.12,5687.0
SKU036,2025-06-02,31,176297.0,2,0,Furniture,5430.12,5687.0
SKU036,2025-06-09,30,170610.0,2,0,Furniture,5430.12,5687.0
SKU036,2025-06-16,42,238854.0,2,0,Furniture,5430.12,5687.0
SKU036,2025-06-23,40,227480.0,2,0,Furniture,5430.12,5687.0
SKU036,2025-06-30,33,187671.0,0,0,Furniture,5430.12,5687.0
SKU036,2025-07-07,33,187671.0,0,0,Furniture,5430.12,5687.0
SKU036,2025-07-14,37,210419.0,0,0,Furniture,5430.12,5687.0
SKU036,2025-07-21,26,147862.0,0,0,Furniture,5430.12,5687.0
SKU036,2025-07-28,33,187671.0,0,0,Furniture,5430.12,5687.0
SKU036,2025-08-04,26,147862.0,0,0,Furniture,5430.12,5687.0
SKU036,2025-08-11,22,125114.0,0,1,Furniture,5430.12,5687.0
SKU036,2025-08-18,27,153549.0,0,0,Furniture,5430.12,5687.0
SKU036,2025-08-25,43,244541.0,0,0,Furniture,5430.12,5687.0
SKU036,2025-09-01,28,159236.0,2,0,Furniture,5430.12,5687.0
SKU036,2025-09-08,26,147862.0,2,0,Furniture,5430.12,5687.0
SKU036,2025-09-15,35,199045.0,2,0,Furniture,5430.12,5687.0
SKU036,2025-09-22,27,153549.0,2,0,Furniture,5430.12,5687.0
SKU036,2025-09-29,33,187671.0,0,0,Furniture,5430.12,5687.0
SKU036,2025-10-06,19,108053.0,0,0,Furniture,5430.12,5687.0
SKU036,2025-10-13,19,108053.0,0,0,Furniture,5430.12,5687.0
SKU036,2025-10-20,34,193358.0,0,1,Furniture,5430.12,5687.0
SKU036,2025-10-27,29,164923.0,2,0,Furniture,5430.12,5687.0
SKU036,2025-11-03,27,153549.0,2,0,Furniture,5430.12,5687.0
SKU036,2025-11-10,30,170610.0,2,0,Furniture,5430.12,5687.0
SKU036,2025-11-17,35,199045.0,2,0,Furniture,5430.12,5687.0
SKU036,2025-11-24,31,176297.0,2,0,Furniture,5430.12,5687.0
SKU036,2025-12-01,27,153549.0,0,0,Furniture,5430.12,5687.0
SKU036,2025-12-08,31,176297.0,0,0,Furniture,5430.12,5687.0
SKU036,2025-12-15,36,204732.0,0,0,Furniture,5430.12,5687.0
SKU036,2025-12-22,30,170610.0,0,1,Furniture,5430.12,5687.0
SKU037,2024-01-01,168,461566.56,0,0,Home Decor,3901.0,2747.42
SKU037,2024-01-08,160,439587.2,0,0,Home Decor,3901.0,2747.42
SKU037,2024-01-15,169,464313.98,0,0,Home Decor,3901.0,2747.42
SKU037,2024-01-22,185,508272.7,0,1,Home Decor,3901.0,2747.42
SKU037,2024-01-29,155,425850.1,0,0,Home Decor,3901.0,2747.42
SKU037,2024-02-05,171,469808.82,0,0,Home Decor,3901.0,2747.42
SKU037,2024-02-12,189,519262.38,0,0,Home Decor,3901.0,2747.42
SKU037,2024-02-19,188,516514.95999999996,0,0,Home Decor,3901.0,2747.42
SKU037,2024-02-26,194,532999.48,2,0,Home Decor,3901.0,2747.42
SKU037,2024-03-04,213,585200.46,2,0,Home Decor,3901.0,2747.42
SKU037,2024-03-11,221,607179.8200000001,2,0,Home Decor,3901.0,2747.42
SKU037,2024-03-18,197,541241.74,2,0,Home Decor,3901.0,2747.42
SKU037,2024-03-25,203,557726.26,2,0,Home Decor,3901.0,2747.42
SKU037,2024-04-01,184,505525.28,0,0,Home Decor,3901.0,2747.42
SKU037,2024-04-08,221,607179.8200000001,0,0,Home Decor,3901.0,2747.42
SKU037,2024-04-15,196,538494.3200000001,0,0,Home Decor,3901.0,2747.42
SKU037,2024-04-22,183,502777.86000000004,0,0,Home Decor,3901.0,2747.42
SKU037,2024-04-29,204,560473.68,0,0,Home Decor,3901.0,2747.42
SKU037,2024-05-06,194,532999.48,0,0,Home Decor,3901.0,2747.42
SKU037,2024-05-13,198,543989.16,0,0,Home Decor,3901.0,2747.42
SKU037,2024-05-20,190,522009.80000000005,0,0,Home Decor,3901.0,2747.42
SKU037,2024-05-27,207,568715.9400000001,2,0,Home Decor,3901.0,2747.42
SKU037,2024-06-03,203,557726.26,2,0,Home Decor,3901.0,2747.42
SKU037,2024-06-10,186,511020.12,2,0,Home Decor,3901.0,2747.42
SKU037,2024-06-17,191,524757.22,2,0,Home Decor,3901.0,2747.42
SKU037,2024-06-24,211,579705.62,2,0,Home Decor,3901.0,2747.42
SKU037,2024-07-01,166,456071.72,0,0,Home Decor,3901.0,2747.42
SKU037,2024-07-08,181,497283.02,0,0,Home Decor,3901.0,2747.42
SKU037,2024-07-15,178,489040.76,0,0,Home Decor,3901.0,2747.42
SKU037,2024-07-22,169,464313.98,0,0,Home Decor,3901.0,2747.42
SKU037,2024-07-29,179,491788.18000000005,0,0,Home Decor,3901.0,2747.42
SKU037,2024-08-05,144,395628.48,0,0,Home Decor,3901.0,2747.42
SKU037,2024-08-12,156,428597.52,0,1,Home Decor,3901.0,2747.42
SKU037,2024-08-19,134,368154.28,0,0,Home Decor,3901.0,2747.42
SKU037,2024-08-26,156,428597.52,1,0,Home Decor,3901.0,2747.42
SKU037,2024-09-02,155,425850.1,2,0,Home Decor,3901.0,2747.42
SKU037,2024-09-09,149,409365.58,2,0,Home Decor,3901.0,2747.42
SKU037,2024-09-16,163,447829.46,2,0,Home Decor,3901.0,2747.42
SKU037,2024-09-23,132,362659.44000000006,2,0,Home Decor,3901.0,2747.42
SKU037,2024-09-30,143,392881.06,0,0,Home Decor,3901.0,2747.42
SKU037,2024-10-07,132,362659.44,0,0,Home Decor,3901.0,2747.42
SKU037,2024-10-14,129,354417.18,0,0,Home Decor,3901.0,2747.42
SKU037,2024-10-21,141,387386.22000000003,0,0,Home Decor,3901.0,2747.42
SKU037,2024-10-28,153,420355.26,2,1,Home Decor,3901.0,2747.42
SKU037,2024-11-04,162,445082.04000000004,2,0,Home Decor,3901.0,2747.42
SKU037,2024-11-11,161,442334.62,2,0,Home Decor,3901.0,2747.42
SKU037,2024-11-18,147,403870.74,2,0,Home Decor,3901.0,2747.42
SKU037,2024-11-25,133,365406.86,1,0,Home Decor,3901.0,2747.42
SKU037,2024-12-02,171,469808.82,0,0,Home Decor,3901.0,2747.42
SKU037,2024-12-09,173,475303.66000000003,0,0,Home Decor,3901.0,2747.42
SKU037,2024-12-16,177,486293.34,0,0,Home Decor,3901.0,2747.42
SKU037,2024-12-23,137,376396.54000000004,0,1,Home Decor,3901.0,2747.42
SKU037,2024-12-30,159,436839.78,0,0,Home Decor,3901.0,2747.42
SKU037,2025-01-06,156,428597.52,0,0,Home Decor,3901.0,2747.42
SKU037,2025-01-13,158,434092.36000000004,0,0,Home Decor,3901.0,2747.42
SKU037,2025-01-20,163,447829.46,0,1,Home Decor,3901.0,2747.42
SKU037,2025-01-27,167,458819.14,0,0,Home Decor,3901.0,2747.42
SKU037,2025-02-03,181,497283.02,0,0,Home Decor,3901.0,2747.42
SKU037,2025-02-10,165,453324.3,0,0,Home Decor,3901.0,2747.42
SKU037,2025-02-17,181,497283.02,0,0,Home Decor,3901.0,2747.42
SKU037,2025-02-24,220,604432.4,2,0,Home Decor,3901.0,2747.42
SKU037,2025-03-03,220,604432.4,2,0,Home Decor,3901.0,2747.42
SKU037,2025-03-10,206,565968.52,2,0,Home Decor,3901.0,2747.42
SKU037,2025-03-17,217,596190.14,2,0,Home Decor,3901.0,2747.42
SKU037,2025-03-24,231,634654.02,2,0,Home Decor,3901.0,2747.42
SKU037,2025-03-31,204,560473.68,0,0,Home Decor,3901.0,2747.42
SKU037,2025-04-07,195,535746.9,0,0,Home Decor,3901.0,2747.42
SKU037,2025-04-14,189,519262.38,0,0,Home Decor,3901.0,2747.42
SKU037,2025-04-21,182,500030.44000000006,0,0,Home Decor,3901.0,2747.42
SKU037,2025-04-28,225,618169.5,0,0,Home Decor,3901.0,2747.42
SKU037,2025-05-05,201,552231.42,0,0,Home Decor,3901.0,2747.42
SKU037,2025-05-12,193,530252.06,0,0,Home Decor,3901.0,2747.42
SKU037,2025-05-19,199,546736.58,0,0,Home Decor,3901.0,2747.42
SKU037,2025-05-26,216,593442.72,1,0,Home Decor,3901.0,2747.42
SKU037,2025-06-02,212,582453.04,2,0,Home Decor,3901.0,2747.42
SKU037,2025-06-09,195,535746.9,2,0,Home Decor,3901.0,2747.42
SKU037,2025-06-16,200,549484.0,2,0,Home Decor,3901.0,2747.42
SKU037,2025-06-23,202,554978.84,2,0,Home Decor,3901.0,2747.42
SKU037,2025-06-30,188,516514.96,0,0,Home Decor,3901.0,2747.42
SKU037,2025-07-07,210,576958.2,0,0,Home Decor,3901.0,2747.42
SKU037,2025-07-14,182,500030.44000000006,0,0,Home Decor,3901.0,2747.42
SKU037,2025-07-21,149,409365.58,0,0,Home Decor,3901.0,2747.42
SKU037,2025-07-28,143,392881.06,0,0,Home Decor,3901.0,2747.42
SKU037,2025-08-04,162,445082.04000000004,0,0,Home Decor,3901.0,2747.42
SKU037,2025-08-11,146,401123.32,0,1,Home Decor,3901.0,2747.42
SKU037,2025-08-18,170,467061.4,0,0,Home Decor,3901.0,2747.42
SKU037,2025-08-25,171,469808.82,0,0,Home Decor,3901.0,2747.42
SKU037,2025-09-01,133,365406.86,2,0,Home Decor,3901.0,2747.42
SKU037,2025-09-08,154,423102.68000000005,2,0,Home Decor,3901.0,2747.42
SKU037,2025-09-15,165,453324.30000000005,2,0,Home Decor,3901.0,2747.42
SKU037,2025-09-22,157,431344.94,2,0,Home Decor,3901.0,2747.42
SKU037,2025-09-29,140,384638.8,0,0,Home Decor,3901.0,2747.42
SKU037,2025-10-06,128,351669.76,0,0,Home Decor,3901.0,2747.42
SKU037,2025-10-13,147,403870.74,0,0,Home Decor,3901.0,2747.42
SKU037,2025-10-20,139,381891.38,0,1,Home Decor,3901.0,2747.42
SKU037,2025-10-27,154,423102.68,2,0,Home Decor,3901.0,2747.42
SKU037,2025-11-03,171,469808.82,2,0,Home Decor,3901.0,2747.42
SKU037,2025-11-10,150,412113.0,2,0,Home Decor,3901.0,2747.42
SKU037,2025-11-17,166,456071.72,2,0,Home Decor,3901.0,2747.42
SKU037,2025-11-24,144,395628.48,2,0,Home Decor,3901.0,2747.42
SKU037,2025-12-01,155,425850.10000000003,0,0,Home Decor,3901.0,2747.42
SKU037,2025-12-08,133,365406.86,0,0,Home Decor,3901.0,2747.42
SKU037,2025-12-15,139,381891.38,0,0,Home Decor,3901.0,2747.42
SKU037,2025-12-22,161,442334.62,0,1,Home Decor,3901.0,2747.42
SKU038,2024-01-01,50,197455.0,0,0,Kitchen,4630.58,3949.1
SKU038,2024-01-08,62,244844.2,0,0,Kitchen,4630.58,3949.1
SKU038,2024-01-15,50,197455.0,0,0,Kitchen,4630.58,3949.1
SKU038,2024-01-22,39,154014.9,0,1,Kitchen,4630.58,3949.1
SKU038,2024-01-29,58,229047.8,0,0,Kitchen,4630.58,3949.1
SKU038,2024-02-05,48,189556.8,0,0,Kitchen,4630.58,3949.1
SKU038,2024-02-12,56,221149.6,0,0,Kitchen,4630.58,3949.1
SKU038,2024-02-19,55,217200.5,0,0,Kitchen,4630.58,3949.1
SKU038,2024-02-26,54,213251.4,2,0,Kitchen,4630.58,3949.1
SKU038,2024-03-04,68,268538.8,2,0,Kitchen,4630.58,3949.1
SKU038,2024-03-11,70,276437.0,2,0,Kitchen,4630.58,3949.1
SKU038,2024-03-18,64,252742.4,2,0,Kitchen,4630.58,3949.1
SKU038,2024-03-25,67,264589.7,2,0,Kitchen,4630.58,3949.1
SKU038,2024-04-01,45,177709.5,0,0,Kitchen,4630.58,3949.1
SKU038,2024-04-08,74,292233.4,0,0,Kitchen,4630.58,3949.1
SKU038,2024-04-15,56,221149.6,0,0,Kitchen,4630.58,3949.1
SKU038,2024-04-22,52,205353.2,0,0,Kitchen,4630.58,3949.1
SKU038,2024-04-29,56,221149.6,0,0,Kitchen,4630.58,3949.1
SKU038,2024-05-06,62,244844.19999999998,0,0,Kitchen,4630.58,3949.1
SKU038,2024-05-13,66,260640.59999999998,0,0,Kitchen,4630.58,3949.1
SKU038,2024-05-20,54,213251.4,0,0,Kitchen,4630.58,3949.1
SKU038,2024-05-27,67,264589.7,2,0,Kitchen,4630.58,3949.1
SKU038,2024-06-03,63,248793.3,2,0,Kitchen,4630.58,3949.1
SKU038,2024-06-10,65,256691.5,2,0,Kitchen,4630.58,3949.1
SKU038,2024-06-17,50,197455.0,2,0,Kitchen,4630.58,3949.1
SKU038,2024-06-24,74,292233.4,2,0,Kitchen,4630.58,3949.1
SKU038,2024-07-01,52,205353.2,0,0,Kitchen,4630.58,3949.1
SKU038,2024-07-08,46,181658.59999999998,0,0,Kitchen,4630.58,3949.1
SKU038,2024-07-15,54,213251.4,0,0,Kitchen,4630.58,3949.1
SKU038,2024-07-22,60,236946.0,0,0,Kitchen,4630.58,3949.1
SKU038,2024-07-29,52,205353.2,0,0,Kitchen,4630.58,3949.1
SKU038,2024-08-05,51,201404.09999999998,0,0,Kitchen,4630.58,3949.1
SKU038,2024-08-12,51,201404.09999999998,0,1,Kitchen,4630.58,3949.1
SKU038,2024-08-19,42,165862.2,0,0,Kitchen,4630.58,3949.1
SKU038,2024-08-26,48,189556.8,1,0,Kitchen,4630.58,3949.1
SKU038,2024-09-02,58,229047.8,2,0,Kitchen,4630.58,3949.1
SKU038,2024-09-09,47,185607.7,2,0,Kitchen,4630.58,3949.1
SKU038,2024-09-16,43,169811.3,2,0,Kitchen,4630.58,3949.1
SKU038,2024-09-23,37,146116.7,2,0,Kitchen,4630.58,3949.1
SKU038,2024-09-30,41,161913.1,0,0,Kitchen,4630.58,3949.1
SKU038,2024-10-07,37,146116.7,0,0,Kitchen,4630.58,3949.1
SKU038,2024-10-14,52,205353.2,0,0,Kitchen,4630.58,3949.1
SKU038,2024-10-21,45,177709.5,0,0,Kitchen,4630.58,3949.1
SKU038,2024-10-28,55,217200.5,2,1,Kitchen,4630.58,3949.1
SKU038,2024-11-04,34,134269.4,2,0,Kitchen,4630.58,3949.1
SKU038,2024-11-11,52,205353.2,2,0,Kitchen,4630.58,3949.1
SKU038,2024-11-18,49,193505.9,2,0,Kitchen,4630.58,3949.1
SKU038,2024-11-25,34,134269.4,1,0,Kitchen,4630.58,3949.1
SKU038,2024-12-02,55,217200.5,0,0,Kitchen,4630.58,3949.1
SKU038,2024-12-09,56,221149.6,0,0,Kitchen,4630.58,3949.1
SKU038,2024-12-16,45,177709.5,0,0,Kitchen,4630.58,3949.1
SKU038,2024-12-23,45,177709.5,0,1,Kitchen,4630.58,3949.1
SKU038,2024-12-30,57,225098.7,0,0,Kitchen,4630.58,3949.1
SKU038,2025-01-06,48,189556.8,0,0,Kitchen,4630.58,3949.1
SKU038,2025-01-13,48,189556.8,0,0,Kitchen,4630.58,3949.1
SKU038,2025-01-20,42,165862.2,0,1,Kitchen,4630.58,3949.1
SKU038,2025-01-27,46,181658.6,0,0,Kitchen,4630.58,3949.1
SKU038,2025-02-03,47,185607.69999999998,0,0,Kitchen,4630.58,3949.1
SKU038,2025-02-10,55,217200.5,0,0,Kitchen,4630.58,3949.1
SKU038,2025-02-17,61,240895.1,0,0,Kitchen,4630.58,3949.1
SKU038,2025-02-24,53,209302.3,2,0,Kitchen,4630.58,3949.1
SKU038,2025-03-03,59,232996.9,2,0,Kitchen,4630.58,3949.1
SKU038,2025-03-10,77,304080.7,2,0,Kitchen,4630.58,3949.1
SKU038,2025-03-17,65,256691.5,2,0,Kitchen,4630.58,3949.1
SKU038,2025-03-24,59,232996.9,2,0,Kitchen,4630.58,3949.1
SKU038,2025-03-31,73,288284.3,0,0,Kitchen,4630.58,3949.1
SKU038,2025-04-07,73,288284.3,0,0,Kitchen,4630.58,3949.1
SKU038,2025-04-14,71,280386.1,0,0,Kitchen,4630.58,3949.1
SKU038,2025-04-21,63,248793.3,0,0,Kitchen,4630.58,3949.1
SKU038,2025-04-28,51,201404.1,0,0,Kitchen,4630.58,3949.1
SKU038,2025-05-05,67,264589.7,0,0,Kitchen,4630.58,3949.1
SKU038,2025-05-12,62,244844.2,0,0,Kitchen,4630.58,3949.1
SKU038,2025-05-19,76,300131.6,0,0,Kitchen,4630.58,3949.1
SKU038,2025-05-26,60,236946.0,1,0,Kitchen,4630.58,3949.1
SKU038,2025-06-02,62,244844.19999999998,2,0,Kitchen,4630.58,3949.1
SKU038,2025-06-09,58,229047.8,2,0,Kitchen,4630.58,3949.1
SKU038,2025-06-16,60,236946.0,2,0,Kitchen,4630.58,3949.1
SKU038,2025-06-23,75,296182.5,2,0,Kitchen,4630.58,3949.1
SKU038,2025-06-30,57,225098.69999999998,0,0,Kitchen,4630.58,3949.1
SKU038,2025-07-07,57,225098.7,0,0,Kitchen,4630.58,3949.1
SKU038,2025-07-14,59,232996.9,0,0,Kitchen,4630.58,3949.1
SKU038,2025-07-21,50,197455.0,0,0,Kitchen,4630.58,3949.1
SKU038,2025-07-28,45,177709.5,0,0,Kitchen,4630.58,3949.1
SKU038,2025-08-04,42,165862.2,0,0,Kitchen,4630.58,3949.1
SKU038,2025-08-11,60,236946.0,0,1,Kitchen,4630.58,3949.1
SKU038,2025-08-18,47,185607.7,0,0,Kitchen,4630.58,3949.1
SKU038,2025-08-25,49,193505.9,0,0,Kitchen,4630.58,3949.1
SKU038,2025-09-01,48,189556.8,2,0,Kitchen,4630.58,3949.1
SKU038,2025-09-08,47,185607.7,2,0,Kitchen,4630.58,3949.1
SKU038,2025-09-15,40,157964.0,2,0,Kitchen,4630.58,3949.1
SKU038,2025-09-22,49,193505.9,2,0,Kitchen,4630.58,3949.1
SKU038,2025-09-29,40,157964.0,0,0,Kitchen,4630.58,3949.1
SKU038,2025-10-06,48,189556.8,0,0,Kitchen,4630.58,3949.1
SKU038,2025-10-13,44,173760.4,0,0,Kitchen,4630.58,3949.1
SKU038,2025-10-20,44,173760.4,0,1,Kitchen,4630.58,3949.1
SKU038,2025-10-27,37,146116.69999999998,2,0,Kitchen,4630.58,3949.1
SKU038,2025-11-03,50,197455.0,2,0,Kitchen,4630.58,3949.1
SKU038,2025-11-10,48,189556.8,2,0,Kitchen,4630.58,3949.1
SKU038,2025-11-17,61,240895.09999999998,2,0,Kitchen,4630.58,3949.1
SKU038,2025-11-24,61,240895.1,2,0,Kitchen,4630.58,3949.1
SKU038,2025-12-01,39,154014.9,0,0,Kitchen,4630.58,3949.1
SKU038,2025-12-08,49,193505.9,0,0,Kitchen,4630.58,3949.1
SKU038,2025-12-15,49,193505.9,0,0,Kitchen,4630.58,3949.1
SKU038,2025-12-22,56,221149.59999999998,0,1,Kitchen,4630.58,3949.1
SKU039,2024-01-01,24,170854.8,0,0,Lighting,6178.74,7118.95
SKU039,2024-01-08,16,113903.2,0,0,Lighting,6178.74,7118.95
SKU039,2024-01-15,16,113903.2,0,0,Lighting,6178.74,7118.95
SKU039,2024-01-22,20,142379.0,0,1,Lighting,6178.74,7118.95
SKU039,2024-01-29,27,192211.65,0,0,Lighting,6178.74,7118.95
SKU039,2024-02-05,21,149497.95,0,0,Lighting,6178.74,7118.95
SKU039,2024-02-12,28,199330.59999999998,0,0,Lighting,6178.74,7118.95
SKU039,2024-02-19,30,213568.5,0,0,Lighting,6178.74,7118.95
SKU039,2024-02-26,25,177973.75,2,0,Lighting,6178.74,7118.95
SKU039,2024-03-04,24,170854.8,2,0,Lighting,6178.74,7118.95
SKU039,2024-03-11,34,242044.3,2,0,Lighting,6178.74,7118.95
SKU039,2024-03-18,27,192211.65,2,0,Lighting,6178.74,7118.95
SKU039,2024-03-25,22,156616.9,2,0,Lighting,6178.74,7118.95
SKU039,2024-04-01,30,213568.5,0,0,Lighting,6178.74,7118.95
SKU039,2024-04-08,31,220687.45,0,0,Lighting,6178.74,7118.95
SKU039,2024-04-15,17,121022.15,0,0,Lighting,6178.74,7118.95
SKU039,2024-04-22,29,206449.55,0,0,Lighting,6178.74,7118.95
SKU039,2024-04-29,21,149497.95,0,0,Lighting,6178.74,7118.95
SKU039,2024-05-06,29,206449.55,0,0,Lighting,6178.74,7118.95
SKU039,2024-05-13,27,192211.65,0,0,Lighting,6178.74,7118.95
SKU039,2024-05-20,25,177973.75,0,0,Lighting,6178.74,7118.95
SKU039,2024-05-27,27,192211.65,2,0,Lighting,6178.74,7118.95
SKU039,2024-06-03,25,177973.75,2,0,Lighting,6178.74,7118.95
SKU039,2024-06-10,24,170854.8,2,0,Lighting,6178.74,7118.95
SKU039,2024-06-17,25,177973.75,2,0,Lighting,6178.74,7118.95
SKU039,2024-06-24,21,149497.94999999998,2,0,Lighting,6178.74,7118.95
SKU039,2024-07-01,21,149497.94999999998,0,0,Lighting,6178.74,7118.95
SKU039,2024-07-08,18,128141.09999999999,0,0,Lighting,6178.74,7118.95
SKU039,2024-07-15,18,128141.09999999999,0,0,Lighting,6178.74,7118.95
SKU039,2024-07-22,16,113903.2,0,0,Lighting,6178.74,7118.95
SKU039,2024-07-29,15,106784.25,0,0,Lighting,6178.74,7118.95
SKU039,2024-08-05,16,113903.2,0,0,Lighting,6178.74,7118.95
SKU039,2024-08-12,24,170854.8,0,1,Lighting,6178.74,7118.95
SKU039,2024-08-19,29,206449.55,0,0,Lighting,6178.74,7118.95
SKU039,2024-08-26,16,113903.2,1,0,Lighting,6178.74,7118.95
SKU039,2024-09-02,26,185092.69999999998,2,0,Lighting,6178.74,7118.95
SKU039,2024-09-09,22,156616.9,2,0,Lighting,6178.74,7118.95
SKU039,2024-09-16,22,156616.9,2,0,Lighting,6178.74,7118.95
SKU039,2024-09-23,24,170854.8,2,0,Lighting,6178.74,7118.95
SKU039,2024-09-30,16,113903.2,0,0,Lighting,6178.74,7118.95
SKU039,2024-10-07,9,64070.55,0,0,Lighting,6178.74,7118.95
SKU039,2024-10-14,18,128141.1,0,0,Lighting,6178.74,7118.95
SKU039,2024-10-21,19,135260.05,0,0,Lighting,6178.74,7118.95
SKU039,2024-10-28,21,149497.95,2,1,Lighting,6178.74,7118.95
SKU039,2024-11-04,24,170854.8,2,0,Lighting,6178.74,7118.95
SKU039,2024-11-11,18,128141.09999999999,2,0,Lighting,6178.74,7118.95
SKU039,2024-11-18,24,170854.8,2,0,Lighting,6178.74,7118.95
SKU039,2024-11-25,11,78308.45,1,0,Lighting,6178.74,7118.95
SKU039,2024-12-02,14,99665.29999999999,0,0,Lighting,6178.74,7118.95
SKU039,2024-12-09,17,121022.15,0,0,Lighting,6178.74,7118.95
SKU039,2024-12-16,13,92546.35,0,0,Lighting,6178.74,7118.95
SKU039,2024-12-23,16,113903.2,0,1,Lighting,6178.74,7118.95
SKU039,2024-12-30,13,92546.34999999999,0,0,Lighting,6178.74,7118.95
SKU039,2025-01-06,25,177973.75,0,0,Lighting,6178.74,7118.95
SKU039,2025-01-13,25,177973.75,0,0,Lighting,6178.74,7118.95
SKU039,2025-01-20,24,170854.8,0,1,Lighting,6178.74,7118.95
SKU039,2025-01-27,25,177973.75,0,0,Lighting,6178.74,7118.95
SKU039,2025-02-03,26,185092.69999999998,0,0,Lighting,6178.74,7118.95
SKU039,2025-02-10,29,206449.55,0,0,Lighting,6178.74,7118.95
SKU039,2025-02-17,18,128141.09999999999,0,0,Lighting,6178.74,7118.95
SKU039,2025-02-24,28,199330.59999999998,2,0,Lighting,6178.74,7118.95
SKU039,2025-03-03,31,220687.45,2,0,Lighting,6178.74,7118.95
SKU039,2025-03-10,20,142379.0,2,0,Lighting,6178.74,7118.95
SKU039,2025-03-17,23,163735.85,2,0,Lighting,6178.74,7118.95
SKU039,2025-03-24,20,142379.0,2,0,Lighting,6178.74,7118.95
SKU039,2025-03-31,27,192211.65,0,0,Lighting,6178.74,7118.95
SKU039,2025-04-07,24,170854.8,0,0,Lighting,6178.74,7118.95
SKU039,2025-04-14,24,170854.8,0,0,Lighting,6178.74,7118.95
SKU039,2025-04-21,18,128141.09999999999,0,0,Lighting,6178.74,7118.95
SKU039,2025-04-28,23,163735.85,0,0,Lighting,6178.74,7118.95
SKU039,2025-05-05,33,234925.35,0,0,Lighting,6178.74,7118.95
SKU039,2025-05-12,29,206449.55,0,0,Lighting,6178.74,7118.95
SKU039,2025-05-19,24,170854.8,0,0,Lighting,6178.74,7118.95
SKU039,2025-05-26,20,142379.0,1,0,Lighting,6178.74,7118.95
SKU039,2025-06-02,26,185092.7,2,0,Lighting,6178.74,7118.95
SKU039,2025-06-09,26,185092.69999999998,2,0,Lighting,6178.74,7118.95
SKU039,2025-06-16,32,227806.4,2,0,Lighting,6178.74,7118.95
SKU039,2025-06-23,31,220687.44999999998,2,0,Lighting,6178.74,7118.95
SKU039,2025-06-30,19,135260.05,0,0,Lighting,6178.74,7118.95
SKU039,2025-07-07,24,170854.8,0,0,Lighting,6178.74,7118.95
SKU039,2025-07-14,18,128141.09999999999,0,0,Lighting,6178.74,7118.95
SKU039,2025-07-21,34,242044.3,0,0,Lighting,6178.74,7118.95
SKU039,2025-07-28,23,163735.85,0,0,Lighting,6178.74,7118.95
SKU039,2025-08-04,23,163735.85,0,0,Lighting,6178.74,7118.95
SKU039,2025-08-11,20,142379.0,0,1,Lighting,6178.74,7118.95
SKU039,2025-08-18,18,128141.1,0,0,Lighting,6178.74,7118.95
SKU039,2025-08-25,13,92546.34999999999,0,0,Lighting,6178.74,7118.95
SKU039,2025-09-01,17,121022.15,2,0,Lighting,6178.74,7118.95
SKU039,2025-09-08,20,142379.0,2,0,Lighting,6178.74,7118.95
SKU039,2025-09-15,18,128141.09999999999,2,0,Lighting,6178.74,7118.95
SKU039,2025-09-22,25,177973.75,2,0,Lighting,6178.74,7118.95
SKU039,2025-09-29,26,185092.69999999998,0,0,Lighting,6178.74,7118.95
SKU039,2025-10-06,17,121022.15,0,0,Lighting,6178.74,7118.95
SKU039,2025-10-13,16,113903.2,0,0,Lighting,6178.74,7118.95
SKU039,2025-10-20,19,135260.05,0,1,Lighting,6178.74,7118.95
SKU039,2025-10-27,18,128141.09999999999,2,0,Lighting,6178.74,7118.95
SKU039,2025-11-03,18,128141.09999999999,2,0,Lighting,6178.74,7118.95
SKU039,2025-11-10,24,170854.8,2,0,Lighting,6178.74,7118.95
SKU039,2025-11-17,18,128141.1,2,0,Lighting,6178.74,7118.95
SKU039,2025-11-24,13,92546.35,2,0,Lighting,6178.74,7118.95
SKU039,2025-12-01,23,163735.85,0,0,Lighting,6178.74,7118.95
SKU039,2025-12-08,15,106784.25,0,0,Lighting,6178.74,7118.95
SKU039,2025-12-15,12,85427.4,0,0,Lighting,6178.74,7118.95
SKU039,2025-12-22,21,149497.94999999998,0,1,Lighting,6178.74,7118.95
SKU040,2024-01-01,104,254858.24,0,0,Storage,5169.07,2450.56
SKU040,2024-01-08,116,284264.95999999996,0,0,Storage,5169.07,2450.56
SKU040,2024-01-15,105,257308.8,0,0,Storage,5169.07,2450.56
SKU040,2024-01-22,92,225451.52,0,1,Storage,5169.07,2450.56
SKU040,2024-01-29,118,289166.08,0,0,Storage,5169.07,2450.56
SKU040,2024-02-05,117,286715.51999999996,0,0,Storage,5169.07,2450.56
SKU040,2024-02-12,122,298968.32,0,0,Storage,5169.07,2450.56
SKU040,2024-02-19,110,269561.6,0,0,Storage,5169.07,2450.56
SKU040,2024-02-26,137,335726.72,2,0,Storage,5169.07,2450.56
SKU040,2024-03-04,114,279363.83999999997,2,0,Storage,5169.07,2450.56
SKU040,2024-03-11,140,343078.4,2,0,Storage,5169.07,2450.56
SKU040,2024-03-18,173,423946.88,2,0,Storage,5169.07,2450.56
SKU040,2024-03-25,147,360232.32,2,0,Storage,5169.07,2450.56
SKU040,2024-04-01,109,267111.04,0,0,Storage,5169.07,2450.56
SKU040,2024-04-08,126,308770.56,0,0,Storage,5169.07,2450.56
SKU040,2024-04-15,131,321023.36,0,0,Storage,5169.07,2450.56
SKU040,2024-04-22,117,286715.52,0,0,Storage,5169.07,2450.56
SKU040,2024-04-29,119,291616.64,0,0,Storage,5169.07,2450.56
SKU040,2024-05-06,125,306320.0,0,0,Storage,5169.07,2450.56
SKU040,2024-05-13,108,264660.48,0,0,Storage,5169.07,2450.56
SKU040,2024-05-20,119,291616.64,0,0,Storage,5169.07,2450.56
SKU040,2024-05-27,135,330825.6,2,0,Storage,5169.07,2450.56
SKU040,2024-06-03,128,313671.68,2,0,Storage,5169.07,2450.56
SKU040,2024-06-10,128,313671.68,2,0,Storage,5169.07,2450.56
SKU040,2024-06-17,124,303869.44,2,0,Storage,5169.07,2450.56
SKU040,2024-06-24,97,237704.32,2,0,Storage,5169.07,2450.56
SKU040,2024-07-01,103,252407.68,0,0,Storage,5169.07,2450.56
SKU040,2024-07-08,116,284264.96,0,0,Storage,5169.07,2450.56
SKU040,2024-07-15,102,249957.12,0,0,Storage,5169.07,2450.56
SKU040,2024-07-22,109,267111.04,0,0,Storage,5169.07,2450.56
SKU040,2024-07-29,109,267111.04,0,0,Storage,5169.07,2450.56
SKU040,2024-08-05,103,252407.68,0,0,Storage,5169.07,2450.56
SKU040,2024-08-12,109,267111.04,0,1,Storage,5169.07,2450.56
SKU040,2024-08-19,110,269561.6,0,0,Storage,5169.07,2450.56
SKU040,2024-08-26,85,208297.6,1,0,Storage,5169.07,2450.56
SKU040,2024-09-02,94,230352.64,2,0,Storage,5169.07,2450.56
SKU040,2024-09-09,109,267111.04,2,0,Storage,5169.07,2450.56
SKU040,2024-09-16,89,218099.84,2,0,Storage,5169.07,2450.56
SKU040,2024-09-23,84,205847.04,2,0,Storage,5169.07,2450.56
SKU040,2024-09-30,91,223000.96,0,0,Storage,5169.07,2450.56
SKU040,2024-10-07,93,227902.08,0,0,Storage,5169.07,2450.56
SKU040,2024-10-14,96,235253.76,0,0,Storage,5169.07,2450.56
SKU040,2024-10-21,92,225451.52,0,0,Storage,5169.07,2450.56
SKU040,2024-10-28,89,218099.84,2,1,Storage,5169.07,2450.56
SKU040,2024-11-04,114,279363.83999999997,2,0,Storage,5169.07,2450.56
SKU040,2024-11-11,101,247506.56,2,0,Storage,5169.07,2450.56
SKU040,2024-11-18,92,225451.52,2,0,Storage,5169.07,2450.56
SKU040,2024-11-25,92,225451.52,1,0,Storage,5169.07,2450.56
SKU040,2024-12-02,97,237704.32,0,0,Storage,5169.07,2450.56
SKU040,2024-12-09,90,220550.4,0,0,Storage,5169.07,2450.56
SKU040,2024-12-16,99,242605.44,0,0,Storage,5169.07,2450.56
SKU040,2024-12-23,103,252407.68,0,1,Storage,5169.07,2450.56
SKU040,2024-12-30,101,247506.56,0,0,Storage,5169.07,2450.56
SKU040,2025-01-06,115,281814.4,0,0,Storage,5169.07,2450.56
SKU040,2025-01-13,112,274462.72,0,0,Storage,5169.07,2450.56
SKU040,2025-01-20,101,247506.56,0,1,Storage,5169.07,2450.56
SKU040,2025-01-27,110,269561.6,0,0,Storage,5169.07,2450.56
SKU040,2025-02-03,102,249957.12,0,0,Storage,5169.07,2450.56
SKU040,2025-02-10,125,306320.0,0,0,Storage,5169.07,2450.56
SKU040,2025-02-17,111,272012.16000000003,0,0,Storage,5169.07,2450.56
SKU040,2025-02-24,136,333276.16,2,0,Storage,5169.07,2450.56
SKU040,2025-03-03,126,308770.56,2,0,Storage,5169.07,2450.56
SKU040,2025-03-10,146,357781.76,2,0,Storage,5169.07,2450.56
SKU040,2025-03-17,151,370034.56,2,0,Storage,5169.07,2450.56
SKU040,2025-03-24,120,294067.2,2,0,Storage,5169.07,2450.56
SKU040,2025-03-31,135,330825.6,0,0,Storage,5169.07,2450.56
SKU040,2025-04-07,122,298968.32,0,0,Storage,5169.07,2450.56
SKU040,2025-04-14,116,284264.95999999996,0,0,Storage,5169.07,2450.56
SKU040,2025-04-21,100,245056.0,0,0,Storage,5169.07,2450.56
SKU040,2025-04-28,136,333276.16,0,0,Storage,5169.07,2450.56
SKU040,2025-05-05,129,316122.24,0,0,Storage,5169.07,2450.56
SKU040,2025-05-12,122,298968.32,0,0,Storage,5169.07,2450.56
SKU040,2025-05-19,123,301418.88,0,0,Storage,5169.07,2450.56
SKU040,2025-05-26,134,328375.04,1,0,Storage,5169.07,2450.56
SKU040,2025-06-02,124,303869.44,2,0,Storage,5169.07,2450.56
SKU040,2025-06-09,113,276913.28,2,0,Storage,5169.07,2450.56
SKU040,2025-06-16,125,306320.0,2,0,Storage,5169.07,2450.56
SKU040,2025-06-23,119,291616.64,2,0,Storage,5169.07,2450.56
SKU040,2025-06-30,117,286715.52,0,0,Storage,5169.07,2450.56
SKU040,2025-07-07,106,259759.36,0,0,Storage,5169.07,2450.56
SKU040,2025-07-14,99,242605.44,0,0,Storage,5169.07,2450.56
SKU040,2025-07-21,97,237704.32,0,0,Storage,5169.07,2450.56
SKU040,2025-07-28,108,264660.48,0,0,Storage,5169.07,2450.56
SKU040,2025-08-04,90,220550.4,0,0,Storage,5169.07,2450.56
SKU040,2025-08-11,92,225451.52000000002,0,1,Storage,5169.07,2450.56
SKU040,2025-08-18,110,269561.6,0,0,Storage,5169.07,2450.56
SKU040,2025-08-25,99,242605.44,0,0,Storage,5169.07,2450.56
SKU040,2025-09-01,105,257308.8,2,0,Storage,5169.07,2450.56
SKU040,2025-09-08,106,259759.36,2,0,Storage,5169.07,2450.56
SKU040,2025-09-15,109,267111.04,2,0,Storage,5169.07,2450.56
SKU040,2025-09-22,87,213198.72,2,0,Storage,5169.07,2450.56
SKU040,2025-09-29,76,186242.56,0,0,Storage,5169.07,2450.56
SKU040,2025-10-06,82,200945.91999999998,0,0,Storage,5169.07,2450.56
SKU040,2025-10-13,81,198495.36,0,0,Storage,5169.07,2450.56
SKU040,2025-10-20,91,223000.96,0,1,Storage,5169.07,2450.56
SKU040,2025-10-27,103,252407.68,2,0,Storage,5169.07,2450.56
SKU040,2025-11-03,89,218099.84,2,0,Storage,5169.07,2450.56
SKU040,2025-11-10,98,240154.88,2,0,Storage,5169.07,2450.56
SKU040,2025-11-17,86,210748.15999999997,2,0,Storage,5169.07,2450.56
SKU040,2025-11-24,76,186242.56,2,0,Storage,5169.07,2450.56
SKU040,2025-12-01,103,252407.68,0,0,Storage,5169.07,2450.56
SKU040,2025-12-08,101,247506.56,0,0,Storage,5169.07,2450.56
SKU040,2025-12-15,93,227902.08,0,0,Storage,5169.07,2450.56
SKU040,2025-12-22,76,186242.56,0,1,Storage,5169.07,2450.56
SKU041,2024-01-01,73,754581.2899999999,0,0,Furniture,4540.24,10336.73
SKU041,2024-01-08,80,826938.3999999999,0,0,Furniture,4540.24,10336.73
SKU041,2024-01-15,66,682224.1799999999,0,0,Furniture,4540.24,10336.73
SKU041,2024-01-22,82,847611.86,0,1,Furniture,4540.24,10336.73
SKU041,2024-01-29,83,857948.59,0,0,Furniture,4540.24,10336.73
SKU041,2024-02-05,76,785591.48,0,0,Furniture,4540.24,10336.73
SKU041,2024-02-12,77,795928.21,0,0,Furniture,4540.24,10336.73
SKU041,2024-02-19,72,744244.5599999999,0,0,Furniture,4540.24,10336.73
SKU041,2024-02-26,94,971652.62,2,0,Furniture,4540.24,10336.73
SKU041,2024-03-04,91,940642.4299999999,2,0,Furniture,4540.24,10336.73
SKU041,2024-03-11,101,1044009.73,2,0,Furniture,4540.24,10336.73
SKU041,2024-03-18,110,1137040.3,2,0,Furniture,4540.24,10336.73
SKU041,2024-03-25,115,1188723.95,2,0,Furniture,4540.24,10336.73
SKU041,2024-04-01,95,981989.35,0,0,Furniture,4540.24,10336.73
SKU041,2024-04-08,78,806264.94,0,0,Furniture,4540.24,10336.73
SKU041,2024-04-15,99,1023336.27,0,0,Furniture,4540.24,10336.73
SKU041,2024-04-22,73,754581.29,0,0,Furniture,4540.24,10336.73
SKU041,2024-04-29,98,1012999.54,0,0,Furniture,4540.24,10336.73
SKU041,2024-05-06,101,1044009.73,0,0,Furniture,4540.24,10336.73
SKU041,2024-05-13,78,806264.94,0,0,Furniture,4540.24,10336.73
SKU041,2024-05-20,79,816601.6699999999,0,0,Furniture,4540.24,10336.73
SKU041,2024-05-27,100,1033673.0,2,0,Furniture,4540.24,10336.73
SKU041,2024-06-03,89,919968.97,2,0,Furniture,4540.24,10336.73
SKU041,2024-06-10,90,930305.7,2,0,Furniture,4540.24,10336.73
SKU041,2024-06-17,89,919968.97,2,0,Furniture,4540.24,10336.73
SKU041,2024-06-24,88,909632.24,2,0,Furniture,4540.24,10336.73
SKU041,2024-07-01,62,640877.26,0,0,Furniture,4540.24,10336.73
SKU041,2024-07-08,63,651213.99,0,0,Furniture,4540.24,10336.73
SKU041,2024-07-15,70,723571.1,0,0,Furniture,4540.24,10336.73
SKU041,2024-07-22,66,682224.1799999999,0,0,Furniture,4540.24,10336.73
SKU041,2024-07-29,71,733907.83,0,0,Furniture,4540.24,10336.73
SKU041,2024-08-05,71,733907.83,0,0,Furniture,4540.24,10336.73
SKU041,2024-08-12,71,733907.83,0,1,Furniture,4540.24,10336.73
SKU041,2024-08-19,67,692560.9099999999,0,0,Furniture,4540.24,10336.73
SKU041,2024-08-26,77,795928.21,1,0,Furniture,4540.24,10336.73
SKU041,2024-09-02,63,651213.99,2,0,Furniture,4540.24,10336.73
SKU041,2024-09-09,66,682224.1799999999,2,0,Furniture,4540.24,10336.73
SKU041,2024-09-16,74,764918.02,2,0,Furniture,4540.24,10336.73
SKU041,2024-09-23,62,640877.26,2,0,Furniture,4540.24,10336.73
SKU041,2024-09-30,62,640877.26,0,0,Furniture,4540.24,10336.73
SKU041,2024-10-07,82,847611.86,0,0,Furniture,4540.24,10336.73
SKU041,2024-10-14,63,651213.99,0,0,Furniture,4540.24,10336.73
SKU041,2024-10-21,63,651213.99,0,0,Furniture,4540.24,10336.73
SKU041,2024-10-28,66,682224.1799999999,2,1,Furniture,4540.24,10336.73
SKU041,2024-11-04,75,775254.75,2,0,Furniture,4540.24,10336.73
SKU041,2024-11-11,65,671887.45,2,0,Furniture,4540.24,10336.73
SKU041,2024-11-18,62,640877.26,2,0,Furniture,4540.24,10336.73
SKU041,2024-11-25,66,682224.1799999999,1,0,Furniture,4540.24,10336.73
SKU041,2024-12-02,75,775254.75,0,0,Furniture,4540.24,10336.73
SKU041,2024-12-09,54,558183.4199999999,0,0,Furniture,4540.24,10336.73
SKU041,2024-12-16,79,816601.6699999999,0,0,Furniture,4540.24,10336.73
SKU041,2024-12-23,80,826938.3999999999,0,1,Furniture,4540.24,10336.73
SKU041,2024-12-30,74,764918.02,0,0,Furniture,4540.24,10336.73
SKU041,2025-01-06,98,1012999.54,0,0,Furniture,4540.24,10336.73
SKU041,2025-01-13,74,764918.02,0,0,Furniture,4540.24,10336.73
SKU041,2025-01-20,72,744244.5599999999,0,1,Furniture,4540.24,10336.73
SKU041,2025-01-27,80,826938.3999999999,0,0,Furniture,4540.24,10336.73
SKU041,2025-02-03,77,795928.21,0,0,Furniture,4540.24,10336.73
SKU041,2025-02-10,76,785591.48,0,0,Furniture,4540.24,10336.73
SKU041,2025-02-17,96,992326.08,0,0,Furniture,4540.24,10336.73
SKU041,2025-02-24,99,1023336.2699999999,2,0,Furniture,4540.24,10336.73
SKU041,2025-03-03,101,1044009.73,2,0,Furniture,4540.24,10336.73
SKU041,2025-03-10,101,1044009.7299999999,2,0,Furniture,4540.24,10336.73
SKU041,2025-03-17,90,930305.7,2,0,Furniture,4540.24,10336.73
SKU041,2025-03-24,105,1085356.65,2,0,Furniture,4540.24,10336.73
SKU041,2025-03-31,93,961315.89,0,0,Furniture,4540.24,10336.73
SKU041,2025-04-07,96,992326.08,0,0,Furniture,4540.24,10336.73
SKU041,2025-04-14,91,940642.4299999999,0,0,Furniture,4540.24,10336.73
SKU041,2025-04-21,97,1002662.8099999999,0,0,Furniture,4540.24,10336.73
SKU041,2025-04-28,99,1023336.2699999999,0,0,Furniture,4540.24,10336.73
SKU041,2025-05-05,67,692560.9099999999,0,0,Furniture,4540.24,10336.73
SKU041,2025-05-12,89,919968.97,0,0,Furniture,4540.24,10336.73
SKU041,2025-05-19,79,816601.6699999999,0,0,Furniture,4540.24,10336.73
SKU041,2025-05-26,81,837275.13,1,0,Furniture,4540.24,10336.73
SKU041,2025-06-02,93,961315.8899999999,2,0,Furniture,4540.24,10336.73
SKU041,2025-06-09,98,1012999.5399999999,2,0,Furniture,4540.24,10336.73
SKU041,2025-06-16,78,806264.94,2,0,Furniture,4540.24,10336.73
SKU041,2025-06-23,72,744244.5599999999,2,0,Furniture,4540.24,10336.73
SKU041,2025-06-30,79,816601.6699999999,0,0,Furniture,4540.24,10336.73
SKU041,2025-07-07,73,754581.2899999999,0,0,Furniture,4540.24,10336.73
SKU041,2025-07-14,93,961315.8899999999,0,0,Furniture,4540.24,10336.73
SKU041,2025-07-21,69,713234.37,0,0,Furniture,4540.24,10336.73
SKU041,2025-07-28,63,651213.99,0,0,Furniture,4540.24,10336.73
SKU041,2025-08-04,72,744244.5599999999,0,0,Furniture,4540.24,10336.73
SKU041,2025-08-11,81,837275.1299999999,0,1,Furniture,4540.24,10336.73
SKU041,2025-08-18,66,682224.1799999999,0,0,Furniture,4540.24,10336.73
SKU041,2025-08-25,80,826938.3999999999,0,0,Furniture,4540.24,10336.73
SKU041,2025-09-01,72,744244.5599999999,2,0,Furniture,4540.24,10336.73
SKU041,2025-09-08,58,599530.34,2,0,Furniture,4540.24,10336.73
SKU041,2025-09-15,66,682224.1799999999,2,0,Furniture,4540.24,10336.73
SKU041,2025-09-22,62,640877.26,2,0,Furniture,4540.24,10336.73
SKU041,2025-09-29,67,692560.9099999999,0,0,Furniture,4540.24,10336.73
SKU041,2025-10-06,54,558183.4199999999,0,0,Furniture,4540.24,10336.73
SKU041,2025-10-13,62,640877.26,0,0,Furniture,4540.24,10336.73
SKU041,2025-10-20,52,537509.96,0,1,Furniture,4540.24,10336.73
SKU041,2025-10-27,67,692560.9099999999,2,0,Furniture,4540.24,10336.73
SKU041,2025-11-03,79,816601.6699999999,2,0,Furniture,4540.24,10336.73
SKU041,2025-11-10,65,671887.45,2,0,Furniture,4540.24,10336.73
SKU041,2025-11-17,52,537509.96,2,0,Furniture,4540.24,10336.73
SKU041,2025-11-24,83,857948.59,2,0,Furniture,4540.24,10336.73
SKU041,2025-12-01,78,806264.94,0,0,Furniture,4540.24,10336.73
SKU041,2025-12-08,66,682224.1799999999,0,0,Furniture,4540.24,10336.73
SKU041,2025-12-15,71,733907.8300000001,0,0,Furniture,4540.24,10336.73
SKU041,2025-12-22,70,723571.1,0,1,Furniture,4540.24,10336.73
SKU042,2024-01-01,166,1527005.78,0,0,Home Decor,4583.86,9198.83
SKU042,2024-01-08,157,1444216.31,0,0,Home Decor,4583.86,9198.83
SKU042,2024-01-15,136,1251040.88,0,0,Home Decor,4583.86,9198.83
SKU042,2024-01-22,155,1425818.65,0,1,Home Decor,4583.86,9198.83
SKU042,2024-01-29,157,1444216.31,0,0,Home Decor,4583.86,9198.83
SKU042,2024-02-05,165,1517806.95,0,0,Home Decor,4583.86,9198.83
SKU042,2024-02-12,148,1361426.84,0,0,Home Decor,4583.86,9198.83
SKU042,2024-02-19,162,1490210.46,0,0,Home Decor,4583.86,9198.83
SKU042,2024-02-26,208,1913356.6400000001,2,0,Home Decor,4583.86,9198.83
SKU042,2024-03-04,182,1674187.06,2,0,Home Decor,4583.86,9198.83
SKU042,2024-03-11,181,1664988.23,2,0,Home Decor,4583.86,9198.83
SKU042,2024-03-18,189,1738578.87,2,0,Home Decor,4583.86,9198.83
SKU042,2024-03-25,196,1802970.68,2,0,Home Decor,4583.86,9198.83
SKU042,2024-04-01,193,1775374.19,0,0,Home Decor,4583.86,9198.83
SKU042,2024-04-08,194,1784573.0199999998,0,0,Home Decor,4583.86,9198.83
SKU042,2024-04-15,163,1499409.29,0,0,Home Decor,4583.86,9198.83
SKU042,2024-04-22,199,1830567.17,0,0,Home Decor,4583.86,9198.83
SKU042,2024-04-29,201,1848964.83,0,0,Home Decor,4583.86,9198.83
SKU042,2024-05-06,166,1527005.78,0,0,Home Decor,4583.86,9198.83
SKU042,2024-05-13,191,1756976.5299999998,0,0,Home Decor,4583.86,9198.83
SKU042,2024-05-20,172,1582198.76,0,0,Home Decor,4583.86,9198.83
SKU042,2024-05-27,212,1950151.96,2,0,Home Decor,4583.86,9198.83
SKU042,2024-06-03,158,1453415.1400000001,2,0,Home Decor,4583.86,9198.83
SKU042,2024-06-10,195,1793771.85,2,0,Home Decor,4583.86,9198.83
SKU042,2024-06-17,184,1692584.72,2,0,Home Decor,4583.86,9198.83
SKU042,2024-06-24,159,1462613.97,2,0,Home Decor,4583.86,9198.83
SKU042,2024-07-01,142,1306233.8599999999,0,0,Home Decor,4583.86,9198.83
SKU042,2024-07-08,145,1333830.35,0,0,Home Decor,4583.86,9198.83
SKU042,2024-07-15,147,1352228.01,0,0,Home Decor,4583.86,9198.83
SKU042,2024-07-22,158,1453415.1400000001,0,0,Home Decor,4583.86,9198.83
SKU042,2024-07-29,143,1315432.69,0,0,Home Decor,4583.86,9198.83
SKU042,2024-08-05,139,1278637.37,0,0,Home Decor,4583.86,9198.83
SKU042,2024-08-12,141,1297035.03,0,1,Home Decor,4583.86,9198.83
SKU042,2024-08-19,126,1159052.58,0,0,Home Decor,4583.86,9198.83
SKU042,2024-08-26,147,1352228.01,1,0,Home Decor,4583.86,9198.83
SKU042,2024-09-02,147,1352228.01,2,0,Home Decor,4583.86,9198.83
SKU042,2024-09-09,126,1159052.58,2,0,Home Decor,4583.86,9198.83
SKU042,2024-09-16,147,1352228.01,2,0,Home Decor,4583.86,9198.83
SKU042,2024-09-23,133,1223444.39,2,0,Home Decor,4583.86,9198.83
SKU042,2024-09-30,120,1103859.5999999999,0,0,Home Decor,4583.86,9198.83
SKU042,2024-10-07,125,1149853.75,0,0,Home Decor,4583.86,9198.83
SKU042,2024-10-14,131,1205046.73,0,0,Home Decor,4583.86,9198.83
SKU042,2024-10-21,114,1048666.62,0,0,Home Decor,4583.86,9198.83
SKU042,2024-10-28,136,1251040.88,2,1,Home Decor,4583.86,9198.83
SKU042,2024-11-04,121,1113058.43,2,0,Home Decor,4583.86,9198.83
SKU042,2024-11-11,148,1361426.84,2,0,Home Decor,4583.86,9198.83
SKU042,2024-11-18,138,1269438.54,2,0,Home Decor,4583.86,9198.83
SKU042,2024-11-25,133,1223444.39,1,0,Home Decor,4583.86,9198.83
SKU042,2024-12-02,159,1462613.97,0,0,Home Decor,4583.86,9198.83
SKU042,2024-12-09,132,1214245.56,0,0,Home Decor,4583.86,9198.83
SKU042,2024-12-16,122,1122257.26,0,0,Home Decor,4583.86,9198.83
SKU042,2024-12-23,158,1453415.14,0,1,Home Decor,4583.86,9198.83
SKU042,2024-12-30,157,1444216.31,0,0,Home Decor,4583.86,9198.83
SKU042,2025-01-06,137,1260239.71,0,0,Home Decor,4583.86,9198.83
SKU042,2025-01-13,155,1425818.65,0,0,Home Decor,4583.86,9198.83
SKU042,2025-01-20,149,1370625.67,0,1,Home Decor,4583.86,9198.83
SKU042,2025-01-27,162,1490210.46,0,0,Home Decor,4583.86,9198.83
SKU042,2025-02-03,151,1389023.33,0,0,Home Decor,4583.86,9198.83
SKU042,2025-02-10,179,1646590.57,0,0,Home Decor,4583.86,9198.83
SKU042,2025-02-17,165,1517806.95,0,0,Home Decor,4583.86,9198.83
SKU042,2025-02-24,175,1609795.25,2,0,Home Decor,4583.86,9198.83
SKU042,2025-03-03,193,1775374.19,2,0,Home Decor,4583.86,9198.83
SKU042,2025-03-10,194,1784573.02,2,0,Home Decor,4583.86,9198.83
SKU042,2025-03-17,182,1674187.06,2,0,Home Decor,4583.86,9198.83
SKU042,2025-03-24,183,1683385.8900000001,2,0,Home Decor,4583.86,9198.83
SKU042,2025-03-31,201,1848964.83,0,0,Home Decor,4583.86,9198.83
SKU042,2025-04-07,168,1545403.44,0,0,Home Decor,4583.86,9198.83
SKU042,2025-04-14,174,1600596.42,0,0,Home Decor,4583.86,9198.83
SKU042,2025-04-21,180,1655789.4,0,0,Home Decor,4583.86,9198.83
SKU042,2025-04-28,194,1784573.02,0,0,Home Decor,4583.86,9198.83
SKU042,2025-05-05,192,1766175.3599999999,0,0,Home Decor,4583.86,9198.83
SKU042,2025-05-12,202,1858163.66,0,0,Home Decor,4583.86,9198.83
SKU042,2025-05-19,180,1655789.4,0,0,Home Decor,4583.86,9198.83
SKU042,2025-05-26,172,1582198.76,1,0,Home Decor,4583.86,9198.83
SKU042,2025-06-02,199,1830567.17,2,0,Home Decor,4583.86,9198.83
SKU042,2025-06-09,181,1664988.23,2,0,Home Decor,4583.86,9198.83
SKU042,2025-06-16,179,1646590.5699999998,2,0,Home Decor,4583.86,9198.83
SKU042,2025-06-23,197,1812169.5099999998,2,0,Home Decor,4583.86,9198.83
SKU042,2025-06-30,163,1499409.29,0,0,Home Decor,4583.86,9198.83
SKU042,2025-07-07,158,1453415.14,0,0,Home Decor,4583.86,9198.83
SKU042,2025-07-14,161,1481011.63,0,0,Home Decor,4583.86,9198.83
SKU042,2025-07-21,157,1444216.31,0,0,Home Decor,4583.86,9198.83
SKU042,2025-07-28,167,1536204.61,0,0,Home Decor,4583.86,9198.83
SKU042,2025-08-04,141,1297035.03,0,0,Home Decor,4583.86,9198.83
SKU042,2025-08-11,142,1306233.8599999999,0,1,Home Decor,4583.86,9198.83
SKU042,2025-08-18,154,1416619.8199999998,0,0,Home Decor,4583.86,9198.83
SKU042,2025-08-25,162,1490210.46,0,0,Home Decor,4583.86,9198.83
SKU042,2025-09-01,146,1343029.18,2,0,Home Decor,4583.86,9198.83
SKU042,2025-09-08,149,1370625.67,2,0,Home Decor,4583.86,9198.83
SKU042,2025-09-15,169,1554602.27,2,0,Home Decor,4583.86,9198.83
SKU042,2025-09-22,123,1131456.0899999999,2,0,Home Decor,4583.86,9198.83
SKU042,2025-09-29,132,1214245.56,0,0,Home Decor,4583.86,9198.83
SKU042,2025-10-06,137,1260239.71,0,0,Home Decor,4583.86,9198.83
SKU042,2025-10-13,138,1269438.54,0,0,Home Decor,4583.86,9198.83
SKU042,2025-10-20,117,1076263.1099999999,0,1,Home Decor,4583.86,9198.83
SKU042,2025-10-27,134,1232643.22,2,0,Home Decor,4583.86,9198.83
SKU042,2025-11-03,141,1297035.03,2,0,Home Decor,4583.86,9198.83
SKU042,2025-11-10,132,1214245.56,2,0,Home Decor,4583.86,9198.83
SKU042,2025-11-17,124,1140654.92,2,0,Home Decor,4583.86,9198.83
SKU042,2025-11-24,142,1306233.8599999999,2,0,Home Decor,4583.86,9198.83
SKU042,2025-12-01,156,1435017.48,0,0,Home Decor,4583.86,9198.83
SKU042,2025-12-08,125,1149853.75,0,0,Home Decor,4583.86,9198.83
SKU042,2025-12-15,173,1591397.5899999999,0,0,Home Decor,4583.86,9198.83
SKU042,2025-12-22,148,1361426.8399999999,0,1,Home Decor,4583.86,9198.83
SKU043,2024-01-01,157,1373085.8900000001,0,0,Kitchen,2605.61,8745.77
SKU043,2024-01-08,141,1233153.57,0,0,Kitchen,2605.61,8745.77
SKU043,2024-01-15,140,1224407.8,0,0,Kitchen,2605.61,8745.77
SKU043,2024-01-22,166,1451797.82,0,1,Kitchen,2605.61,8745.77
SKU043,2024-01-29,173,1513018.2100000002,0,0,Kitchen,2605.61,8745.77
SKU043,2024-02-05,177,1548001.29,0,0,Kitchen,2605.61,8745.77
SKU043,2024-02-12,152,1329357.04,0,0,Kitchen,2605.61,8745.77
SKU043,2024-02-19,168,1469289.36,0,0,Kitchen,2605.61,8745.77
SKU043,2024-02-26,182,1591730.1400000001,2,0,Kitchen,2605.61,8745.77
SKU043,2024-03-04,175,1530509.75,2,0,Kitchen,2605.61,8745.77
SKU043,2024-03-11,175,1530509.75,2,0,Kitchen,2605.61,8745.77
SKU043,2024-03-18,171,1495526.6700000002,2,0,Kitchen,2605.61,8745.77
SKU043,2024-03-25,177,1548001.29,2,0,Kitchen,2605.61,8745.77
SKU043,2024-04-01,172,1504272.4400000002,0,0,Kitchen,2605.61,8745.77
SKU043,2024-04-08,170,1486780.9,0,0,Kitchen,2605.61,8745.77
SKU043,2024-04-15,187,1635458.9900000002,0,0,Kitchen,2605.61,8745.77
SKU043,2024-04-22,192,1679187.84,0,0,Kitchen,2605.61,8745.77
SKU043,2024-04-29,174,1521763.98,0,0,Kitchen,2605.61,8745.77
SKU043,2024-05-06,179,1565492.83,0,0,Kitchen,2605.61,8745.77
SKU043,2024-05-13,181,1582984.37,0,0,Kitchen,2605.61,8745.77
SKU043,2024-05-20,178,1556747.06,0,0,Kitchen,2605.61,8745.77
SKU043,2024-05-27,191,1670442.07,2,0,Kitchen,2605.61,8745.77
SKU043,2024-06-03,169,1478035.1300000001,2,0,Kitchen,2605.61,8745.77
SKU043,2024-06-10,179,1565492.83,2,0,Kitchen,2605.61,8745.77
SKU043,2024-06-17,169,1478035.1300000001,2,0,Kitchen,2605.61,8745.77
SKU043,2024-06-24,172,1504272.44,2,0,Kitchen,2605.61,8745.77
SKU043,2024-07-01,136,1189424.72,0,0,Kitchen,2605.61,8745.77
SKU043,2024-07-08,172,1504272.44,0,0,Kitchen,2605.61,8745.77
SKU043,2024-07-15,141,1233153.57,0,0,Kitchen,2605.61,8745.77
SKU043,2024-07-22,160,1399323.2,0,0,Kitchen,2605.61,8745.77
SKU043,2024-07-29,160,1399323.2000000002,0,0,Kitchen,2605.61,8745.77
SKU043,2024-08-05,123,1075729.71,0,0,Kitchen,2605.61,8745.77
SKU043,2024-08-12,136,1189424.7200000002,0,1,Kitchen,2605.61,8745.77
SKU043,2024-08-19,123,1075729.7100000002,0,0,Kitchen,2605.61,8745.77
SKU043,2024-08-26,140,1224407.8,1,0,Kitchen,2605.61,8745.77
SKU043,2024-09-02,148,1294373.96,2,0,Kitchen,2605.61,8745.77
SKU043,2024-09-09,124,1084475.48,2,0,Kitchen,2605.61,8745.77
SKU043,2024-09-16,136,1189424.72,2,0,Kitchen,2605.61,8745.77
SKU043,2024-09-23,140,1224407.8,2,0,Kitchen,2605.61,8745.77
SKU043,2024-09-30,130,1136950.1,0,0,Kitchen,2605.61,8745.77
SKU043,2024-10-07,113,988272.01,0,0,Kitchen,2605.61,8745.77
SKU043,2024-10-14,121,1058238.17,0,0,Kitchen,2605.61,8745.77
SKU043,2024-10-21,132,1154441.6400000001,0,0,Kitchen,2605.61,8745.77
SKU043,2024-10-28,130,1136950.1,2,1,Kitchen,2605.61,8745.77
SKU043,2024-11-04,128,1119458.56,2,0,Kitchen,2605.61,8745.77
SKU043,2024-11-11,140,1224407.8,2,0,Kitchen,2605.61,8745.77
SKU043,2024-11-18,142,1241899.34,2,0,Kitchen,2605.61,8745.77
SKU043,2024-11-25,127,1110712.79,1,0,Kitchen,2605.61,8745.77
SKU043,2024-12-02,147,1285628.19,0,0,Kitchen,2605.61,8745.77
SKU043,2024-12-09,133,1163187.4100000001,0,0,Kitchen,2605.61,8745.77
SKU043,2024-12-16,133,1163187.4100000001,0,0,Kitchen,2605.61,8745.77
SKU043,2024-12-23,131,1145695.87,0,1,Kitchen,2605.61,8745.77
SKU043,2024-12-30,169,1478035.1300000001,0,0,Kitchen,2605.61,8745.77
SKU043,2025-01-06,166,1451797.82,0,0,Kitchen,2605.61,8745.77
SKU043,2025-01-13,157,1373085.8900000001,0,0,Kitchen,2605.61,8745.77
SKU043,2025-01-20,155,1355594.35,0,1,Kitchen,2605.61,8745.77
SKU043,2025-01-27,161,1408068.97,0,0,Kitchen,2605.61,8745.77
SKU043,2025-02-03,191,1670442.07,0,0,Kitchen,2605.61,8745.77
SKU043,2025-02-10,168,1469289.36,0,0,Kitchen,2605.61,8745.77
SKU043,2025-02-17,153,1338102.81,0,0,Kitchen,2605.61,8745.77
SKU043,2025-02-24,193,1687933.61,2,0,Kitchen,2605.61,8745.77
SKU043,2025-03-03,186,1626713.2200000002,2,0,Kitchen,2605.61,8745.77
SKU043,2025-03-10,184,1609221.6800000002,2,0,Kitchen,2605.61,8745.77
SKU043,2025-03-17,191,1670442.07,2,0,Kitchen,2605.61,8745.77
SKU043,2025-03-24,200,1749154.0,2,0,Kitchen,2605.61,8745.77
SKU043,2025-03-31,188,1644204.76,0,0,Kitchen,2605.61,8745.77
SKU043,2025-04-07,176,1539255.52,0,0,Kitchen,2605.61,8745.77
SKU043,2025-04-14,184,1609221.6800000002,0,0,Kitchen,2605.61,8745.77
SKU043,2025-04-21,176,1539255.52,0,0,Kitchen,2605.61,8745.77
SKU043,2025-04-28,179,1565492.83,0,0,Kitchen,2605.61,8745.77
SKU043,2025-05-05,165,1443052.05,0,0,Kitchen,2605.61,8745.77
SKU043,2025-05-12,170,1486780.9000000001,0,0,Kitchen,2605.61,8745.77
SKU043,2025-05-19,184,1609221.6800000002,0,0,Kitchen,2605.61,8745.77
SKU043,2025-05-26,192,1679187.84,1,0,Kitchen,2605.61,8745.77
SKU043,2025-06-02,194,1696679.3800000001,2,0,Kitchen,2605.61,8745.77
SKU043,2025-06-09,178,1556747.06,2,0,Kitchen,2605.61,8745.77
SKU043,2025-06-16,180,1574238.6,2,0,Kitchen,2605.61,8745.77
SKU043,2025-06-23,179,1565492.83,2,0,Kitchen,2605.61,8745.77
SKU043,2025-06-30,155,1355594.35,0,0,Kitchen,2605.61,8745.77
SKU043,2025-07-07,161,1408068.97,0,0,Kitchen,2605.61,8745.77
SKU043,2025-07-14,161,1408068.97,0,0,Kitchen,2605.61,8745.77
SKU043,2025-07-21,132,1154441.6400000001,0,0,Kitchen,2605.61,8745.77
SKU043,2025-07-28,149,1303119.73,0,0,Kitchen,2605.61,8745.77
SKU043,2025-08-04,156,1364340.12,0,0,Kitchen,2605.61,8745.77
SKU043,2025-08-11,142,1241899.34,0,1,Kitchen,2605.61,8745.77
SKU043,2025-08-18,130,1136950.1,0,0,Kitchen,2605.61,8745.77
SKU043,2025-08-25,139,1215662.03,0,0,Kitchen,2605.61,8745.77
SKU043,2025-09-01,133,1163187.4100000001,2,0,Kitchen,2605.61,8745.77
SKU043,2025-09-08,143,1250645.11,2,0,Kitchen,2605.61,8745.77
SKU043,2025-09-15,143,1250645.11,2,0,Kitchen,2605.61,8745.77
SKU043,2025-09-22,121,1058238.17,2,0,Kitchen,2605.61,8745.77
SKU043,2025-09-29,115,1005763.55,0,0,Kitchen,2605.61,8745.77
SKU043,2025-10-06,125,1093221.25,0,0,Kitchen,2605.61,8745.77
SKU043,2025-10-13,123,1075729.71,0,0,Kitchen,2605.61,8745.77
SKU043,2025-10-20,117,1023255.0900000001,0,1,Kitchen,2605.61,8745.77
SKU043,2025-10-27,147,1285628.19,2,0,Kitchen,2605.61,8745.77
SKU043,2025-11-03,148,1294373.96,2,0,Kitchen,2605.61,8745.77
SKU043,2025-11-10,145,1268136.65,2,0,Kitchen,2605.61,8745.77
SKU043,2025-11-17,144,1259390.8800000001,2,0,Kitchen,2605.61,8745.77
SKU043,2025-11-24,113,988272.0100000001,2,0,Kitchen,2605.61,8745.77
SKU043,2025-12-01,127,1110712.79,0,0,Kitchen,2605.61,8745.77
SKU043,2025-12-08,142,1241899.34,0,0,Kitchen,2605.61,8745.77
SKU043,2025-12-15,132,1154441.6400000001,0,0,Kitchen,2605.61,8745.77
SKU043,2025-12-22,126,1101967.02,0,1,Kitchen,2605.61,8745.77
SKU044,2024-01-01,66,357210.48,0,0,Lighting,488.84,5412.28
SKU044,2024-01-08,83,449219.24,0,0,Lighting,488.84,5412.28
SKU044,2024-01-15,71,384271.88,0,0,Lighting,488.84,5412.28
SKU044,2024-01-22,64,346385.92,0,1,Lighting,488.84,5412.28
SKU044,2024-01-29,76,411333.27999999997,0,0,Lighting,488.84,5412.28
SKU044,2024-02-05,65,351798.2,0,0,Lighting,488.84,5412.28
SKU044,2024-02-12,77,416745.56,0,0,Lighting,488.84,5412.28
SKU044,2024-02-19,70,378859.6,0,0,Lighting,488.84,5412.28
SKU044,2024-02-26,89,481692.92,2,0,Lighting,488.84,5412.28
SKU044,2024-03-04,69,373447.32,2,0,Lighting,488.84,5412.28
SKU044,2024-03-11,94,508754.32,2,0,Lighting,488.84,5412.28
SKU044,2024-03-18,78,422157.83999999997,2,0,Lighting,488.84,5412.28
SKU044,2024-03-25,88,476280.64,2,0,Lighting,488.84,5412.28
SKU044,2024-04-01,81,438394.68,0,0,Lighting,488.84,5412.28
SKU044,2024-04-08,76,411333.28,0,0,Lighting,488.84,5412.28
SKU044,2024-04-15,77,416745.56,0,0,Lighting,488.84,5412.28
SKU044,2024-04-22,84,454631.52,0,0,Lighting,488.84,5412.28
SKU044,2024-04-29,79,427570.12,0,0,Lighting,488.84,5412.28
SKU044,2024-05-06,84,454631.51999999996,0,0,Lighting,488.84,5412.28
SKU044,2024-05-13,70,378859.6,0,0,Lighting,488.84,5412.28
SKU044,2024-05-20,77,416745.56,0,0,Lighting,488.84,5412.28
SKU044,2024-05-27,85,460043.8,2,0,Lighting,488.84,5412.28
SKU044,2024-06-03,78,422157.83999999997,2,0,Lighting,488.84,5412.28
SKU044,2024-06-10,81,438394.68,2,0,Lighting,488.84,5412.28
SKU044,2024-06-17,77,416745.56,2,0,Lighting,488.84,5412.28
SKU044,2024-06-24,90,487105.2,2,0,Lighting,488.84,5412.28
SKU044,2024-07-01,71,384271.88,0,0,Lighting,488.84,5412.28
SKU044,2024-07-08,71,384271.88,0,0,Lighting,488.84,5412.28
SKU044,2024-07-15,78,422157.83999999997,0,0,Lighting,488.84,5412.28
SKU044,2024-07-22,78,422157.83999999997,0,0,Lighting,488.84,5412.28
SKU044,2024-07-29,66,357210.48,0,0,Lighting,488.84,5412.28
SKU044,2024-08-05,60,324736.8,0,0,Lighting,488.84,5412.28
SKU044,2024-08-12,76,411333.27999999997,0,1,Lighting,488.84,5412.28
SKU044,2024-08-19,55,297675.39999999997,0,0,Lighting,488.84,5412.28
SKU044,2024-08-26,70,378859.6,1,0,Lighting,488.84,5412.28
SKU044,2024-09-02,60,324736.8,2,0,Lighting,488.84,5412.28
SKU044,2024-09-09,63,340973.64,2,0,Lighting,488.84,5412.28
SKU044,2024-09-16,56,303087.68,2,0,Lighting,488.84,5412.28
SKU044,2024-09-23,68,368035.04,2,0,Lighting,488.84,5412.28
SKU044,2024-09-30,48,259789.44,0,0,Lighting,488.84,5412.28
SKU044,2024-10-07,57,308499.95999999996,0,0,Lighting,488.84,5412.28
SKU044,2024-10-14,61,330149.07999999996,0,0,Lighting,488.84,5412.28
SKU044,2024-10-21,57,308499.95999999996,0,0,Lighting,488.84,5412.28
SKU044,2024-10-28,59,319324.52,2,1,Lighting,488.84,5412.28
SKU044,2024-11-04,48,259789.44,2,0,Lighting,488.84,5412.28
SKU044,2024-11-11,54,292263.12,2,0,Lighting,488.84,5412.28
SKU044,2024-11-18,44,238140.31999999998,2,0,Lighting,488.84,5412.28
SKU044,2024-11-25,59,319324.51999999996,1,0,Lighting,488.84,5412.28
SKU044,2024-12-02,50,270614.0,0,0,Lighting,488.84,5412.28
SKU044,2024-12-09,54,292263.12,0,0,Lighting,488.84,5412.28
SKU044,2024-12-16,52,281438.56,0,0,Lighting,488.84,5412.28
SKU044,2024-12-23,60,324736.8,0,1,Lighting,488.84,5412.28
SKU044,2024-12-30,63,340973.63999999996,0,0,Lighting,488.84,5412.28
SKU044,2025-01-06,76,411333.27999999997,0,0,Lighting,488.84,5412.28
SKU044,2025-01-13,81,438394.68,0,0,Lighting,488.84,5412.28
SKU044,2025-01-20,71,384271.88,0,1,Lighting,488.84,5412.28
SKU044,2025-01-27,67,362622.76,0,0,Lighting,488.84,5412.28
SKU044,2025-02-03,69,373447.31999999995,0,0,Lighting,488.84,5412.28
SKU044,2025-02-10,66,357210.48,0,0,Lighting,488.84,5412.28
SKU044,2025-02-17,67,362622.76,0,0,Lighting,488.84,5412.28
SKU044,2025-02-24,75,405921.0,2,0,Lighting,488.84,5412.28
SKU044,2025-03-03,90,487105.2,2,0,Lighting,488.84,5412.28
SKU044,2025-03-10,88,476280.64,2,0,Lighting,488.84,5412.28
SKU044,2025-03-17,85,460043.8,2,0,Lighting,488.84,5412.28
SKU044,2025-03-24,76,411333.27999999997,2,0,Lighting,488.84,5412.28
SKU044,2025-03-31,85,460043.8,0,0,Lighting,488.84,5412.28
SKU044,2025-04-07,67,362622.75999999995,0,0,Lighting,488.84,5412.28
SKU044,2025-04-14,84,454631.51999999996,0,0,Lighting,488.84,5412.28
SKU044,2025-04-21,77,416745.56,0,0,Lighting,488.84,5412.28
SKU044,2025-04-28,74,400508.72,0,0,Lighting,488.84,5412.28
SKU044,2025-05-05,81,438394.68,0,0,Lighting,488.84,5412.28
SKU044,2025-05-12,88,476280.64,0,0,Lighting,488.84,5412.28
SKU044,2025-05-19,72,389684.16,0,0,Lighting,488.84,5412.28
SKU044,2025-05-26,89,481692.92,1,0,Lighting,488.84,5412.28
SKU044,2025-06-02,73,395096.44,2,0,Lighting,488.84,5412.28
SKU044,2025-06-09,88,476280.63999999996,2,0,Lighting,488.84,5412.28
SKU044,2025-06-16,71,384271.88,2,0,Lighting,488.84,5412.28
SKU044,2025-06-23,62,335561.36,2,0,Lighting,488.84,5412.28
SKU044,2025-06-30,61,330149.07999999996,0,0,Lighting,488.84,5412.28
SKU044,2025-07-07,79,427570.12,0,0,Lighting,488.84,5412.28
SKU044,2025-07-14,72,389684.16,0,0,Lighting,488.84,5412.28
SKU044,2025-07-21,69,373447.32,0,0,Lighting,488.84,5412.28
SKU044,2025-07-28,65,351798.19999999995,0,0,Lighting,488.84,5412.28
SKU044,2025-08-04,66,357210.48,0,0,Lighting,488.84,5412.28
SKU044,2025-08-11,61,330149.08,0,1,Lighting,488.84,5412.28
SKU044,2025-08-18,70,378859.6,0,0,Lighting,488.84,5412.28
SKU044,2025-08-25,51,276026.27999999997,0,0,Lighting,488.84,5412.28
SKU044,2025-09-01,56,303087.68,2,0,Lighting,488.84,5412.28
SKU044,2025-09-08,61,330149.07999999996,2,0,Lighting,488.84,5412.28
SKU044,2025-09-15,47,254377.15999999997,2,0,Lighting,488.84,5412.28
SKU044,2025-09-22,66,357210.48,2,0,Lighting,488.84,5412.28
SKU044,2025-09-29,50,270614.0,0,0,Lighting,488.84,5412.28
SKU044,2025-10-06,49,265201.72,0,0,Lighting,488.84,5412.28
SKU044,2025-10-13,56,303087.68,0,0,Lighting,488.84,5412.28
SKU044,2025-10-20,53,286850.83999999997,0,1,Lighting,488.84,5412.28
SKU044,2025-10-27,60,324736.8,2,0,Lighting,488.84,5412.28
SKU044,2025-11-03,58,313912.24,2,0,Lighting,488.84,5412.28
SKU044,2025-11-10,53,286850.83999999997,2,0,Lighting,488.84,5412.28
SKU044,2025-11-17,46,248964.88,2,0,Lighting,488.84,5412.28
SKU044,2025-11-24,57,308499.96,2,0,Lighting,488.84,5412.28
SKU044,2025-12-01,52,281438.56,0,0,Lighting,488.84,5412.28
SKU044,2025-12-08,57,308499.95999999996,0,0,Lighting,488.84,5412.28
SKU044,2025-12-15,61,330149.07999999996,0,0,Lighting,488.84,5412.28
SKU044,2025-12-22,61,330149.07999999996,0,1,Lighting,488.84,5412.28
SKU045,2024-01-01,170,1305052.6,0,0,Storage,3634.56,7676.78
SKU045,2024-01-08,157,1205254.46,0,0,Storage,3634.56,7676.78
SKU045,2024-01-15,160,1228284.8,0,0,Storage,3634.56,7676.78
SKU045,2024-01-22,169,1297375.82,0,1,Storage,3634.56,7676.78
SKU045,2024-01-29,191,1466264.98,0,0,Storage,3634.56,7676.78
SKU045,2024-02-05,204,1566063.12,0,0,Storage,3634.56,7676.78
SKU045,2024-02-12,189,1450911.42,0,0,Storage,3634.56,7676.78
SKU045,2024-02-19,181,1389497.18,0,0,Storage,3634.56,7676.78
SKU045,2024-02-26,223,1711921.94,2,0,Storage,3634.56,7676.78
SKU045,2024-03-04,212,1627477.3599999999,2,0,Storage,3634.56,7676.78
SKU045,2024-03-11,200,1535356.0,2,0,Storage,3634.56,7676.78
SKU045,2024-03-18,223,1711921.94,2,0,Storage,3634.56,7676.78
SKU045,2024-03-25,218,1673538.04,2,0,Storage,3634.56,7676.78
SKU045,2024-04-01,186,1427881.08,0,0,Storage,3634.56,7676.78
SKU045,2024-04-08,219,1681214.82,0,0,Storage,3634.56,7676.78
SKU045,2024-04-15,212,1627477.3599999999,0,0,Storage,3634.56,7676.78
SKU045,2024-04-22,213,1635154.14,0,0,Storage,3634.56,7676.78
SKU045,2024-04-29,209,1604447.02,0,0,Storage,3634.56,7676.78
SKU045,2024-05-06,198,1520002.44,0,0,Storage,3634.56,7676.78
SKU045,2024-05-13,213,1635154.14,0,0,Storage,3634.56,7676.78
SKU045,2024-05-20,187,1435557.8599999999,0,0,Storage,3634.56,7676.78
SKU045,2024-05-27,230,1765659.4,2,0,Storage,3634.56,7676.78
SKU045,2024-06-03,213,1635154.14,2,0,Storage,3634.56,7676.78
SKU045,2024-06-10,239,1834750.42,2,0,Storage,3634.56,7676.78
SKU045,2024-06-17,217,1665861.26,2,0,Storage,3634.56,7676.78
SKU045,2024-06-24,204,1566063.12,2,0,Storage,3634.56,7676.78
SKU045,2024-07-01,177,1358790.06,0,0,Storage,3634.56,7676.78
SKU045,2024-07-08,150,1151517.0,0,0,Storage,3634.56,7676.78
SKU045,2024-07-15,157,1205254.46,0,0,Storage,3634.56,7676.78
SKU045,2024-07-22,181,1389497.18,0,0,Storage,3634.56,7676.78
SKU045,2024-07-29,172,1320406.16,0,0,Storage,3634.56,7676.78
SKU045,2024-08-05,169,1297375.82,0,0,Storage,3634.56,7676.78
SKU045,2024-08-12,197,1512325.66,0,1,Storage,3634.56,7676.78
SKU045,2024-08-19,130,997981.4,0,0,Storage,3634.56,7676.78
SKU045,2024-08-26,158,1212931.24,1,0,Storage,3634.56,7676.78
SKU045,2024-09-02,159,1220608.02,2,0,Storage,3634.56,7676.78
SKU045,2024-09-09,154,1182224.12,2,0,Storage,3634.56,7676.78
SKU045,2024-09-16,152,1166870.56,2,0,Storage,3634.56,7676.78
SKU045,2024-09-23,178,1366466.84,2,0,Storage,3634.56,7676.78
SKU045,2024-09-30,139,1067072.42,0,0,Storage,3634.56,7676.78
SKU045,2024-10-07,131,1005658.1799999999,0,0,Storage,3634.56,7676.78
SKU045,2024-10-14,142,1090102.76,0,0,Storage,3634.56,7676.78
SKU045,2024-10-21,173,1328082.94,0,0,Storage,3634.56,7676.78
SKU045,2024-10-28,145,1113133.1,2,1,Storage,3634.56,7676.78
SKU045,2024-11-04,143,1097779.54,2,0,Storage,3634.56,7676.78
SKU045,2024-11-11,170,1305052.6,2,0,Storage,3634.56,7676.78
SKU045,2024-11-18,162,1243638.3599999999,2,0,Storage,3634.56,7676.78
SKU045,2024-11-25,161,1235961.58,1,0,Storage,3634.56,7676.78
SKU045,2024-12-02,151,1159193.78,0,0,Storage,3634.56,7676.78
SKU045,2024-12-09,149,1143840.22,0,0,Storage,3634.56,7676.78
SKU045,2024-12-16,159,1220608.02,0,0,Storage,3634.56,7676.78
SKU045,2024-12-23,190,1458588.2,0,1,Storage,3634.56,7676.78
SKU045,2024-12-30,162,1243638.3599999999,0,0,Storage,3634.56,7676.78
SKU045,2025-01-06,169,1297375.82,0,0,Storage,3634.56,7676.78
SKU045,2025-01-13,145,1113133.1,0,0,Storage,3634.56,7676.78
SKU045,2025-01-20,184,1412527.52,0,1,Storage,3634.56,7676.78
SKU045,2025-01-27,184,1412527.52,0,0,Storage,3634.56,7676.78
SKU045,2025-02-03,179,1374143.62,0,0,Storage,3634.56,7676.78
SKU045,2025-02-10,202,1550709.56,0,0,Storage,3634.56,7676.78
SKU045,2025-02-17,202,1550709.56,0,0,Storage,3634.56,7676.78
SKU045,2025-02-24,218,1673538.04,2,0,Storage,3634.56,7676.78
SKU045,2025-03-03,240,1842427.2,2,0,Storage,3634.56,7676.78
SKU045,2025-03-10,226,1734952.28,2,0,Storage,3634.56,7676.78
SKU045,2025-03-17,223,1711921.94,2,0,Storage,3634.56,7676.78
SKU045,2025-03-24,211,1619800.58,2,0,Storage,3634.56,7676.78
SKU045,2025-03-31,205,1573739.9,0,0,Storage,3634.56,7676.78
SKU045,2025-04-07,233,1788689.74,0,0,Storage,3634.56,7676.78
SKU045,2025-04-14,216,1658184.48,0,0,Storage,3634.56,7676.78
SKU045,2025-04-21,186,1427881.08,0,0,Storage,3634.56,7676.78
SKU045,2025-04-28,186,1427881.08,0,0,Storage,3634.56,7676.78
SKU045,2025-05-05,192,1473941.76,0,0,Storage,3634.56,7676.78
SKU045,2025-05-12,209,1604447.02,0,0,Storage,3634.56,7676.78
SKU045,2025-05-19,199,1527679.22,0,0,Storage,3634.56,7676.78
SKU045,2025-05-26,231,1773336.18,1,0,Storage,3634.56,7676.78
SKU045,2025-06-02,200,1535356.0,2,0,Storage,3634.56,7676.78
SKU045,2025-06-09,221,1696568.38,2,0,Storage,3634.56,7676.78
SKU045,2025-06-16,177,1358790.06,2,0,Storage,3634.56,7676.78
SKU045,2025-06-23,207,1589093.46,2,0,Storage,3634.56,7676.78
SKU045,2025-06-30,160,1228284.8,0,0,Storage,3634.56,7676.78
SKU045,2025-07-07,156,1197577.68,0,0,Storage,3634.56,7676.78
SKU045,2025-07-14,187,1435557.8599999999,0,0,Storage,3634.56,7676.78
SKU045,2025-07-21,170,1305052.6,0,0,Storage,3634.56,7676.78
SKU045,2025-07-28,149,1143840.22,0,0,Storage,3634.56,7676.78
SKU045,2025-08-04,151,1159193.78,0,0,Storage,3634.56,7676.78
SKU045,2025-08-11,155,1189900.9,0,1,Storage,3634.56,7676.78
SKU045,2025-08-18,159,1220608.02,0,0,Storage,3634.56,7676.78
SKU045,2025-08-25,138,1059395.6400000001,0,0,Storage,3634.56,7676.78
SKU045,2025-09-01,163,1251315.1400000001,2,0,Storage,3634.56,7676.78
SKU045,2025-09-08,171,1312729.38,2,0,Storage,3634.56,7676.78
SKU045,2025-09-15,147,1128486.66,2,0,Storage,3634.56,7676.78
SKU045,2025-09-22,162,1243638.3599999999,2,0,Storage,3634.56,7676.78
SKU045,2025-09-29,142,1090102.76,0,0,Storage,3634.56,7676.78
SKU045,2025-10-06,123,944243.9400000001,0,0,Storage,3634.56,7676.78
SKU045,2025-10-13,120,921213.6,0,0,Storage,3634.56,7676.78
SKU045,2025-10-20,143,1097779.54,0,1,Storage,3634.56,7676.78
SKU045,2025-10-27,143,1097779.54,2,0,Storage,3634.56,7676.78
SKU045,2025-11-03,154,1182224.12,2,0,Storage,3634.56,7676.78
SKU045,2025-11-10,150,1151517.0,2,0,Storage,3634.56,7676.78
SKU045,2025-11-17,155,1189900.9,2,0,Storage,3634.56,7676.78
SKU045,2025-11-24,164,1258991.92,2,0,Storage,3634.56,7676.78
SKU045,2025-12-01,166,1274345.48,0,0,Storage,3634.56,7676.78
SKU045,2025-12-08,152,1166870.56,0,0,Storage,3634.56,7676.78
SKU045,2025-12-15,123,944243.9400000001,0,0,Storage,3634.56,7676.78
SKU045,2025-12-22,157,1205254.46,0,1,Storage,3634.56,7676.78
SKU046,2024-01-01,63,452059.02,0,0,Furniture,1913.03,7175.54
SKU046,2024-01-08,45,322899.3,0,0,Furniture,1913.03,7175.54
SKU046,2024-01-15,52,373128.07999999996,0,0,Furniture,1913.03,7175.54
SKU046,2024-01-22,50,358777.0,0,1,Furniture,1913.03,7175.54
SKU046,2024-01-29,73,523814.42,0,0,Furniture,1913.03,7175.54
SKU046,2024-02-05,69,495112.26,0,0,Furniture,1913.03,7175.54
SKU046,2024-02-12,73,523814.42000000004,0,0,Furniture,1913.03,7175.54
SKU046,2024-02-19,66,473585.63999999996,0,0,Furniture,1913.03,7175.54
SKU046,2024-02-26,69,495112.26,2,0,Furniture,1913.03,7175.54
SKU046,2024-03-04,90,645798.6,2,0,Furniture,1913.03,7175.54
SKU046,2024-03-11,93,667325.22,2,0,Furniture,1913.03,7175.54
SKU046,2024-03-18,86,617096.44,2,0,Furniture,1913.03,7175.54
SKU046,2024-03-25,80,574043.2,2,0,Furniture,1913.03,7175.54
SKU046,2024-04-01,75,538165.5,0,0,Furniture,1913.03,7175.54
SKU046,2024-04-08,68,487936.72,0,0,Furniture,1913.03,7175.54
SKU046,2024-04-15,72,516638.88,0,0,Furniture,1913.03,7175.54
SKU046,2024-04-22,87,624271.98,0,0,Furniture,1913.03,7175.54
SKU046,2024-04-29,70,502287.8,0,0,Furniture,1913.03,7175.54
SKU046,2024-05-06,73,523814.42,0,0,Furniture,1913.03,7175.54
SKU046,2024-05-13,78,559692.12,0,0,Furniture,1913.03,7175.54
SKU046,2024-05-20,76,545341.04,0,0,Furniture,1913.03,7175.54
SKU046,2024-05-27,80,574043.2,2,0,Furniture,1913.03,7175.54
SKU046,2024-06-03,67,480761.18,2,0,Furniture,1913.03,7175.54
SKU046,2024-06-10,76,545341.04,2,0,Furniture,1913.03,7175.54
SKU046,2024-06-17,64,459234.56,2,0,Furniture,1913.03,7175.54
SKU046,2024-06-24,65,466410.1,2,0,Furniture,1913.03,7175.54
SKU046,2024-07-01,63,452059.02,0,0,Furniture,1913.03,7175.54
SKU046,2024-07-08,58,416181.32,0,0,Furniture,1913.03,7175.54
SKU046,2024-07-15,60,430532.4,0,0,Furniture,1913.03,7175.54
SKU046,2024-07-22,69,495112.26,0,0,Furniture,1913.03,7175.54
SKU046,2024-07-29,62,444883.48,0,0,Furniture,1913.03,7175.54
SKU046,2024-08-05,73,523814.42,0,0,Furniture,1913.03,7175.54
SKU046,2024-08-12,59,423356.86,0,1,Furniture,1913.03,7175.54
SKU046,2024-08-19,60,430532.39999999997,0,0,Furniture,1913.03,7175.54
SKU046,2024-08-26,55,394654.69999999995,1,0,Furniture,1913.03,7175.54
SKU046,2024-09-02,60,430532.4,2,0,Furniture,1913.03,7175.54
SKU046,2024-09-09,56,401830.24,2,0,Furniture,1913.03,7175.54
SKU046,2024-09-16,54,387479.16,2,0,Furniture,1913.03,7175.54
SKU046,2024-09-23,56,401830.24,2,0,Furniture,1913.03,7175.54
SKU046,2024-09-30,54,387479.16,0,0,Furniture,1913.03,7175.54
SKU046,2024-10-07,60,430532.4,0,0,Furniture,1913.03,7175.54
SKU046,2024-10-14,42,301372.68,0,0,Furniture,1913.03,7175.54
SKU046,2024-10-21,40,287021.6,0,0,Furniture,1913.03,7175.54
SKU046,2024-10-28,55,394654.7,2,1,Furniture,1913.03,7175.54
SKU046,2024-11-04,56,401830.24,2,0,Furniture,1913.03,7175.54
SKU046,2024-11-11,69,495112.26,2,0,Furniture,1913.03,7175.54
SKU046,2024-11-18,60,430532.4,2,0,Furniture,1913.03,7175.54
SKU046,2024-11-25,48,344425.92,1,0,Furniture,1913.03,7175.54
SKU046,2024-12-02,51,365952.54,0,0,Furniture,1913.03,7175.54
SKU046,2024-12-09,63,452059.02,0,0,Furniture,1913.03,7175.54
SKU046,2024-12-16,59,423356.86,0,0,Furniture,1913.03,7175.54
SKU046,2024-12-23,66,473585.64,0,1,Furniture,1913.03,7175.54
SKU046,2024-12-30,56,401830.24,0,0,Furniture,1913.03,7175.54
SKU046,2025-01-06,72,516638.88,0,0,Furniture,1913.03,7175.54
SKU046,2025-01-13,66,473585.64,0,0,Furniture,1913.03,7175.54
SKU046,2025-01-20,60,430532.4,0,1,Furniture,1913.03,7175.54
SKU046,2025-01-27,66,473585.64,0,0,Furniture,1913.03,7175.54
SKU046,2025-02-03,76,545341.04,0,0,Furniture,1913.03,7175.54
SKU046,2025-02-10,64,459234.56,0,0,Furniture,1913.03,7175.54
SKU046,2025-02-17,70,502287.80000000005,0,0,Furniture,1913.03,7175.54
SKU046,2025-02-24,88,631447.52,2,0,Furniture,1913.03,7175.54
SKU046,2025-03-03,76,545341.04,2,0,Furniture,1913.03,7175.54
SKU046,2025-03-10,77,552516.58,2,0,Furniture,1913.03,7175.54
SKU046,2025-03-17,71,509463.34,2,0,Furniture,1913.03,7175.54
SKU046,2025-03-24,70,502287.8,2,0,Furniture,1913.03,7175.54
SKU046,2025-03-31,73,523814.42,0,0,Furniture,1913.03,7175.54
SKU046,2025-04-07,59,423356.86,0,0,Furniture,1913.03,7175.54
SKU046,2025-04-14,78,559692.12,0,0,Furniture,1913.03,7175.54
SKU046,2025-04-21,79,566867.66,0,0,Furniture,1913.03,7175.54
SKU046,2025-04-28,81,581218.74,0,0,Furniture,1913.03,7175.54
SKU046,2025-05-05,60,430532.4,0,0,Furniture,1913.03,7175.54
SKU046,2025-05-12,78,559692.12,0,0,Furniture,1913.03,7175.54
SKU046,2025-05-19,67,480761.18,0,0,Furniture,1913.03,7175.54
SKU046,2025-05-26,77,552516.58,1,0,Furniture,1913.03,7175.54
SKU046,2025-06-02,75,538165.5,2,0,Furniture,1913.03,7175.54
SKU046,2025-06-09,66,473585.64,2,0,Furniture,1913.03,7175.54
SKU046,2025-06-16,58,416181.31999999995,2,0,Furniture,1913.03,7175.54
SKU046,2025-06-23,79,566867.66,2,0,Furniture,1913.03,7175.54
SKU046,2025-06-30,55,394654.7,0,0,Furniture,1913.03,7175.54
SKU046,2025-07-07,78,559692.12,0,0,Furniture,1913.03,7175.54
SKU046,2025-07-14,74,530989.96,0,0,Furniture,1913.03,7175.54
SKU046,2025-07-21,78,559692.12,0,0,Furniture,1913.03,7175.54
SKU046,2025-07-28,51,365952.54,0,0,Furniture,1913.03,7175.54
SKU046,2025-08-04,69,495112.26,0,0,Furniture,1913.03,7175.54
SKU046,2025-08-11,64,459234.56,0,1,Furniture,1913.03,7175.54
SKU046,2025-08-18,54,387479.16000000003,0,0,Furniture,1913.03,7175.54
SKU046,2025-08-25,58,416181.32,0,0,Furniture,1913.03,7175.54
SKU046,2025-09-01,53,380303.62,2,0,Furniture,1913.03,7175.54
SKU046,2025-09-08,56,401830.24,2,0,Furniture,1913.03,7175.54
SKU046,2025-09-15,61,437707.94,2,0,Furniture,1913.03,7175.54
SKU046,2025-09-22,73,523814.42,2,0,Furniture,1913.03,7175.54
SKU046,2025-09-29,62,444883.48,0,0,Furniture,1913.03,7175.54
SKU046,2025-10-06,47,337250.38,0,0,Furniture,1913.03,7175.54
SKU046,2025-10-13,40,287021.6,0,0,Furniture,1913.03,7175.54
SKU046,2025-10-20,50,358777.0,0,1,Furniture,1913.03,7175.54
SKU046,2025-10-27,64,459234.56,2,0,Furniture,1913.03,7175.54
SKU046,2025-11-03,49,351601.46,2,0,Furniture,1913.03,7175.54
SKU046,2025-11-10,56,401830.24,2,0,Furniture,1913.03,7175.54
SKU046,2025-11-17,53,380303.62,2,0,Furniture,1913.03,7175.54
SKU046,2025-11-24,52,373128.07999999996,2,0,Furniture,1913.03,7175.54
SKU046,2025-12-01,56,401830.24,0,0,Furniture,1913.03,7175.54
SKU046,2025-12-08,66,473585.64,0,0,Furniture,1913.03,7175.54
SKU046,2025-12-15,57,409005.77999999997,0,0,Furniture,1913.03,7175.54
SKU046,2025-12-22,58,416181.32,0,1,Furniture,1913.03,7175.54
SKU047,2024-01-01,109,865265.98,0,0,Home Decor,3416.1,7938.22
SKU047,2024-01-08,89,706501.58,0,0,Home Decor,3416.1,7938.22
SKU047,2024-01-15,118,936709.96,0,0,Home Decor,3416.1,7938.22
SKU047,2024-01-22,96,762069.12,0,1,Home Decor,3416.1,7938.22
SKU047,2024-01-29,104,825574.88,0,0,Home Decor,3416.1,7938.22
SKU047,2024-02-05,113,897018.86,0,0,Home Decor,3416.1,7938.22
SKU047,2024-02-12,124,984339.28,0,0,Home Decor,3416.1,7938.22
SKU047,2024-02-19,99,785883.78,0,0,Home Decor,3416.1,7938.22
SKU047,2024-02-26,105,833513.1,2,0,Home Decor,3416.1,7938.22
SKU047,2024-03-04,149,1182794.78,2,0,Home Decor,3416.1,7938.22
SKU047,2024-03-11,132,1047845.04,2,0,Home Decor,3416.1,7938.22
SKU047,2024-03-18,135,1071659.7,2,0,Home Decor,3416.1,7938.22
SKU047,2024-03-25,123,976401.0599999999,2,0,Home Decor,3416.1,7938.22
SKU047,2024-04-01,123,976401.06,0,0,Home Decor,3416.1,7938.22
SKU047,2024-04-08,95,754130.9,0,0,Home Decor,3416.1,7938.22
SKU047,2024-04-15,129,1024030.38,0,0,Home Decor,3416.1,7938.22
SKU047,2024-04-22,130,1031968.6,0,0,Home Decor,3416.1,7938.22
SKU047,2024-04-29,123,976401.0599999999,0,0,Home Decor,3416.1,7938.22
SKU047,2024-05-06,112,889080.64,0,0,Home Decor,3416.1,7938.22
SKU047,2024-05-13,102,809698.44,0,0,Home Decor,3416.1,7938.22
SKU047,2024-05-20,127,1008153.94,0,0,Home Decor,3416.1,7938.22
SKU047,2024-05-27,132,1047845.0399999999,2,0,Home Decor,3416.1,7938.22
SKU047,2024-06-03,113,897018.86,2,0,Home Decor,3416.1,7938.22
SKU047,2024-06-10,102,809698.44,2,0,Home Decor,3416.1,7938.22
SKU047,2024-06-17,133,1055783.26,2,0,Home Decor,3416.1,7938.22
SKU047,2024-06-24,128,1016092.16,2,0,Home Decor,3416.1,7938.22
SKU047,2024-07-01,119,944648.1799999999,0,0,Home Decor,3416.1,7938.22
SKU047,2024-07-08,84,666810.48,0,0,Home Decor,3416.1,7938.22
SKU047,2024-07-15,102,809698.44,0,0,Home Decor,3416.1,7938.22
SKU047,2024-07-22,108,857327.76,0,0,Home Decor,3416.1,7938.22
SKU047,2024-07-29,99,785883.78,0,0,Home Decor,3416.1,7938.22
SKU047,2024-08-05,93,738254.46,0,0,Home Decor,3416.1,7938.22
SKU047,2024-08-12,66,523922.52,0,1,Home Decor,3416.1,7938.22
SKU047,2024-08-19,101,801760.22,0,0,Home Decor,3416.1,7938.22
SKU047,2024-08-26,110,873204.2,1,0,Home Decor,3416.1,7938.22
SKU047,2024-09-02,96,762069.12,2,0,Home Decor,3416.1,7938.22
SKU047,2024-09-09,75,595366.5,2,0,Home Decor,3416.1,7938.22
SKU047,2024-09-16,94,746192.6799999999,2,0,Home Decor,3416.1,7938.22
SKU047,2024-09-23,115,912895.3,2,0,Home Decor,3416.1,7938.22
SKU047,2024-09-30,75,595366.5,0,0,Home Decor,3416.1,7938.22
SKU047,2024-10-07,93,738254.46,0,0,Home Decor,3416.1,7938.22
SKU047,2024-10-14,84,666810.48,0,0,Home Decor,3416.1,7938.22
SKU047,2024-10-21,79,627119.38,0,0,Home Decor,3416.1,7938.22
SKU047,2024-10-28,93,738254.46,2,1,Home Decor,3416.1,7938.22
SKU047,2024-11-04,93,738254.46,2,0,Home Decor,3416.1,7938.22
SKU047,2024-11-11,82,650934.04,2,0,Home Decor,3416.1,7938.22
SKU047,2024-11-18,85,674748.7,2,0,Home Decor,3416.1,7938.22
SKU047,2024-11-25,78,619181.16,1,0,Home Decor,3416.1,7938.22
SKU047,2024-12-02,78,619181.16,0,0,Home Decor,3416.1,7938.22
SKU047,2024-12-09,85,674748.7,0,0,Home Decor,3416.1,7938.22
SKU047,2024-12-16,92,730316.24,0,0,Home Decor,3416.1,7938.22
SKU047,2024-12-23,82,650934.04,0,1,Home Decor,3416.1,7938.22
SKU047,2024-12-30,114,904957.08,0,0,Home Decor,3416.1,7938.22
SKU047,2025-01-06,110,873204.2000000001,0,0,Home Decor,3416.1,7938.22
SKU047,2025-01-13,84,666810.48,0,0,Home Decor,3416.1,7938.22
SKU047,2025-01-20,90,714439.8,0,1,Home Decor,3416.1,7938.22
SKU047,2025-01-27,99,785883.78,0,0,Home Decor,3416.1,7938.22
SKU047,2025-02-03,108,857327.76,0,0,Home Decor,3416.1,7938.22
SKU047,2025-02-10,104,825574.88,0,0,Home Decor,3416.1,7938.22
SKU047,2025-02-17,105,833513.1,0,0,Home Decor,3416.1,7938.22
SKU047,2025-02-24,107,849389.54,2,0,Home Decor,3416.1,7938.22
SKU047,2025-03-03,146,1158980.1199999999,2,0,Home Decor,3416.1,7938.22
SKU047,2025-03-10,134,1063721.48,2,0,Home Decor,3416.1,7938.22
SKU047,2025-03-17,128,1016092.16,2,0,Home Decor,3416.1,7938.22
SKU047,2025-03-24,125,992277.5,2,0,Home Decor,3416.1,7938.22
SKU047,2025-03-31,114,904957.08,0,0,Home Decor,3416.1,7938.22
SKU047,2025-04-07,104,825574.88,0,0,Home Decor,3416.1,7938.22
SKU047,2025-04-14,110,873204.2,0,0,Home Decor,3416.1,7938.22
SKU047,2025-04-21,115,912895.2999999999,0,0,Home Decor,3416.1,7938.22
SKU047,2025-04-28,122,968462.84,0,0,Home Decor,3416.1,7938.22
SKU047,2025-05-05,112,889080.64,0,0,Home Decor,3416.1,7938.22
SKU047,2025-05-12,103,817636.6599999999,0,0,Home Decor,3416.1,7938.22
SKU047,2025-05-19,114,904957.0800000001,0,0,Home Decor,3416.1,7938.22
SKU047,2025-05-26,122,968462.84,1,0,Home Decor,3416.1,7938.22
SKU047,2025-06-02,123,976401.0599999999,2,0,Home Decor,3416.1,7938.22
SKU047,2025-06-09,125,992277.5,2,0,Home Decor,3416.1,7938.22
SKU047,2025-06-16,133,1055783.26,2,0,Home Decor,3416.1,7938.22
SKU047,2025-06-23,110,873204.2,2,0,Home Decor,3416.1,7938.22
SKU047,2025-06-30,110,873204.2,0,0,Home Decor,3416.1,7938.22
SKU047,2025-07-07,106,841451.32,0,0,Home Decor,3416.1,7938.22
SKU047,2025-07-14,105,833513.1,0,0,Home Decor,3416.1,7938.22
SKU047,2025-07-21,107,849389.54,0,0,Home Decor,3416.1,7938.22
SKU047,2025-07-28,120,952586.3999999999,0,0,Home Decor,3416.1,7938.22
SKU047,2025-08-04,95,754130.9,0,0,Home Decor,3416.1,7938.22
SKU047,2025-08-11,101,801760.22,0,1,Home Decor,3416.1,7938.22
SKU047,2025-08-18,86,682686.92,0,0,Home Decor,3416.1,7938.22
SKU047,2025-08-25,92,730316.24,0,0,Home Decor,3416.1,7938.22
SKU047,2025-09-01,103,817636.66,2,0,Home Decor,3416.1,7938.22
SKU047,2025-09-08,78,619181.16,2,0,Home Decor,3416.1,7938.22
SKU047,2025-09-15,87,690625.14,2,0,Home Decor,3416.1,7938.22
SKU047,2025-09-22,94,746192.68,2,0,Home Decor,3416.1,7938.22
SKU047,2025-09-29,77,611242.94,0,0,Home Decor,3416.1,7938.22
SKU047,2025-10-06,81,642995.8200000001,0,0,Home Decor,3416.1,7938.22
SKU047,2025-10-13,76,603304.72,0,0,Home Decor,3416.1,7938.22
SKU047,2025-10-20,75,595366.5,0,1,Home Decor,3416.1,7938.22
SKU047,2025-10-27,101,801760.22,2,0,Home Decor,3416.1,7938.22
SKU047,2025-11-03,102,809698.44,2,0,Home Decor,3416.1,7938.22
SKU047,2025-11-10,101,801760.22,2,0,Home Decor,3416.1,7938.22
SKU047,2025-11-17,81,642995.82,2,0,Home Decor,3416.1,7938.22
SKU047,2025-11-24,90,714439.8,2,0,Home Decor,3416.1,7938.22
SKU047,2025-12-01,108,857327.76,0,0,Home Decor,3416.1,7938.22
SKU047,2025-12-08,86,682686.92,0,0,Home Decor,3416.1,7938.22
SKU047,2025-12-15,100,793822.0,0,0,Home Decor,3416.1,7938.22
SKU047,2025-12-22,88,698563.36,0,1,Home Decor,3416.1,7938.22
SKU048,2024-01-01,76,104845.79999999999,0,0,Kitchen,6863.87,1379.55
SKU048,2024-01-08,51,70357.04999999999,0,0,Kitchen,6863.87,1379.55
SKU048,2024-01-15,52,71736.6,0,0,Kitchen,6863.87,1379.55
SKU048,2024-01-22,42,57941.1,0,1,Kitchen,6863.87,1379.55
SKU048,2024-01-29,52,71736.6,0,0,Kitchen,6863.87,1379.55
SKU048,2024-02-05,61,84152.54999999999,0,0,Kitchen,6863.87,1379.55
SKU048,2024-02-12,54,74495.7,0,0,Kitchen,6863.87,1379.55
SKU048,2024-02-19,64,88291.2,0,0,Kitchen,6863.87,1379.55
SKU048,2024-02-26,73,100707.15,2,0,Kitchen,6863.87,1379.55
SKU048,2024-03-04,65,89670.75,2,0,Kitchen,6863.87,1379.55
SKU048,2024-03-11,76,104845.8,2,0,Kitchen,6863.87,1379.55
SKU048,2024-03-18,70,96568.5,2,0,Kitchen,6863.87,1379.55
SKU048,2024-03-25,79,108984.45,2,0,Kitchen,6863.87,1379.55
SKU048,2024-04-01,59,81393.45,0,0,Kitchen,6863.87,1379.55
SKU048,2024-04-08,65,89670.75,0,0,Kitchen,6863.87,1379.55
SKU048,2024-04-15,74,102086.7,0,0,Kitchen,6863.87,1379.55
SKU048,2024-04-22,54,74495.7,0,0,Kitchen,6863.87,1379.55
SKU048,2024-04-29,60,82773.0,0,0,Kitchen,6863.87,1379.55
SKU048,2024-05-06,71,97948.04999999999,0,0,Kitchen,6863.87,1379.55
SKU048,2024-05-13,69,95188.95,0,0,Kitchen,6863.87,1379.55
SKU048,2024-05-20,66,91050.29999999999,0,0,Kitchen,6863.87,1379.55
SKU048,2024-05-27,76,104845.8,2,0,Kitchen,6863.87,1379.55
SKU048,2024-06-03,68,93809.4,2,0,Kitchen,6863.87,1379.55
SKU048,2024-06-10,67,92429.84999999999,2,0,Kitchen,6863.87,1379.55
SKU048,2024-06-17,74,102086.7,2,0,Kitchen,6863.87,1379.55
SKU048,2024-06-24,57,78634.35,2,0,Kitchen,6863.87,1379.55
SKU048,2024-07-01,64,88291.2,0,0,Kitchen,6863.87,1379.55
SKU048,2024-07-08,66,91050.29999999999,0,0,Kitchen,6863.87,1379.55
SKU048,2024-07-15,58,80013.9,0,0,Kitchen,6863.87,1379.55
SKU048,2024-07-22,58,80013.9,0,0,Kitchen,6863.87,1379.55
SKU048,2024-07-29,55,75875.25,0,0,Kitchen,6863.87,1379.55
SKU048,2024-08-05,53,73116.15,0,0,Kitchen,6863.87,1379.55
SKU048,2024-08-12,59,81393.45,0,1,Kitchen,6863.87,1379.55
SKU048,2024-08-19,59,81393.45,0,0,Kitchen,6863.87,1379.55
SKU048,2024-08-26,65,89670.75,1,0,Kitchen,6863.87,1379.55
SKU048,2024-09-02,41,56561.55,2,0,Kitchen,6863.87,1379.55
SKU048,2024-09-09,63,86911.65,2,0,Kitchen,6863.87,1379.55
SKU048,2024-09-16,56,77254.79999999999,2,0,Kitchen,6863.87,1379.55
SKU048,2024-09-23,48,66218.4,2,0,Kitchen,6863.87,1379.55
SKU048,2024-09-30,47,64838.85,0,0,Kitchen,6863.87,1379.55
SKU048,2024-10-07,51,70357.05,0,0,Kitchen,6863.87,1379.55
SKU048,2024-10-14,51,70357.05,0,0,Kitchen,6863.87,1379.55
SKU048,2024-10-21,53,73116.15,0,0,Kitchen,6863.87,1379.55
SKU048,2024-10-28,63,86911.65,2,1,Kitchen,6863.87,1379.55
SKU048,2024-11-04,45,62079.75,2,0,Kitchen,6863.87,1379.55
SKU048,2024-11-11,57,78634.34999999999,2,0,Kitchen,6863.87,1379.55
SKU048,2024-11-18,55,75875.25,2,0,Kitchen,6863.87,1379.55
SKU048,2024-11-25,56,77254.8,1,0,Kitchen,6863.87,1379.55
SKU048,2024-12-02,50,68977.5,0,0,Kitchen,6863.87,1379.55
SKU048,2024-12-09,55,75875.25,0,0,Kitchen,6863.87,1379.55
SKU048,2024-12-16,41,56561.549999999996,0,0,Kitchen,6863.87,1379.55
SKU048,2024-12-23,62,85532.1,0,1,Kitchen,6863.87,1379.55
SKU048,2024-12-30,52,71736.6,0,0,Kitchen,6863.87,1379.55
SKU048,2025-01-06,57,78634.34999999999,0,0,Kitchen,6863.87,1379.55
SKU048,2025-01-13,61,84152.55,0,0,Kitchen,6863.87,1379.55
SKU048,2025-01-20,71,97948.04999999999,0,1,Kitchen,6863.87,1379.55
SKU048,2025-01-27,63,86911.65,0,0,Kitchen,6863.87,1379.55
SKU048,2025-02-03,53,73116.15,0,0,Kitchen,6863.87,1379.55
SKU048,2025-02-10,44,60700.2,0,0,Kitchen,6863.87,1379.55
SKU048,2025-02-17,59,81393.45,0,0,Kitchen,6863.87,1379.55
SKU048,2025-02-24,72,99327.6,2,0,Kitchen,6863.87,1379.55
SKU048,2025-03-03,67,92429.85,2,0,Kitchen,6863.87,1379.55
SKU048,2025-03-10,71,97948.04999999999,2,0,Kitchen,6863.87,1379.55
SKU048,2025-03-17,64,88291.2,2,0,Kitchen,6863.87,1379.55
SKU048,2025-03-24,76,104845.79999999999,2,0,Kitchen,6863.87,1379.55
SKU048,2025-03-31,61,84152.55,0,0,Kitchen,6863.87,1379.55
SKU048,2025-04-07,80,110364.0,0,0,Kitchen,6863.87,1379.55
SKU048,2025-04-14,79,108984.45,0,0,Kitchen,6863.87,1379.55
SKU048,2025-04-21,56,77254.79999999999,0,0,Kitchen,6863.87,1379.55
SKU048,2025-04-28,73,100707.15,0,0,Kitchen,6863.87,1379.55
SKU048,2025-05-05,74,102086.69999999998,0,0,Kitchen,6863.87,1379.55
SKU048,2025-05-12,71,97948.04999999999,0,0,Kitchen,6863.87,1379.55
SKU048,2025-05-19,61,84152.54999999999,0,0,Kitchen,6863.87,1379.55
SKU048,2025-05-26,71,97948.04999999999,1,0,Kitchen,6863.87,1379.55
SKU048,2025-06-02,67,92429.85,2,0,Kitchen,6863.87,1379.55
SKU048,2025-06-09,59,81393.45,2,0,Kitchen,6863.87,1379.55
SKU048,2025-06-16,77,106225.34999999999,2,0,Kitchen,6863.87,1379.55
SKU048,2025-06-23,73,100707.15,2,0,Kitchen,6863.87,1379.55
SKU048,2025-06-30,50,68977.5,0,0,Kitchen,6863.87,1379.55
SKU048,2025-07-07,48,66218.4,0,0,Kitchen,6863.87,1379.55
SKU048,2025-07-14,52,71736.59999999999,0,0,Kitchen,6863.87,1379.55
SKU048,2025-07-21,67,92429.84999999999,0,0,Kitchen,6863.87,1379.55
SKU048,2025-07-28,43,59320.65,0,0,Kitchen,6863.87,1379.55
SKU048,2025-08-04,50,68977.5,0,0,Kitchen,6863.87,1379.55
SKU048,2025-08-11,35,48284.25,0,1,Kitchen,6863.87,1379.55
SKU048,2025-08-18,45,62079.75,0,0,Kitchen,6863.87,1379.55
SKU048,2025-08-25,60,82773.0,0,0,Kitchen,6863.87,1379.55
SKU048,2025-09-01,57,78634.34999999999,2,0,Kitchen,6863.87,1379.55
SKU048,2025-09-08,58,80013.9,2,0,Kitchen,6863.87,1379.55
SKU048,2025-09-15,54,74495.7,2,0,Kitchen,6863.87,1379.55
SKU048,2025-09-22,50,68977.5,2,0,Kitchen,6863.87,1379.55
SKU048,2025-09-29,46,63459.299999999996,0,0,Kitchen,6863.87,1379.55
SKU048,2025-10-06,51,70357.05,0,0,Kitchen,6863.87,1379.55
SKU048,2025-10-13,59,81393.45,0,0,Kitchen,6863.87,1379.55
SKU048,2025-10-20,31,42766.05,0,1,Kitchen,6863.87,1379.55
SKU048,2025-10-27,61,84152.55,2,0,Kitchen,6863.87,1379.55
SKU048,2025-11-03,63,86911.65,2,0,Kitchen,6863.87,1379.55
SKU048,2025-11-10,47,64838.85,2,0,Kitchen,6863.87,1379.55
SKU048,2025-11-17,63,86911.65,2,0,Kitchen,6863.87,1379.55
SKU048,2025-11-24,36,49663.799999999996,2,0,Kitchen,6863.87,1379.55
SKU048,2025-12-01,57,78634.34999999999,0,0,Kitchen,6863.87,1379.55
SKU048,2025-12-08,55,75875.25,0,0,Kitchen,6863.87,1379.55
SKU048,2025-12-15,58,80013.9,0,0,Kitchen,6863.87,1379.55
SKU048,2025-12-22,40,55182.0,0,1,Kitchen,6863.87,1379.55
SKU049,2024-01-01,177,924536.49,0,0,Lighting,2063.03,5223.37
SKU049,2024-01-08,178,929759.86,0,0,Lighting,2063.03,5223.37
SKU049,2024-01-15,184,961100.0800000001,0,0,Lighting,2063.03,5223.37
SKU049,2024-01-22,181,945429.97,0,1,Lighting,2063.03,5223.37
SKU049,2024-01-29,178,929759.86,0,0,Lighting,2063.03,5223.37
SKU049,2024-02-05,191,997663.6699999999,0,0,Lighting,2063.03,5223.37
SKU049,2024-02-12,194,1013333.78,0,0,Lighting,2063.03,5223.37
SKU049,2024-02-19,186,971546.82,0,0,Lighting,2063.03,5223.37
SKU049,2024-02-26,192,1002887.04,2,0,Lighting,2063.03,5223.37
SKU049,2024-03-04,207,1081237.59,2,0,Lighting,2063.03,5223.37
SKU049,2024-03-11,190,992440.3,2,0,Lighting,2063.03,5223.37
SKU049,2024-03-18,228,1190928.3599999999,2,0,Lighting,2063.03,5223.37
SKU049,2024-03-25,221,1154364.77,2,0,Lighting,2063.03,5223.37
SKU049,2024-04-01,219,1143918.03,0,0,Lighting,2063.03,5223.37
SKU049,2024-04-08,199,1039450.63,0,0,Lighting,2063.03,5223.37
SKU049,2024-04-15,193,1008110.4099999999,0,0,Lighting,2063.03,5223.37
SKU049,2024-04-22,222,1159588.14,0,0,Lighting,2063.03,5223.37
SKU049,2024-04-29,219,1143918.03,0,0,Lighting,2063.03,5223.37
SKU049,2024-05-06,200,1044674.0,0,0,Lighting,2063.03,5223.37
SKU049,2024-05-13,192,1002887.0399999999,0,0,Lighting,2063.03,5223.37
SKU049,2024-05-20,178,929759.86,0,0,Lighting,2063.03,5223.37
SKU049,2024-05-27,196,1023780.52,2,0,Lighting,2063.03,5223.37
SKU049,2024-06-03,194,1013333.78,2,0,Lighting,2063.03,5223.37
SKU049,2024-06-10,190,992440.3,2,0,Lighting,2063.03,5223.37
SKU049,2024-06-17,187,976770.19,2,0,Lighting,2063.03,5223.37
SKU049,2024-06-24,200,1044674.0,2,0,Lighting,2063.03,5223.37
SKU049,2024-07-01,167,872302.7899999999,0,0,Lighting,2063.03,5223.37
SKU049,2024-07-08,165,861856.0499999999,0,0,Lighting,2063.03,5223.37
SKU049,2024-07-15,188,981993.56,0,0,Lighting,2063.03,5223.37
SKU049,2024-07-22,174,908866.38,0,0,Lighting,2063.03,5223.37
SKU049,2024-07-29,176,919313.12,0,0,Lighting,2063.03,5223.37
SKU049,2024-08-05,164,856632.6799999999,0,0,Lighting,2063.03,5223.37
SKU049,2024-08-12,151,788728.87,0,1,Lighting,2063.03,5223.37
SKU049,2024-08-19,138,720825.0599999999,0,0,Lighting,2063.03,5223.37
SKU049,2024-08-26,156,814845.72,1,0,Lighting,2063.03,5223.37
SKU049,2024-09-02,152,793952.24,2,0,Lighting,2063.03,5223.37
SKU049,2024-09-09,164,856632.6799999999,2,0,Lighting,2063.03,5223.37
SKU049,2024-09-16,150,783505.5,2,0,Lighting,2063.03,5223.37
SKU049,2024-09-23,178,929759.86,2,0,Lighting,2063.03,5223.37
SKU049,2024-09-30,147,767835.39,0,0,Lighting,2063.03,5223.37
SKU049,2024-10-07,151,788728.87,0,0,Lighting,2063.03,5223.37
SKU049,2024-10-14,129,673814.73,0,0,Lighting,2063.03,5223.37
SKU049,2024-10-21,148,773058.76,0,0,Lighting,2063.03,5223.37
SKU049,2024-10-28,140,731271.8,2,1,Lighting,2063.03,5223.37
SKU049,2024-11-04,160,835739.2,2,0,Lighting,2063.03,5223.37
SKU049,2024-11-11,141,736495.1699999999,2,0,Lighting,2063.03,5223.37
SKU049,2024-11-18,136,710378.32,2,0,Lighting,2063.03,5223.37
SKU049,2024-11-25,145,757388.6499999999,1,0,Lighting,2063.03,5223.37
SKU049,2024-12-02,149,778282.13,0,0,Lighting,2063.03,5223.37
SKU049,2024-12-09,150,783505.5,0,0,Lighting,2063.03,5223.37
SKU049,2024-12-16,161,840962.5700000001,0,0,Lighting,2063.03,5223.37
SKU049,2024-12-23,135,705154.95,0,1,Lighting,2063.03,5223.37
SKU049,2024-12-30,198,1034227.26,0,0,Lighting,2063.03,5223.37
SKU049,2025-01-06,177,924536.49,0,0,Lighting,2063.03,5223.37
SKU049,2025-01-13,183,955876.71,0,0,Lighting,2063.03,5223.37
SKU049,2025-01-20,154,804398.98,0,1,Lighting,2063.03,5223.37
SKU049,2025-01-27,160,835739.2,0,0,Lighting,2063.03,5223.37
SKU049,2025-02-03,199,1039450.63,0,0,Lighting,2063.03,5223.37
SKU049,2025-02-10,182,950653.3400000001,0,0,Lighting,2063.03,5223.37
SKU049,2025-02-17,184,961100.08,0,0,Lighting,2063.03,5223.37
SKU049,2025-02-24,207,1081237.5899999999,2,0,Lighting,2063.03,5223.37
SKU049,2025-03-03,214,1117801.18,2,0,Lighting,2063.03,5223.37
SKU049,2025-03-10,190,992440.3,2,0,Lighting,2063.03,5223.37
SKU049,2025-03-17,218,1138694.66,2,0,Lighting,2063.03,5223.37
SKU049,2025-03-24,230,1201375.1,2,0,Lighting,2063.03,5223.37
SKU049,2025-03-31,184,961100.0800000001,0,0,Lighting,2063.03,5223.37
SKU049,2025-04-07,213,1112577.81,0,0,Lighting,2063.03,5223.37
SKU049,2025-04-14,198,1034227.26,0,0,Lighting,2063.03,5223.37
SKU049,2025-04-21,203,1060344.1099999999,0,0,Lighting,2063.03,5223.37
SKU049,2025-04-28,202,1055120.74,0,0,Lighting,2063.03,5223.37
SKU049,2025-05-05,222,1159588.14,0,0,Lighting,2063.03,5223.37
SKU049,2025-05-12,185,966323.45,0,0,Lighting,2063.03,5223.37
SKU049,2025-05-19,187,976770.19,0,0,Lighting,2063.03,5223.37
SKU049,2025-05-26,213,1112577.81,1,0,Lighting,2063.03,5223.37
SKU049,2025-06-02,206,1076014.22,2,0,Lighting,2063.03,5223.37
SKU049,2025-06-09,206,1076014.22,2,0,Lighting,2063.03,5223.37
SKU049,2025-06-16,197,1029003.8899999999,2,0,Lighting,2063.03,5223.37
SKU049,2025-06-23,220,1149141.4,2,0,Lighting,2063.03,5223.37
SKU049,2025-06-30,156,814845.72,0,0,Lighting,2063.03,5223.37
SKU049,2025-07-07,179,934983.23,0,0,Lighting,2063.03,5223.37
SKU049,2025-07-14,171,893196.27,0,0,Lighting,2063.03,5223.37
SKU049,2025-07-21,168,877526.1599999999,0,0,Lighting,2063.03,5223.37
SKU049,2025-07-28,158,825292.46,0,0,Lighting,2063.03,5223.37
SKU049,2025-08-04,159,830515.8300000001,0,0,Lighting,2063.03,5223.37
SKU049,2025-08-11,163,851409.3099999999,0,1,Lighting,2063.03,5223.37
SKU049,2025-08-18,145,757388.65,0,0,Lighting,2063.03,5223.37
SKU049,2025-08-25,159,830515.83,0,0,Lighting,2063.03,5223.37
SKU049,2025-09-01,152,793952.24,2,0,Lighting,2063.03,5223.37
SKU049,2025-09-08,167,872302.79,2,0,Lighting,2063.03,5223.37
SKU049,2025-09-15,158,825292.46,2,0,Lighting,2063.03,5223.37
SKU049,2025-09-22,168,877526.1599999999,2,0,Lighting,2063.03,5223.37
SKU049,2025-09-29,142,741718.54,0,0,Lighting,2063.03,5223.37
SKU049,2025-10-06,137,715601.69,0,0,Lighting,2063.03,5223.37
SKU049,2025-10-13,152,793952.24,0,0,Lighting,2063.03,5223.37
SKU049,2025-10-20,138,720825.06,0,1,Lighting,2063.03,5223.37
SKU049,2025-10-27,150,783505.5,2,0,Lighting,2063.03,5223.37
SKU049,2025-11-03,152,793952.24,2,0,Lighting,2063.03,5223.37
SKU049,2025-11-10,160,835739.2,2,0,Lighting,2063.03,5223.37
SKU049,2025-11-17,139,726048.4299999999,2,0,Lighting,2063.03,5223.37
SKU049,2025-11-24,159,830515.83,2,0,Lighting,2063.03,5223.37
SKU049,2025-12-01,167,872302.79,0,0,Lighting,2063.03,5223.37
SKU049,2025-12-08,171,893196.27,0,0,Lighting,2063.03,5223.37
SKU049,2025-12-15,147,767835.39,0,0,Lighting,2063.03,5223.37
SKU049,2025-12-22,166,867079.4199999999,0,1,Lighting,2063.03,5223.37
SKU050,2024-01-01,49,43253.28,0,0,Storage,701.85,882.72
SKU050,2024-01-08,40,35308.8,0,0,Storage,701.85,882.72
SKU050,2024-01-15,25,22068.0,0,0,Storage,701.85,882.72
SKU050,2024-01-22,37,32660.64,0,1,Storage,701.85,882.72
SKU050,2024-01-29,42,37074.24,0,0,Storage,701.85,882.72
SKU050,2024-02-05,38,33543.36,0,0,Storage,701.85,882.72
SKU050,2024-02-12,33,29129.76,0,0,Storage,701.85,882.72
SKU050,2024-02-19,35,30895.2,0,0,Storage,701.85,882.72
SKU050,2024-02-26,57,50315.04,2,0,Storage,701.85,882.72
SKU050,2024-03-04,49,43253.28,2,0,Storage,701.85,882.72
SKU050,2024-03-11,55,48549.6,2,0,Storage,701.85,882.72
SKU050,2024-03-18,51,45018.72,2,0,Storage,701.85,882.72
SKU050,2024-03-25,60,52963.2,2,0,Storage,701.85,882.72
SKU050,2024-04-01,41,36191.520000000004,0,0,Storage,701.85,882.72
SKU050,2024-04-08,43,37956.96,0,0,Storage,701.85,882.72
SKU050,2024-04-15,49,43253.28,0,0,Storage,701.85,882.72
SKU050,2024-04-22,55,48549.600000000006,0,0,Storage,701.85,882.72
SKU050,2024-04-29,50,44136.0,0,0,Storage,701.85,882.72
SKU050,2024-05-06,45,39722.4,0,0,Storage,701.85,882.72
SKU050,2024-05-13,58,51197.76,0,0,Storage,701.85,882.72
SKU050,2024-05-20,37,32660.64,0,0,Storage,701.85,882.72
SKU050,2024-05-27,50,44136.0,2,0,Storage,701.85,882.72
SKU050,2024-06-03,52,45901.44,2,0,Storage,701.85,882.72
SKU050,2024-06-10,49,43253.28,2,0,Storage,701.85,882.72
SKU050,2024-06-17,50,44136.0,2,0,Storage,701.85,882.72
SKU050,2024-06-24,47,41487.84,2,0,Storage,701.85,882.72
SKU050,2024-07-01,44,38839.68,0,0,Storage,701.85,882.72
SKU050,2024-07-08,42,37074.24,0,0,Storage,701.85,882.72
SKU050,2024-07-15,50,44136.0,0,0,Storage,701.85,882.72
SKU050,2024-07-22,29,25598.88,0,0,Storage,701.85,882.72
SKU050,2024-07-29,39,34426.08,0,0,Storage,701.85,882.72
SKU050,2024-08-05,33,29129.76,0,0,Storage,701.85,882.72
SKU050,2024-08-12,49,43253.28,0,1,Storage,701.85,882.72
SKU050,2024-08-19,29,25598.88,0,0,Storage,701.85,882.72
SKU050,2024-08-26,37,32660.64,1,0,Storage,701.85,882.72
SKU050,2024-09-02,37,32660.64,2,0,Storage,701.85,882.72
SKU050,2024-09-09,52,45901.44,2,0,Storage,701.85,882.72
SKU050,2024-09-16,27,23833.440000000002,2,0,Storage,701.85,882.72
SKU050,2024-09-23,25,22068.0,2,0,Storage,701.85,882.72
SKU050,2024-09-30,34,30012.48,0,0,Storage,701.85,882.72
SKU050,2024-10-07,33,29129.760000000002,0,0,Storage,701.85,882.72
SKU050,2024-10-14,38,33543.36,0,0,Storage,701.85,882.72
SKU050,2024-10-21,38,33543.36,0,0,Storage,701.85,882.72
SKU050,2024-10-28,36,31777.92,2,1,Storage,701.85,882.72
SKU050,2024-11-04,54,47666.880000000005,2,0,Storage,701.85,882.72
SKU050,2024-11-11,48,42370.56,2,0,Storage,701.85,882.72
SKU050,2024-11-18,39,34426.08,2,0,Storage,701.85,882.72
SKU050,2024-11-25,37,32660.64,1,0,Storage,701.85,882.72
SKU050,2024-12-02,33,29129.760000000002,0,0,Storage,701.85,882.72
SKU050,2024-12-09,37,32660.64,0,0,Storage,701.85,882.72
SKU050,2024-12-16,32,28247.04,0,0,Storage,701.85,882.72
SKU050,2024-12-23,54,47666.880000000005,0,1,Storage,701.85,882.72
SKU050,2024-12-30,47,41487.84,0,0,Storage,701.85,882.72
SKU050,2025-01-06,40,35308.8,0,0,Storage,701.85,882.72
SKU050,2025-01-13,40,35308.8,0,0,Storage,701.85,882.72
SKU050,2025-01-20,45,39722.4,0,1,Storage,701.85,882.72
SKU050,2025-01-27,36,31777.920000000002,0,0,Storage,701.85,882.72
SKU050,2025-02-03,41,36191.520000000004,0,0,Storage,701.85,882.72
SKU050,2025-02-10,51,45018.72,0,0,Storage,701.85,882.72
SKU050,2025-02-17,44,38839.68,0,0,Storage,701.85,882.72
SKU050,2025-02-24,53,46784.16,2,0,Storage,701.85,882.72
SKU050,2025-03-03,67,59142.240000000005,2,0,Storage,701.85,882.72
SKU050,2025-03-10,52,45901.44,2,0,Storage,701.85,882.72
SKU050,2025-03-17,61,53845.920000000006,2,0,Storage,701.85,882.72
SKU050,2025-03-24,49,43253.28,2,0,Storage,701.85,882.72
SKU050,2025-03-31,65,57376.8,0,0,Storage,701.85,882.72
SKU050,2025-04-07,48,42370.56,0,0,Storage,701.85,882.72
SKU050,2025-04-14,46,40605.12,0,0,Storage,701.85,882.72
SKU050,2025-04-21,46,40605.12,0,0,Storage,701.85,882.72
SKU050,2025-04-28,45,39722.4,0,0,Storage,701.85,882.72
SKU050,2025-05-05,53,46784.16,0,0,Storage,701.85,882.72
SKU050,2025-05-12,51,45018.72,0,0,Storage,701.85,882.72
SKU050,2025-05-19,70,61790.4,0,0,Storage,701.85,882.72
SKU050,2025-05-26,61,53845.92,1,0,Storage,701.85,882.72
SKU050,2025-06-02,45,39722.4,2,0,Storage,701.85,882.72
SKU050,2025-06-09,49,43253.28,2,0,Storage,701.85,882.72
SKU050,2025-06-16,63,55611.36,2,0,Storage,701.85,882.72
SKU050,2025-06-23,55,48549.6,2,0,Storage,701.85,882.72
SKU050,2025-06-30,44,38839.68,0,0,Storage,701.85,882.72
SKU050,2025-07-07,49,43253.28,0,0,Storage,701.85,882.72
SKU050,2025-07-14,53,46784.16,0,0,Storage,701.85,882.72
SKU050,2025-07-21,43,37956.96,0,0,Storage,701.85,882.72
SKU050,2025-07-28,36,31777.920000000002,0,0,Storage,701.85,882.72
SKU050,2025-08-04,35,30895.2,0,0,Storage,701.85,882.72
SKU050,2025-08-11,43,37956.96,0,1,Storage,701.85,882.72
SKU050,2025-08-18,35,30895.2,0,0,Storage,701.85,882.72
SKU050,2025-08-25,34,30012.48,0,0,Storage,701.85,882.72
SKU050,2025-09-01,29,25598.88,2,0,Storage,701.85,882.72
SKU050,2025-09-08,33,29129.760000000002,2,0,Storage,701.85,882.72
SKU050,2025-09-15,30,26481.6,2,0,Storage,701.85,882.72
SKU050,2025-09-22,38,33543.36,2,0,Storage,701.85,882.72
SKU050,2025-09-29,35,30895.2,0,0,Storage,701.85,882.72
SKU050,2025-10-06,39,34426.08,0,0,Storage,701.85,882.72
SKU050,2025-10-13,31,27364.32,0,0,Storage,701.85,882.72
SKU050,2025-10-20,31,27364.32,0,1,Storage,701.85,882.72
SKU050,2025-10-27,32,28247.04,2,0,Storage,701.85,882.72
SKU050,2025-11-03,46,40605.12,2,0,Storage,701.85,882.72
SKU050,2025-11-10,40,35308.8,2,0,Storage,701.85,882.72
SKU050,2025-11-17,41,36191.520000000004,2,0,Storage,701.85,882.72
SKU050,2025-11-24,30,26481.600000000002,2,0,Storage,701.85,882.72
SKU050,2025-12-01,40,35308.8,0,0,Storage,701.85,882.72
SKU050,2025-12-08,34,30012.48,0,0,Storage,701.85,882.72
SKU050,2025-12-15,34,30012.480000000003,0,0,Storage,701.85,882.72
SKU050,2025-12-22,49,43253.28,0,1,Storage,701.85,882.72
