sku_id,week_start,actual
SKU001,2024-01-01,106
SKU001,2024-01-08,85
SKU001,2024-01-15,117
SKU001,2024-01-22,89
SKU001,2024-01-29,119
SKU001,2024-02-05,112
SKU001,2024-02-12,104
SKU001,2024-02-19,120
SKU001,2024-02-26,103
SKU001,2024-03-04,119
SKU001,2024-03-11,122
SKU001,2024-03-18,130
SKU001,2024-03-25,102
SKU001,2024-04-01,122
SKU001,2024-04-08,115
SKU001,2024-04-15,103
SKU001,2024-04-22,112
SKU001,2024-04-29,110
SKU001,2024-05-06,117
SKU001,2024-05-13,115
SKU001,2024-05-20,115
SKU001,2024-05-27,108
SKU001,2024-06-03,126
SKU001,2024-06-10,106
SKU001,2024-06-17,100
SKU001,2024-06-24,124
SKU001,2024-07-01,84
SKU001,2024-07-08,101
SKU001,2024-07-15,75
SKU001,2024-07-22,96
SKU001,2024-07-29,94
SKU001,2024-08-05,82
SKU001,2024-08-12,89
SKU001,2024-08-19,98
SKU001,2024-08-26,92
SKU001,2024-09-02,96
SKU001,2024-09-09,89
SKU001,2024-09-16,104
SKU001,2024-09-23,109
SKU001,2024-09-30,71
SKU001,2024-10-07,82
SKU001,2024-10-14,88
SKU001,2024-10-21,89
SKU001,2024-10-28,83
SKU001,2024-11-04,99
SKU001,2024-11-11,80
SKU001,2024-11-18,88
SKU001,2024-11-25,68
SKU001,2024-12-02,83
SKU001,2024-12-09,94
SKU001,2024-12-16,77
SKU001,2024-12-23,105
SKU001,2024-12-30,78
SKU001,2025-01-06,100
SKU001,2025-01-13,89
SKU001,2025-01-20,103
SKU001,2025-01-27,100
SKU001,2025-02-03,106
SKU001,2025-02-10,124
SKU001,2025-02-17,116
SKU001,2025-02-24,111
SKU001,2025-03-03,98
SKU001,2025-03-10,133
SKU001,2025-03-17,128
SKU001,2025-03-24,115
SKU001,2025-03-31,100
SKU001,2025-04-07,112
SKU001,2025-04-14,108
SKU001,2025-04-21,134
SKU001,2025-04-28,99
SKU001,2025-05-05,119
SKU001,2025-05-12,115
SKU001,2025-05-19,119
SKU001,2025-05-26,111
SKU001,2025-06-02,121
SKU001,2025-06-09,104
SKU001,2025-06-16,110
SKU001,2025-06-23,134
SKU001,2025-06-30,101
SKU001,2025-07-07,111
SKU001,2025-07-14,118
SKU001,2025-07-21,111
SKU001,2025-07-28,101
SKU001,2025-08-04,77
SKU001,2025-08-11,90
SKU001,2025-08-18,91
SKU001,2025-08-25,97
SKU001,2025-09-01,88
SKU001,2025-09-08,93
SKU001,2025-09-15,88
SKU001,2025-09-22,86
SKU001,2025-09-29,83
SKU001,2025-10-06,82
SKU001,2025-10-13,82
SKU001,2025-10-20,78
SKU001,2025-10-27,93
SKU001,2025-11-03,92
SKU001,2025-11-10,87
SKU001,2025-11-17,84
SKU001,2025-11-24,84
SKU001,2025-12-01,88
SKU001,2025-12-08,89
SKU001,2025-12-15,91
SKU001,2025-12-22,76
SKU002,2024-01-01,83
SKU002,2024-01-08,61
SKU002,2024-01-15,57
SKU002,2024-01-22,62
SKU002,2024-01-29,68
SKU002,2024-02-05,72
SKU002,2024-02-12,65
SKU002,2024-02-19,64
SKU002,2024-02-26,74
SKU002,2024-03-04,69
SKU002,2024-03-11,103
SKU002,2024-03-18,89
SKU002,2024-03-25,106
SKU002,2024-04-01,79
SKU002,2024-04-08,76
SKU002,2024-04-15,93
SKU002,2024-04-22,75
SKU002,2024-04-29,91
SKU002,2024-05-06,88
SKU002,2024-05-13,86
SKU002,2024-05-20,78
SKU002,2024-05-27,77
SKU002,2024-06-03,76
SKU002,2024-06-10,82
SKU002,2024-06-17,62
SKU002,2024-06-24,80
SKU002,2024-07-01,81
SKU002,2024-07-08,74
SKU002,2024-07-15,84
SKU002,2024-07-22,59
SKU002,2024-07-29,51
SKU002,2024-08-05,65
SKU002,2024-08-12,58
SKU002,2024-08-19,46
SKU002,2024-08-26,69
SKU002,2024-09-02,56
SKU002,2024-09-09,61
SKU002,2024-09-16,59
SKU002,2024-09-23,63
SKU002,2024-09-30,51
SKU002,2024-10-07,65
SKU002,2024-10-14,72
SKU002,2024-10-21,47
SKU002,2024-10-28,65
SKU002,2024-11-04,52
SKU002,2024-11-11,67
SKU002,2024-11-18,66
SKU002,2024-11-25,57
SKU002,2024-12-02,66
SKU002,2024-12-09,57
SKU002,2024-12-16,59
SKU002,2024-12-23,65
SKU002,2024-12-30,70
SKU002,2025-01-06,63
SKU002,2025-01-13,67
SKU002,2025-01-20,66
SKU002,2025-01-27,85
SKU002,2025-02-03,71
SKU002,2025-02-10,79
SKU002,2025-02-17,82
SKU002,2025-02-24,95
SKU002,2025-03-03,99
SKU002,2025-03-10,80
SKU002,2025-03-17,81
SKU002,2025-03-24,96
SKU002,2025-03-31,80
SKU002,2025-04-07,89
SKU002,2025-04-14,82
SKU002,2025-04-21,79
SKU002,2025-04-28,67
SKU002,2025-05-05,77
SKU002,2025-05-12,84
SKU002,2025-05-19,82
SKU002,2025-05-26,93
SKU002,2025-06-02,73
SKU002,2025-06-09,91
SKU002,2025-06-16,84
SKU002,2025-06-23,70
SKU002,2025-06-30,53
SKU002,2025-07-07,78
SKU002,2025-07-14,69
SKU002,2025-07-21,76
SKU002,2025-07-28,75
SKU002,2025-08-04,60
SKU002,2025-08-11,70
SKU002,2025-08-18,70
SKU002,2025-08-25,79
SKU002,2025-09-01,62
SKU002,2025-09-08,65
SKU002,2025-09-15,79
SKU002,2025-09-22,60
SKU002,2025-09-29,63
SKU002,2025-10-06,56
SKU002,2025-10-13,59
SKU002,2025-10-20,51
SKU002,2025-10-27,70
SKU002,2025-11-03,72
SKU002,2025-11-10,60
SKU002,2025-11-17,64
SKU002,2025-11-24,66
SKU002,2025-12-01,51
SKU002,2025-12-08,55
SKU002,2025-12-15,55
SKU002,2025-12-22,51
SKU003,2024-01-01,36
SKU003,2024-01-08,32
SKU003,2024-01-15,32
SKU003,2024-01-22,43
SKU003,2024-01-29,40
SKU003,2024-02-05,46
SKU003,2024-02-12,34
SKU003,2024-02-19,44
SKU003,2024-02-26,52
SKU003,2024-03-04,66
SKU003,2024-03-11,46
SKU003,2024-03-18,48
SKU003,2024-03-25,49
SKU003,2024-04-01,48
SKU003,2024-04-08,47
SKU003,2024-04-15,47
SKU003,2024-04-22,45
SKU003,2024-04-29,45
SKU003,2024-05-06,37
SKU003,2024-05-13,41
SKU003,2024-05-20,50
SKU003,2024-05-27,60
SKU003,2024-06-03,52
SKU003,2024-06-10,47
SKU003,2024-06-17,57
SKU003,2024-06-24,30
SKU003,2024-07-01,43
SKU003,2024-07-08,32
SKU003,2024-07-15,28
SKU003,2024-07-22,42
SKU003,2024-07-29,45
SKU003,2024-08-05,35
SKU003,2024-08-12,37
SKU003,2024-08-19,38
SKU003,2024-08-26,40
SKU003,2024-09-02,38
SKU003,2024-09-09,30
SKU003,2024-09-16,41
SKU003,2024-09-23,32
SKU003,2024-09-30,32
SKU003,2024-10-07,34
SKU003,2024-10-14,27
SKU003,2024-10-21,35
SKU003,2024-10-28,17
SKU003,2024-11-04,41
SKU003,2024-11-11,38
SKU003,2024-11-18,39
SKU003,2024-11-25,36
SKU003,2024-12-02,38
SKU003,2024-12-09,23
SKU003,2024-12-16,48
SKU003,2024-12-23,30
SKU003,2024-12-30,32
SKU003,2025-01-06,34
SKU003,2025-01-13,41
SKU003,2025-01-20,23
SKU003,2025-01-27,40
SKU003,2025-02-03,34
SKU003,2025-02-10,47
SKU003,2025-02-17,45
SKU003,2025-02-24,54
SKU003,2025-03-03,44
SKU003,2025-03-10,57
SKU003,2025-03-17,69
SKU003,2025-03-24,50
SKU003,2025-03-31,38
SKU003,2025-04-07,48
SKU003,2025-04-14,48
SKU003,2025-04-21,49
SKU003,2025-04-28,41
SKU003,2025-05-05,50
SKU003,2025-05-12,41
SKU003,2025-05-19,43
SKU003,2025-05-26,45
SKU003,2025-06-02,50
SKU003,2025-06-09,53
SKU003,2025-06-16,48
SKU003,2025-06-23,44
SKU003,2025-06-30,42
SKU003,2025-07-07,44
SKU003,2025-07-14,37
SKU003,2025-07-21,41
SKU003,2025-07-28,26
SKU003,2025-08-04,38
SKU003,2025-08-11,39
SKU003,2025-08-18,34
SKU003,2025-08-25,27
SKU003,2025-09-01,34
SKU003,2025-09-08,42
SKU003,2025-09-15,39
SKU003,2025-09-22,42
SKU003,2025-09-29,43
SKU003,2025-10-06,33
SKU003,2025-10-13,26
SKU003,2025-10-20,34
SKU003,2025-10-27,41
SKU003,2025-11-03,39
SKU003,2025-11-10,37
SKU003,2025-11-17,41
SKU003,2025-11-24,29
SKU003,2025-12-01,38
SKU003,2025-12-08,33
SKU003,2025-12-15,23
SKU003,2025-12-22,34
SKU004,2024-01-01,31
SKU004,2024-01-08,25
SKU004,2024-01-15,38
SKU004,2024-01-22,33
SKU004,2024-01-29,43
SKU004,2024-02-05,34
SKU004,2024-02-12,35
SKU004,2024-02-19,22
SKU004,2024-02-26,45
SKU004,2024-03-04,40
SKU004,2024-03-11,41
SKU004,2024-03-18,36
SKU004,2024-03-25,27
SKU004,2024-04-01,35
SKU004,2024-04-08,30
SKU004,2024-04-15,44
SKU004,2024-04-22,28
SKU004,2024-04-29,37
SKU004,2024-05-06,47
SKU004,2024-05-13,54
SKU004,2024-05-20,40
SKU004,2024-05-27,28
SKU004,2024-06-03,41
SKU004,2024-06-10,40
SKU004,2024-06-17,37
SKU004,2024-06-24,34
SKU004,2024-07-01,28
SKU004,2024-07-08,33
SKU004,2024-07-15,35
SKU004,2024-07-22,32
SKU004,2024-07-29,32
SKU004,2024-08-05,33
SKU004,2024-08-12,30
SKU004,2024-08-19,29
SKU004,2024-08-26,22
SKU004,2024-09-02,30
SKU004,2024-09-09,34
SKU004,2024-09-16,29
SKU004,2024-09-23,26
SKU004,2024-09-30,26
SKU004,2024-10-07,29
SKU004,2024-10-14,29
SKU004,2024-10-21,26
SKU004,2024-10-28,32
SKU004,2024-11-04,29
SKU004,2024-11-11,26
SKU004,2024-11-18,19
SKU004,2024-11-25,24
SKU004,2024-12-02,30
SKU004,2024-12-09,33
SKU004,2024-12-16,27
SKU004,2024-12-23,28
SKU004,2024-12-30,37
SKU004,2025-01-06,35
SKU004,2025-01-13,24
SKU004,2025-01-20,38
SKU004,2025-01-27,34
SKU004,2025-02-03,32
SKU004,2025-02-10,37
SKU004,2025-02-17,33
SKU004,2025-02-24,50
SKU004,2025-03-03,36
SKU004,2025-03-10,35
SKU004,2025-03-17,39
SKU004,2025-03-24,43
SKU004,2025-03-31,22
SKU004,2025-04-07,39
SKU004,2025-04-14,45
SKU004,2025-04-21,41
SKU004,2025-04-28,31
SKU004,2025-05-05,34
SKU004,2025-05-12,33
SKU004,2025-05-19,38
SKU004,2025-05-26,30
SKU004,2025-06-02,28
SKU004,2025-06-09,29
SKU004,2025-06-16,48
SKU004,2025-06-23,31
SKU004,2025-06-30,27
SKU004,2025-07-07,32
SKU004,2025-07-14,34
SKU004,2025-07-21,29
SKU004,2025-07-28,33
SKU004,2025-08-04,26
SKU004,2025-08-11,26
SKU004,2025-08-18,18
SKU004,2025-08-25,36
SKU004,2025-09-01,38
SKU004,2025-09-08,29
SKU004,2025-09-15,26
SKU004,2025-09-22,28
SKU004,2025-09-29,23
SKU004,2025-10-06,28
SKU004,2025-10-13,24
SKU004,2025-10-20,24
SKU004,2025-10-27,32
SKU004,2025-11-03,27
SKU004,2025-11-10,31
SKU004,2025-11-17,28
SKU004,2025-11-24,22
SKU004,2025-12-01,28
SKU004,2025-12-08,39
SKU004,2025-12-15,38
SKU004,2025-12-22,30
SKU005,2024-01-01,109
SKU005,2024-01-08,116
SKU005,2024-01-15,108
SKU005,2024-01-22,102
SKU005,2024-01-29,129
SKU005,2024-02-05,135
SKU005,2024-02-12,144
SKU005,2024-02-19,124
SKU005,2024-02-26,134
SKU005,2024-03-04,147
SKU005,2024-03-11,144
SKU005,2024-03-18,151
SKU005,2024-03-25,126
SKU005,2024-04-01,138
SKU005,2024-04-08,113
SKU005,2024-04-15,140
SKU005,2024-04-22,113
SKU005,2024-04-29,122
SKU005,2024-05-06,142
SKU005,2024-05-13,122
SKU005,2024-05-20,118
SKU005,2024-05-27,124
SKU005,2024-06-03,157
SKU005,2024-06-10,138
SKU005,2024-06-17,149
SKU005,2024-06-24,145
SKU005,2024-07-01,105
SKU005,2024-07-08,114
SKU005,2024-07-15,109
SKU005,2024-07-22,114
SKU005,2024-07-29,108
SKU005,2024-08-05,95
SKU005,2024-08-12,103
SKU005,2024-08-19,113
SKU005,2024-08-26,122
SKU005,2024-09-02,113
SKU005,2024-09-09,104
SKU005,2024-09-16,95
SKU005,2024-09-23,108
SKU005,2024-09-30,86
SKU005,2024-10-07,96
SKU005,2024-10-14,92
SKU005,2024-10-21,85
SKU005,2024-10-28,109
SKU005,2024-11-04,109
SKU005,2024-11-11,123
SKU005,2024-11-18,104
SKU005,2024-11-25,79
SKU005,2024-12-02,95
SKU005,2024-12-09,107
SKU005,2024-12-16,110
SKU005,2024-12-23,106
SKU005,2024-12-30,111
SKU005,2025-01-06,97
SKU005,2025-01-13,133
SKU005,2025-01-20,110
SKU005,2025-01-27,107
SKU005,2025-02-03,123
SKU005,2025-02-10,132
SKU005,2025-02-17,139
SKU005,2025-02-24,160
SKU005,2025-03-03,140
SKU005,2025-03-10,142
SKU005,2025-03-17,144
SKU005,2025-03-24,134
SKU005,2025-03-31,142
SKU005,2025-04-07,132
SKU005,2025-04-14,134
SKU005,2025-04-21,141
SKU005,2025-04-28,116
SKU005,2025-05-05,117
SKU005,2025-05-12,122
SKU005,2025-05-19,137
SKU005,2025-05-26,130
SKU005,2025-06-02,140
SKU005,2025-06-09,133
SKU005,2025-06-16,116
SKU005,2025-06-23,134
SKU005,2025-06-30,99
SKU005,2025-07-07,104
SKU005,2025-07-14,106
SKU005,2025-07-21,124
SKU005,2025-07-28,115
SKU005,2025-08-04,96
SKU005,2025-08-11,114
SKU005,2025-08-18,95
SKU005,2025-08-25,96
SKU005,2025-09-01,95
SKU005,2025-09-08,96
SKU005,2025-09-15,89
SKU005,2025-09-22,108
SKU005,2025-09-29,97
SKU005,2025-10-06,107
SKU005,2025-10-13,105
SKU005,2025-10-20,98
SKU005,2025-10-27,104
SKU005,2025-11-03,114
SKU005,2025-11-10,102
SKU005,2025-11-17,115
SKU005,2025-11-24,100
SKU005,2025-12-01,96
SKU005,2025-12-08,103
SKU005,2025-12-15,100
SKU005,2025-12-22,108
SKU006,2024-01-01,38
SKU006,2024-01-08,34
SKU006,2024-01-15,43
SKU006,2024-01-22,39
SKU006,2024-01-29,49
SKU006,2024-02-05,50
SKU006,2024-02-12,52
SKU006,2024-02-19,50
SKU006,2024-02-26,56
SKU006,2024-03-04,76
SKU006,2024-03-11,50
SKU006,2024-03-18,55
SKU006,2024-03-25,53
SKU006,2024-04-01,68
SKU006,2024-04-08,61
SKU006,2024-04-15,54
SKU006,2024-04-22,44
SKU006,2024-04-29,54
SKU006,2024-05-06,45
SKU006,2024-05-13,52
SKU006,2024-05-20,58
SKU006,2024-05-27,46
SKU006,2024-06-03,33
SKU006,2024-06-10,41
SKU006,2024-06-17,42
SKU006,2024-06-24,59
SKU006,2024-07-01,54
SKU006,2024-07-08,42
SKU006,2024-07-15,47
SKU006,2024-07-22,48
SKU006,2024-07-29,45
SKU006,2024-08-05,25
SKU006,2024-08-12,39
SKU006,2024-08-19,34
SKU006,2024-08-26,55
SKU006,2024-09-02,33
SKU006,2024-09-09,38
SKU006,2024-09-16,42
SKU006,2024-09-23,40
SKU006,2024-09-30,47
SKU006,2024-10-07,38
SKU006,2024-10-14,37
SKU006,2024-10-21,29
SKU006,2024-10-28,40
SKU006,2024-11-04,40
SKU006,2024-11-11,28
SKU006,2024-11-18,41
SKU006,2024-11-25,44
SKU006,2024-12-02,44
SKU006,2024-12-09,34
SKU006,2024-12-16,44
SKU006,2024-12-23,48
SKU006,2024-12-30,45
SKU006,2025-01-06,50
SKU006,2025-01-13,46
SKU006,2025-01-20,51
SKU006,2025-01-27,47
SKU006,2025-02-03,46
SKU006,2025-02-10,45
SKU006,2025-02-17,51
SKU006,2025-02-24,57
SKU006,2025-03-03,58
SKU006,2025-03-10,66
SKU006,2025-03-17,42
SKU006,2025-03-24,55
SKU006,2025-03-31,56
SKU006,2025-04-07,53
SKU006,2025-04-14,46
SKU006,2025-04-21,67
SKU006,2025-04-28,44
SKU006,2025-05-05,66
SKU006,2025-05-12,55
SKU006,2025-05-19,51
SKU006,2025-05-26,50
SKU006,2025-06-02,57
SKU006,2025-06-09,64
SKU006,2025-06-16,42
SKU006,2025-06-23,54
SKU006,2025-06-30,41
SKU006,2025-07-07,31
SKU006,2025-07-14,45
SKU006,2025-07-21,43
SKU006,2025-07-28,49
SKU006,2025-08-04,46
SKU006,2025-08-11,38
SKU006,2025-08-18,42
SKU006,2025-08-25,36
SKU006,2025-09-01,43
SKU006,2025-09-08,40
SKU006,2025-09-15,45
SKU006,2025-09-22,48
SKU006,2025-09-29,43
SKU006,2025-10-06,38
SKU006,2025-10-13,29
SKU006,2025-10-20,34
SKU006,2025-10-27,36
SKU006,2025-11-03,39
SKU006,2025-11-10,31
SKU006,2025-11-17,45
SKU006,2025-11-24,40
SKU006,2025-12-01,37
SKU006,2025-12-08,41
SKU006,2025-12-15,41
SKU006,2025-12-22,43
SKU007,2024-01-01,172
SKU007,2024-01-08,178
SKU007,2024-01-15,189
SKU007,2024-01-22,176
SKU007,2024-01-29,171
SKU007,2024-02-05,163
SKU007,2024-02-12,195
SKU007,2024-02-19,173
SKU007,2024-02-26,201
SKU007,2024-03-04,195
SKU007,2024-03-11,212
SKU007,2024-03-18,223
SKU007,2024-03-25,192
SKU007,2024-04-01,199
SKU007,2024-04-08,222
SKU007,2024-04-15,199
SKU007,2024-04-22,198
SKU007,2024-04-29,188
SKU007,2024-05-06,174
SKU007,2024-05-13,184
SKU007,2024-05-20,209
SKU007,2024-05-27,242
SKU007,2024-06-03,196
SKU007,2024-06-10,203
SKU007,2024-06-17,219
SKU007,2024-06-24,204
SKU007,2024-07-01,187
SKU007,2024-07-08,179
SKU007,2024-07-15,180
SKU007,2024-07-22,172
SKU007,2024-07-29,160
SKU007,2024-08-05,141
SKU007,2024-08-12,164
SKU007,2024-08-19,160
SKU007,2024-08-26,151
SKU007,2024-09-02,157
SKU007,2024-09-09,174
SKU007,2024-09-16,151
SKU007,2024-09-23,170
SKU007,2024-09-30,130
SKU007,2024-10-07,123
SKU007,2024-10-14,128
SKU007,2024-10-21,124
SKU007,2024-10-28,152
SKU007,2024-11-04,172
SKU007,2024-11-11,159
SKU007,2024-11-18,167
SKU007,2024-11-25,132
SKU007,2024-12-02,148
SKU007,2024-12-09,137
SKU007,2024-12-16,167
SKU007,2024-12-23,147
SKU007,2024-12-30,175
SKU007,2025-01-06,171
SKU007,2025-01-13,156
SKU007,2025-01-20,179
SKU007,2025-01-27,178
SKU007,2025-02-03,179
SKU007,2025-02-10,171
SKU007,2025-02-17,171
SKU007,2025-02-24,189
SKU007,2025-03-03,217
SKU007,2025-03-10,191
SKU007,2025-03-17,194
SKU007,2025-03-24,208
SKU007,2025-03-31,201
SKU007,2025-04-07,194
SKU007,2025-04-14,200
SKU007,2025-04-21,201
SKU007,2025-04-28,199
SKU007,2025-05-05,168
SKU007,2025-05-12,180
SKU007,2025-05-19,203
SKU007,2025-05-26,196
SKU007,2025-06-02,185
SKU007,2025-06-09,174
SKU007,2025-06-16,187
SKU007,2025-06-23,212
SKU007,2025-06-30,181
SKU007,2025-07-07,187
SKU007,2025-07-14,161
SKU007,2025-07-21,167
SKU007,2025-07-28,181
SKU007,2025-08-04,145
SKU007,2025-08-11,158
SKU007,2025-08-18,146
SKU007,2025-08-25,170
SKU007,2025-09-01,152
SKU007,2025-09-08,153
SKU007,2025-09-15,162
SKU007,2025-09-22,171
SKU007,2025-09-29,129
SKU007,2025-10-06,149
SKU007,2025-10-13,158
SKU007,2025-10-20,131
SKU007,2025-10-27,152
SKU007,2025-11-03,142
SKU007,2025-11-10,131
SKU007,2025-11-17,157
SKU007,2025-11-24,181
SKU007,2025-12-01,145
SKU007,2025-12-08,154
SKU007,2025-12-15,149
SKU007,2025-12-22,161
SKU008,2024-01-01,119
SKU008,2024-01-08,137
SKU008,2024-01-15,118
SKU008,2024-01-22,108
SKU008,2024-01-29,114
SKU008,2024-02-05,113
SKU008,2024-02-12,107
SKU008,2024-02-19,118
SKU008,2024-02-26,131
SKU008,2024-03-04,132
SKU008,2024-03-11,147
SKU008,2024-03-18,144
SKU008,2024-03-25,128
SKU008,2024-04-01,128
SKU008,2024-04-08,128
SKU008,2024-04-15,139
SKU008,2024-04-22,134
SKU008,2024-04-29,139
SKU008,2024-05-06,131
SKU008,2024-05-13,128
SKU008,2024-05-20,137
SKU008,2024-05-27,140
SKU008,2024-06-03,125
SKU008,2024-06-10,106
SKU008,2024-06-17,134
SKU008,2024-06-24,144
SKU008,2024-07-01,112
SKU008,2024-07-08,120
SKU008,2024-07-15,108
SKU008,2024-07-22,134
SKU008,2024-07-29,100
SKU008,2024-08-05,97
SKU008,2024-08-12,99
SKU008,2024-08-19,113
SKU008,2024-08-26,107
SKU008,2024-09-02,115
SKU008,2024-09-09,93
SKU008,2024-09-16,101
SKU008,2024-09-23,107
SKU008,2024-09-30,89
SKU008,2024-10-07,80
SKU008,2024-10-14,71
SKU008,2024-10-21,97
SKU008,2024-10-28,99
SKU008,2024-11-04,97
SKU008,2024-11-11,106
SKU008,2024-11-18,88
SKU008,2024-11-25,108
SKU008,2024-12-02,109
SKU008,2024-12-09,104
SKU008,2024-12-16,82
SKU008,2024-12-23,97
SKU008,2024-12-30,103
SKU008,2025-01-06,105
SKU008,2025-01-13,111
SKU008,2025-01-20,106
SKU008,2025-01-27,121
SKU008,2025-02-03,134
SKU008,2025-02-10,122
SKU008,2025-02-17,112
SKU008,2025-02-24,138
SKU008,2025-03-03,133
SKU008,2025-03-10,153
SKU008,2025-03-17,139
SKU008,2025-03-24,154
SKU008,2025-03-31,146
SKU008,2025-04-07,131
SKU008,2025-04-14,138
SKU008,2025-04-21,130
SKU008,2025-04-28,127
SKU008,2025-05-05,139
SKU008,2025-05-12,121
SKU008,2025-05-19,118
SKU008,2025-05-26,135
SKU008,2025-06-02,122
SKU008,2025-06-09,136
SKU008,2025-06-16,101
SKU008,2025-06-23,118
SKU008,2025-06-30,128
SKU008,2025-07-07,109
SKU008,2025-07-14,110
SKU008,2025-07-21,105
SKU008,2025-07-28,112
SKU008,2025-08-04,101
SKU008,2025-08-11,126
SKU008,2025-08-18,89
SKU008,2025-08-25,101
SKU008,2025-09-01,92
SKU008,2025-09-08,90
SKU008,2025-09-15,87
SKU008,2025-09-22,93
SKU008,2025-09-29,98
SKU008,2025-10-06,88
SKU008,2025-10-13,115
SKU008,2025-10-20,81
SKU008,2025-10-27,100
SKU008,2025-11-03,112
SKU008,2025-11-10,94
SKU008,2025-11-17,91
SKU008,2025-11-24,117
SKU008,2025-12-01,97
SKU008,2025-12-08,112
SKU008,2025-12-15,100
SKU008,2025-12-22,105
SKU009,2024-01-01,70
SKU009,2024-01-08,66
SKU009,2024-01-15,73
SKU009,2024-01-22,80
SKU009,2024-01-29,103
SKU009,2024-02-05,85
SKU009,2024-02-12,79
SKU009,2024-02-19,80
SKU009,2024-02-26,92
SKU009,2024-03-04,86
SKU009,2024-03-11,101
SKU009,2024-03-18,95
SKU009,2024-03-25,88
SKU009,2024-04-01,82
SKU009,2024-04-08,106
SKU009,2024-04-15,100
SKU009,2024-04-22,104
SKU009,2024-04-29,80
SKU009,2024-05-06,70
SKU009,2024-05-13,83
SKU009,2024-05-20,83
SKU009,2024-05-27,74
SKU009,2024-06-03,94
SKU009,2024-06-10,93
SKU009,2024-06-17,64
SKU009,2024-06-24,84
SKU009,2024-07-01,78
SKU009,2024-07-08,63
SKU009,2024-07-15,85
SKU009,2024-07-22,82
SKU009,2024-07-29,85
SKU009,2024-08-05,66
SKU009,2024-08-12,70
SKU009,2024-08-19,59
SKU009,2024-08-26,58
SKU009,2024-09-02,58
SKU009,2024-09-09,56
SKU009,2024-09-16,58
SKU009,2024-09-23,67
SKU009,2024-09-30,42
SKU009,2024-10-07,65
SKU009,2024-10-14,58
SKU009,2024-10-21,52
SKU009,2024-10-28,66
SKU009,2024-11-04,71
SKU009,2024-11-11,67
SKU009,2024-11-18,60
SKU009,2024-11-25,52
SKU009,2024-12-02,55
SKU009,2024-12-09,71
SKU009,2024-12-16,76
SKU009,2024-12-23,68
SKU009,2024-12-30,66
SKU009,2025-01-06,55
SKU009,2025-01-13,70
SKU009,2025-01-20,71
SKU009,2025-01-27,69
SKU009,2025-02-03,86
SKU009,2025-02-10,74
SKU009,2025-02-17,75
SKU009,2025-02-24,91
SKU009,2025-03-03,99
SKU009,2025-03-10,92
SKU009,2025-03-17,102
SKU009,2025-03-24,82
SKU009,2025-03-31,76
SKU009,2025-04-07,79
SKU009,2025-04-14,69
SKU009,2025-04-21,100
SKU009,2025-04-28,76
SKU009,2025-05-05,92
SKU009,2025-05-12,104
SKU009,2025-05-19,88
SKU009,2025-05-26,74
SKU009,2025-06-02,88
SKU009,2025-06-09,86
SKU009,2025-06-16,81
SKU009,2025-06-23,92
SKU009,2025-06-30,83
SKU009,2025-07-07,69
SKU009,2025-07-14,73
SKU009,2025-07-21,67
SKU009,2025-07-28,69
SKU009,2025-08-04,66
SKU009,2025-08-11,61
SKU009,2025-08-18,69
SKU009,2025-08-25,62
SKU009,2025-09-01,71
SKU009,2025-09-08,87
SKU009,2025-09-15,70
SKU009,2025-09-22,69
SKU009,2025-09-29,58
SKU009,2025-10-06,51
SKU009,2025-10-13,63
SKU009,2025-10-20,52
SKU009,2025-10-27,78
SKU009,2025-11-03,55
SKU009,2025-11-10,62
SKU009,2025-11-17,63
SKU009,2025-11-24,66
SKU009,2025-12-01,77
SKU009,2025-12-08,82
SKU009,2025-12-15,69
SKU009,2025-12-22,77
SKU010,2024-01-01,111
SKU010,2024-01-08,108
SKU010,2024-01-15,115
SKU010,2024-01-22,115
SKU010,2024-01-29,129
SKU010,2024-02-05,136
SKU010,2024-02-12,133
SKU010,2024-02-19,146
SKU010,2024-02-26,145
SKU010,2024-03-04,154
SKU010,2024-03-11,138
SKU010,2024-03-18,141
SKU010,2024-03-25,162
SKU010,2024-04-01,124
SKU010,2024-04-08,141
SKU010,2024-04-15,121
SKU010,2024-04-22,121
SKU010,2024-04-29,144
SKU010,2024-05-06,117
SKU010,2024-05-13,145
SKU010,2024-05-20,141
SKU010,2024-05-27,158
SKU010,2024-06-03,151
SKU010,2024-06-10,141
SKU010,2024-06-17,153
SKU010,2024-06-24,129
SKU010,2024-07-01,103
SKU010,2024-07-08,113
SKU010,2024-07-15,111
SKU010,2024-07-22,119
SKU010,2024-07-29,110
SKU010,2024-08-05,103
SKU010,2024-08-12,103
SKU010,2024-08-19,99
SKU010,2024-08-26,96
SKU010,2024-09-02,92
SKU010,2024-09-09,116
SKU010,2024-09-16,115
SKU010,2024-09-23,128
SKU010,2024-09-30,122
SKU010,2024-10-07,79
SKU010,2024-10-14,74
SKU010,2024-10-21,92
SKU010,2024-10-28,109
SKU010,2024-11-04,100
SKU010,2024-11-11,113
SKU010,2024-11-18,121
SKU010,2024-11-25,93
SKU010,2024-12-02,99
SKU010,2024-12-09,106
SKU010,2024-12-16,109
SKU010,2024-12-23,109
SKU010,2024-12-30,116
SKU010,2025-01-06,118
SKU010,2025-01-13,113
SKU010,2025-01-20,118
SKU010,2025-01-27,97
SKU010,2025-02-03,124
SKU010,2025-02-10,128
SKU010,2025-02-17,128
SKU010,2025-02-24,155
SKU010,2025-03-03,160
SKU010,2025-03-10,139
SKU010,2025-03-17,139
SKU010,2025-03-24,156
SKU010,2025-03-31,149
SKU010,2025-04-07,133
SKU010,2025-04-14,137
SKU010,2025-04-21,144
SKU010,2025-04-28,134
SKU010,2025-05-05,130
SKU010,2025-05-12,131
SKU010,2025-05-19,141
SKU010,2025-05-26,145
SKU010,2025-06-02,136
SKU010,2025-06-09,141
SKU010,2025-06-16,139
SKU010,2025-06-23,123
SKU010,2025-06-30,111
SKU010,2025-07-07,120
SKU010,2025-07-14,124
SKU010,2025-07-21,105
SKU010,2025-07-28,91
SKU010,2025-08-04,95
SKU010,2025-08-11,113
SKU010,2025-08-18,100
SKU010,2025-08-25,114
SKU010,2025-09-01,104
SKU010,2025-09-08,92
SKU010,2025-09-15,114
SKU010,2025-09-22,100
SKU010,2025-09-29,79
SKU010,2025-10-06,83
SKU010,2025-10-13,96
SKU010,2025-10-20,86
SKU010,2025-10-27,120
SKU010,2025-11-03,91
SKU010,2025-11-10,105
SKU010,2025-11-17,102
SKU010,2025-11-24,104
SKU010,2025-12-01,126
SKU010,2025-12-08,108
SKU010,2025-12-15,102
SKU010,2025-12-22,102
SKU011,2024-01-01,14
SKU011,2024-01-08,20
SKU011,2024-01-15,14
SKU011,2024-01-22,15
SKU011,2024-01-29,21
SKU011,2024-02-05,14
SKU011,2024-02-12,20
SKU011,2024-02-19,28
SKU011,2024-02-26,23
SKU011,2024-03-04,21
SKU011,2024-03-11,24
SKU011,2024-03-18,25
SKU011,2024-03-25,16
SKU011,2024-04-01,20
SKU011,2024-04-08,22
SKU011,2024-04-15,19
SKU011,2024-04-22,31
SKU011,2024-04-29,20
SKU011,2024-05-06,30
SKU011,2024-05-13,28
SKU011,2024-05-20,17
SKU011,2024-05-27,26
SKU011,2024-06-03,24
SKU011,2024-06-10,19
SKU011,2024-06-17,16
SKU011,2024-06-24,19
SKU011,2024-07-01,19
SKU011,2024-07-08,27
SKU011,2024-07-15,12
SKU011,2024-07-22,14
SKU011,2024-07-29,12
SKU011,2024-08-05,16
SKU011,2024-08-12,17
SKU011,2024-08-19,9
SKU011,2024-08-26,17
SKU011,2024-09-02,18
SKU011,2024-09-09,22
SKU011,2024-09-16,15
SKU011,2024-09-23,18
SKU011,2024-09-30,11
SKU011,2024-10-07,16
SKU011,2024-10-14,13
SKU011,2024-10-21,9
SKU011,2024-10-28,15
SKU011,2024-11-04,11
SKU011,2024-11-11,16
SKU011,2024-11-18,25
SKU011,2024-11-25,22
SKU011,2024-12-02,25
SKU011,2024-12-09,15
SKU011,2024-12-16,20
SKU011,2024-12-23,17
SKU011,2024-12-30,17
SKU011,2025-01-06,21
SKU011,2025-01-13,19
SKU011,2025-01-20,24
SKU011,2025-01-27,13
SKU011,2025-02-03,16
SKU011,2025-02-10,16
SKU011,2025-02-17,23
SKU011,2025-02-24,18
SKU011,2025-03-03,15
SKU011,2025-03-10,22
SKU011,2025-03-17,19
SKU011,2025-03-24,18
SKU011,2025-03-31,20
SKU011,2025-04-07,26
SKU011,2025-04-14,22
SKU011,2025-04-21,24
SKU011,2025-04-28,17
SKU011,2025-05-05,17
SKU011,2025-05-12,14
SKU011,2025-05-19,16
SKU011,2025-05-26,29
SKU011,2025-06-02,20
SKU011,2025-06-09,26
SKU011,2025-06-16,18
SKU011,2025-06-23,22
SKU011,2025-06-30,25
SKU011,2025-07-07,14
SKU011,2025-07-14,21
SKU011,2025-07-21,11
SKU011,2025-07-28,18
SKU011,2025-08-04,22
SKU011,2025-08-11,14
SKU011,2025-08-18,24
SKU011,2025-08-25,11
SKU011,2025-09-01,16
SKU011,2025-09-08,16
SKU011,2025-09-15,16
SKU011,2025-09-22,11
SKU011,2025-09-29,28
SKU011,2025-10-06,16
SKU011,2025-10-13,11
SKU011,2025-10-20,18
SKU011,2025-10-27,19
SKU011,2025-11-03,19
SKU011,2025-11-10,25
SKU011,2025-11-17,9
SKU011,2025-11-24,15
SKU011,2025-12-01,17
SKU011,2025-12-08,23
SKU011,2025-12-15,18
SKU011,2025-12-22,22
SKU012,2024-01-01,181
SKU012,2024-01-08,176
SKU012,2024-01-15,178
SKU012,2024-01-22,185
SKU012,2024-01-29,186
SKU012,2024-02-05,206
SKU012,2024-02-12,192
SKU012,2024-02-19,190
SKU012,2024-02-26,229
SKU012,2024-03-04,205
SKU012,2024-03-11,206
SKU012,2024-03-18,210
SKU012,2024-03-25,231
SKU012,2024-04-01,223
SKU012,2024-04-08,211
SKU012,2024-04-15,216
SKU012,2024-04-22,217
SKU012,2024-04-29,209
SKU012,2024-05-06,210
SKU012,2024-05-13,188
SKU012,2024-05-20,183
SKU012,2024-05-27,204
SKU012,2024-06-03,205
SKU012,2024-06-10,230
SKU012,2024-06-17,213
SKU012,2024-06-24,202
SKU012,2024-07-01,173
SKU012,2024-07-08,174
SKU012,2024-07-15,190
SKU012,2024-07-22,198
SKU012,2024-07-29,163
SKU012,2024-08-05,163
SKU012,2024-08-12,154
SKU012,2024-08-19,169
SKU012,2024-08-26,176
SKU012,2024-09-02,151
SKU012,2024-09-09,167
SKU012,2024-09-16,163
SKU012,2024-09-23,174
SKU012,2024-09-30,144
SKU012,2024-10-07,144
SKU012,2024-10-14,144
SKU012,2024-10-21,140
SKU012,2024-10-28,183
SKU012,2024-11-04,156
SKU012,2024-11-11,179
SKU012,2024-11-18,177
SKU012,2024-11-25,170
SKU012,2024-12-02,147
SKU012,2024-12-09,184
SKU012,2024-12-16,161
SKU012,2024-12-23,161
SKU012,2024-12-30,161
SKU012,2025-01-06,180
SKU012,2025-01-13,194
SKU012,2025-01-20,191
SKU012,2025-01-27,172
SKU012,2025-02-03,195
SKU012,2025-02-10,203
SKU012,2025-02-17,214
SKU012,2025-02-24,208
SKU012,2025-03-03,224
SKU012,2025-03-10,217
SKU012,2025-03-17,217
SKU012,2025-03-24,253
SKU012,2025-03-31,218
SKU012,2025-04-07,195
SKU012,2025-04-14,198
SKU012,2025-04-21,210
SKU012,2025-04-28,202
SKU012,2025-05-05,196
SKU012,2025-05-12,206
SKU012,2025-05-19,202
SKU012,2025-05-26,200
SKU012,2025-06-02,205
SKU012,2025-06-09,204
SKU012,2025-06-16,190
SKU012,2025-06-23,173
SKU012,2025-06-30,171
SKU012,2025-07-07,189
SKU012,2025-07-14,179
SKU012,2025-07-21,155
SKU012,2025-07-28,160
SKU012,2025-08-04,163
SKU012,2025-08-11,177
SKU012,2025-08-18,178
SKU012,2025-08-25,171
SKU012,2025-09-01,180
SKU012,2025-09-08,160
SKU012,2025-09-15,171
SKU012,2025-09-22,150
SKU012,2025-09-29,136
SKU012,2025-10-06,140
SKU012,2025-10-13,128
SKU012,2025-10-20,141
SKU012,2025-10-27,151
SKU012,2025-11-03,155
SKU012,2025-11-10,163
SKU012,2025-11-17,155
SKU012,2025-11-24,161
SKU012,2025-12-01,167
SKU012,2025-12-08,155
SKU012,2025-12-15,171
SKU012,2025-12-22,150
SKU013,2024-01-01,101
SKU013,2024-01-08,99
SKU013,2024-01-15,105
SKU013,2024-01-22,97
SKU013,2024-01-29,98
SKU013,2024-02-05,117
SKU013,2024-02-12,111
SKU013,2024-02-19,94
SKU013,2024-02-26,130
SKU013,2024-03-04,120
SKU013,2024-03-11,137
SKU013,2024-03-18,138
SKU013,2024-03-25,108
SKU013,2024-04-01,114
SKU013,2024-04-08,110
SKU013,2024-04-15,128
SKU013,2024-04-22,102
SKU013,2024-04-29,108
SKU013,2024-05-06,120
SKU013,2024-05-13,103
SKU013,2024-05-20,113
SKU013,2024-05-27,134
SKU013,2024-06-03,112
SKU013,2024-06-10,92
SKU013,2024-06-17,107
SKU013,2024-06-24,107
SKU013,2024-07-01,94
SKU013,2024-07-08,95
SKU013,2024-07-15,86
SKU013,2024-07-22,107
SKU013,2024-07-29,104
SKU013,2024-08-05,85
SKU013,2024-08-12,71
SKU013,2024-08-19,91
SKU013,2024-08-26,86
SKU013,2024-09-02,98
SKU013,2024-09-09,101
SKU013,2024-09-16,84
SKU013,2024-09-23,99
SKU013,2024-09-30,68
SKU013,2024-10-07,75
SKU013,2024-10-14,80
SKU013,2024-10-21,64
SKU013,2024-10-28,93
SKU013,2024-11-04,72
SKU013,2024-11-11,96
SKU013,2024-11-18,101
SKU013,2024-11-25,81
SKU013,2024-12-02,95
SKU013,2024-12-09,94
SKU013,2024-12-16,84
SKU013,2024-12-23,83
SKU013,2024-12-30,82
SKU013,2025-01-06,93
SKU013,2025-01-13,98
SKU013,2025-01-20,87
SKU013,2025-01-27,91
SKU013,2025-02-03,97
SKU013,2025-02-10,97
SKU013,2025-02-17,100
SKU013,2025-02-24,105
SKU013,2025-03-03,110
SKU013,2025-03-10,110
SKU013,2025-03-17,115
SKU013,2025-03-24,127
SKU013,2025-03-31,111
SKU013,2025-04-07,105
SKU013,2025-04-14,114
SKU013,2025-04-21,110
SKU013,2025-04-28,109
SKU013,2025-05-05,139
SKU013,2025-05-12,106
SKU013,2025-05-19,90
SKU013,2025-05-26,117
SKU013,2025-06-02,99
SKU013,2025-06-09,115
SKU013,2025-06-16,118
SKU013,2025-06-23,128
SKU013,2025-06-30,101
SKU013,2025-07-07,109
SKU013,2025-07-14,87
SKU013,2025-07-21,87
SKU013,2025-07-28,85
SKU013,2025-08-04,82
SKU013,2025-08-11,106
SKU013,2025-08-18,96
SKU013,2025-08-25,84
SKU013,2025-09-01,99
SKU013,2025-09-08,105
SKU013,2025-09-15,82
SKU013,2025-09-22,82
SKU013,2025-09-29,96
SKU013,2025-10-06,87
SKU013,2025-10-13,61
SKU013,2025-10-20,69
SKU013,2025-10-27,79
SKU013,2025-11-03,84
SKU013,2025-11-10,89
SKU013,2025-11-17,80
SKU013,2025-11-24,95
SKU013,2025-12-01,78
SKU013,2025-12-08,107
SKU013,2025-12-15,96
SKU013,2025-12-22,71
SKU014,2024-01-01,155
SKU014,2024-01-08,152
SKU014,2024-01-15,145
SKU014,2024-01-22,132
SKU014,2024-01-29,138
SKU014,2024-02-05,165
SKU014,2024-02-12,169
SKU014,2024-02-19,147
SKU014,2024-02-26,188
SKU014,2024-03-04,185
SKU014,2024-03-11,194
SKU014,2024-03-18,193
SKU014,2024-03-25,193
SKU014,2024-04-01,174
SKU014,2024-04-08,186
SKU014,2024-04-15,198
SKU014,2024-04-22,151
SKU014,2024-04-29,170
SKU014,2024-05-06,163
SKU014,2024-05-13,146
SKU014,2024-05-20,168
SKU014,2024-05-27,199
SKU014,2024-06-03,174
SKU014,2024-06-10,175
SKU014,2024-06-17,176
SKU014,2024-06-24,184
SKU014,2024-07-01,137
SKU014,2024-07-08,158
SKU014,2024-07-15,151
SKU014,2024-07-22,154
SKU014,2024-07-29,132
SKU014,2024-08-05,144
SKU014,2024-08-12,123
SKU014,2024-08-19,129
SKU014,2024-08-26,135
SKU014,2024-09-02,146
SKU014,2024-09-09,145
SKU014,2024-09-16,137
SKU014,2024-09-23,151
SKU014,2024-09-30,97
SKU014,2024-10-07,126
SKU014,2024-10-14,123
SKU014,2024-10-21,128
SKU014,2024-10-28,132
SKU014,2024-11-04,130
SKU014,2024-11-11,124
SKU014,2024-11-18,152
SKU014,2024-11-25,142
SKU014,2024-12-02,128
SKU014,2024-12-09,135
SKU014,2024-12-16,141
SKU014,2024-12-23,135
SKU014,2024-12-30,131
SKU014,2025-01-06,131
SKU014,2025-01-13,144
SKU014,2025-01-20,181
SKU014,2025-01-27,126
SKU014,2025-02-03,167
SKU014,2025-02-10,188
SKU014,2025-02-17,155
SKU014,2025-02-24,180
SKU014,2025-03-03,182
SKU014,2025-03-10,207
SKU014,2025-03-17,187
SKU014,2025-03-24,173
SKU014,2025-03-31,163
SKU014,2025-04-07,182
SKU014,2025-04-14,176
SKU014,2025-04-21,177
SKU014,2025-04-28,156
SKU014,2025-05-05,156
SKU014,2025-05-12,151
SKU014,2025-05-19,164
SKU014,2025-05-26,164
SKU014,2025-06-02,202
SKU014,2025-06-09,163
SKU014,2025-06-16,159
SKU014,2025-06-23,191
SKU014,2025-06-30,134
SKU014,2025-07-07,126
SKU014,2025-07-14,139
SKU014,2025-07-21,148
SKU014,2025-07-28,141
SKU014,2025-08-04,121
SKU014,2025-08-11,123
SKU014,2025-08-18,131
SKU014,2025-08-25,157
SKU014,2025-09-01,127
SKU014,2025-09-08,151
SKU014,2025-09-15,140
SKU014,2025-09-22,132
SKU014,2025-09-29,123
SKU014,2025-10-06,122
SKU014,2025-10-13,120
SKU014,2025-10-20,133
SKU014,2025-10-27,127
SKU014,2025-11-03,117
SKU014,2025-11-10,130
SKU014,2025-11-17,130
SKU014,2025-11-24,151
SKU014,2025-12-01,124
SKU014,2025-12-08,137
SKU014,2025-12-15,116
SKU014,2025-12-22,122
SKU015,2024-01-01,35
SKU015,2024-01-08,27
SKU015,2024-01-15,30
SKU015,2024-01-22,27
SKU015,2024-01-29,35
SKU015,2024-02-05,46
SKU015,2024-02-12,29
SKU015,2024-02-19,35
SKU015,2024-02-26,26
SKU015,2024-03-04,43
SKU015,2024-03-11,42
SKU015,2024-03-18,41
SKU015,2024-03-25,34
SKU015,2024-04-01,29
SKU015,2024-04-08,37
SKU015,2024-04-15,26
SKU015,2024-04-22,35
SKU015,2024-04-29,30
SKU015,2024-05-06,26
SKU015,2024-05-13,31
SKU015,2024-05-20,36
SKU015,2024-05-27,32
SKU015,2024-06-03,41
SKU015,2024-06-10,36
SKU015,2024-06-17,29
SKU015,2024-06-24,29
SKU015,2024-07-01,27
SKU015,2024-07-08,30
SKU015,2024-07-15,31
SKU015,2024-07-22,26
SKU015,2024-07-29,24
SKU015,2024-08-05,22
SKU015,2024-08-12,24
SKU015,2024-08-19,25
SKU015,2024-08-26,28
SKU015,2024-09-02,25
SKU015,2024-09-09,26
SKU015,2024-09-16,21
SKU015,2024-09-23,20
SKU015,2024-09-30,34
SKU015,2024-10-07,29
SKU015,2024-10-14,22
SKU015,2024-10-21,24
SKU015,2024-10-28,25
SKU015,2024-11-04,25
SKU015,2024-11-11,19
SKU015,2024-11-18,34
SKU015,2024-11-25,22
SKU015,2024-12-02,29
SKU015,2024-12-09,21
SKU015,2024-12-16,26
SKU015,2024-12-23,32
SKU015,2024-12-30,31
SKU015,2025-01-06,25
SKU015,2025-01-13,27
SKU015,2025-01-20,32
SKU015,2025-01-27,29
SKU015,2025-02-03,31
SKU015,2025-02-10,37
SKU015,2025-02-17,30
SKU015,2025-02-24,36
SKU015,2025-03-03,37
SKU015,2025-03-10,38
SKU015,2025-03-17,22
SKU015,2025-03-24,30
SKU015,2025-03-31,40
SKU015,2025-04-07,38
SKU015,2025-04-14,36
SKU015,2025-04-21,33
SKU015,2025-04-28,31
SKU015,2025-05-05,40
SKU015,2025-05-12,33
SKU015,2025-05-19,27
SKU015,2025-05-26,36
SKU015,2025-06-02,30
SKU015,2025-06-09,23
SKU015,2025-06-16,32
SKU015,2025-06-23,25
SKU015,2025-06-30,22
SKU015,2025-07-07,23
SKU015,2025-07-14,29
SKU015,2025-07-21,27
SKU015,2025-07-28,25
SKU015,2025-08-04,23
SKU015,2025-08-11,27
SKU015,2025-08-18,26
SKU015,2025-08-25,28
SKU015,2025-09-01,28
SKU015,2025-09-08,24
SKU015,2025-09-15,23
SKU015,2025-09-22,28
SKU015,2025-09-29,19
SKU015,2025-10-06,16
SKU015,2025-10-13,21
SKU015,2025-10-20,21
SKU015,2025-10-27,17
SKU015,2025-11-03,13
SKU015,2025-11-10,24
SKU015,2025-11-17,24
SKU015,2025-11-24,31
SKU015,2025-12-01,22
SKU015,2025-12-08,31
SKU015,2025-12-15,21
SKU015,2025-12-22,27
SKU016,2024-01-01,81
SKU016,2024-01-08,104
SKU016,2024-01-15,88
SKU016,2024-01-22,103
SKU016,2024-01-29,96
SKU016,2024-02-05,96
SKU016,2024-02-12,101
SKU016,2024-02-19,97
SKU016,2024-02-26,115
SKU016,2024-03-04,110
SKU016,2024-03-11,133
SKU016,2024-03-18,122
SKU016,2024-03-25,98
SKU016,2024-04-01,109
SKU016,2024-04-08,98
SKU016,2024-04-15,125
SKU016,2024-04-22,116
SKU016,2024-04-29,93
SKU016,2024-05-06,95
SKU016,2024-05-13,129
SKU016,2024-05-20,122
SKU016,2024-05-27,108
SKU016,2024-06-03,110
SKU016,2024-06-10,107
SKU016,2024-06-17,106
SKU016,2024-06-24,108
SKU016,2024-07-01,93
SKU016,2024-07-08,99
SKU016,2024-07-15,78
SKU016,2024-07-22,92
SKU016,2024-07-29,90
SKU016,2024-08-05,82
SKU016,2024-08-12,96
SKU016,2024-08-19,78
SKU016,2024-08-26,98
SKU016,2024-09-02,94
SKU016,2024-09-09,77
SKU016,2024-09-16,90
SKU016,2024-09-23,89
SKU016,2024-09-30,71
SKU016,2024-10-07,85
SKU016,2024-10-14,84
SKU016,2024-10-21,82
SKU016,2024-10-28,98
SKU016,2024-11-04,84
SKU016,2024-11-11,104
SKU016,2024-11-18,94
SKU016,2024-11-25,97
SKU016,2024-12-02,83
SKU016,2024-12-09,71
SKU016,2024-12-16,82
SKU016,2024-12-23,75
SKU016,2024-12-30,92
SKU016,2025-01-06,97
SKU016,2025-01-13,76
SKU016,2025-01-20,100
SKU016,2025-01-27,95
SKU016,2025-02-03,112
SKU016,2025-02-10,93
SKU016,2025-02-17,97
SKU016,2025-02-24,135
SKU016,2025-03-03,103
SKU016,2025-03-10,115
SKU016,2025-03-17,113
SKU016,2025-03-24,146
SKU016,2025-03-31,116
SKU016,2025-04-07,124
SKU016,2025-04-14,98
SKU016,2025-04-21,102
SKU016,2025-04-28,111
SKU016,2025-05-05,114
SKU016,2025-05-12,126
SKU016,2025-05-19,107
SKU016,2025-05-26,116
SKU016,2025-06-02,111
SKU016,2025-06-09,112
SKU016,2025-06-16,112
SKU016,2025-06-23,116
SKU016,2025-06-30,101
SKU016,2025-07-07,103
SKU016,2025-07-14,104
SKU016,2025-07-21,97
SKU016,2025-07-28,85
SKU016,2025-08-04,93
SKU016,2025-08-11,85
SKU016,2025-08-18,90
SKU016,2025-08-25,85
SKU016,2025-09-01,66
SKU016,2025-09-08,78
SKU016,2025-09-15,76
SKU016,2025-09-22,78
SKU016,2025-09-29,72
SKU016,2025-10-06,84
SKU016,2025-10-13,86
SKU016,2025-10-20,73
SKU016,2025-10-27,109
SKU016,2025-11-03,92
SKU016,2025-11-10,95
SKU016,2025-11-17,75
SKU016,2025-11-24,71
SKU016,2025-12-01,77
SKU016,2025-12-08,78
SKU016,2025-12-15,74
SKU016,2025-12-22,104
SKU017,2024-01-01,84
SKU017,2024-01-08,84
SKU017,2024-01-15,88
SKU017,2024-01-22,94
SKU017,2024-01-29,89
SKU017,2024-02-05,96
SKU017,2024-02-12,99
SKU017,2024-02-19,80
SKU017,2024-02-26,121
SKU017,2024-03-04,130
SKU017,2024-03-11,115
SKU017,2024-03-18,109
SKU017,2024-03-25,114
SKU017,2024-04-01,125
SKU017,2024-04-08,130
SKU017,2024-04-15,108
SKU017,2024-04-22,126
SKU017,2024-04-29,129
SKU017,2024-05-06,109
SKU017,2024-05-13,109
SKU017,2024-05-20,122
SKU017,2024-05-27,118
SKU017,2024-06-03,121
SKU017,2024-06-10,110
SKU017,2024-06-17,102
SKU017,2024-06-24,125
SKU017,2024-07-01,112
SKU017,2024-07-08,109
SKU017,2024-07-15,106
SKU017,2024-07-22,104
SKU017,2024-07-29,98
SKU017,2024-08-05,100
SKU017,2024-08-12,94
SKU017,2024-08-19,95
SKU017,2024-08-26,85
SKU017,2024-09-02,98
SKU017,2024-09-09,88
SKU017,2024-09-16,88
SKU017,2024-09-23,101
SKU017,2024-09-30,60
SKU017,2024-10-07,67
SKU017,2024-10-14,100
SKU017,2024-10-21,82
SKU017,2024-10-28,90
SKU017,2024-11-04,95
SKU017,2024-11-11,86
SKU017,2024-11-18,97
SKU017,2024-11-25,82
SKU017,2024-12-02,81
SKU017,2024-12-09,88
SKU017,2024-12-16,80
SKU017,2024-12-23,94
SKU017,2024-12-30,85
SKU017,2025-01-06,97
SKU017,2025-01-13,106
SKU017,2025-01-20,89
SKU017,2025-01-27,89
SKU017,2025-02-03,112
SKU017,2025-02-10,97
SKU017,2025-02-17,107
SKU017,2025-02-24,127
SKU017,2025-03-03,104
SKU017,2025-03-10,129
SKU017,2025-03-17,124
SKU017,2025-03-24,135
SKU017,2025-03-31,114
SKU017,2025-04-07,115
SKU017,2025-04-14,115
SKU017,2025-04-21,138
SKU017,2025-04-28,95
SKU017,2025-05-05,102
SKU017,2025-05-12,109
SKU017,2025-05-19,114
SKU017,2025-05-26,109
SKU017,2025-06-02,111
SKU017,2025-06-09,113
SKU017,2025-06-16,114
SKU017,2025-06-23,133
SKU017,2025-06-30,105
SKU017,2025-07-07,97
SKU017,2025-07-14,98
SKU017,2025-07-21,83
SKU017,2025-07-28,82
SKU017,2025-08-04,76
SKU017,2025-08-11,85
SKU017,2025-08-18,85
SKU017,2025-08-25,78
SKU017,2025-09-01,71
SKU017,2025-09-08,77
SKU017,2025-09-15,83
SKU017,2025-09-22,90
SKU017,2025-09-29,75
SKU017,2025-10-06,76
SKU017,2025-10-13,84
SKU017,2025-10-20,61
SKU017,2025-10-27,83
SKU017,2025-11-03,103
SKU017,2025-11-10,88
SKU017,2025-11-17,87
SKU017,2025-11-24,90
SKU017,2025-12-01,105
SKU017,2025-12-08,96
SKU017,2025-12-15,81
SKU017,2025-12-22,98
SKU018,2024-01-01,176
SKU018,2024-01-08,175
SKU018,2024-01-15,153
SKU018,2024-01-22,188
SKU018,2024-01-29,162
SKU018,2024-02-05,171
SKU018,2024-02-12,178
SKU018,2024-02-19,205
SKU018,2024-02-26,195
SKU018,2024-03-04,206
SKU018,2024-03-11,223
SKU018,2024-03-18,227
SKU018,2024-03-25,221
SKU018,2024-04-01,197
SKU018,2024-04-08,190
SKU018,2024-04-15,209
SKU018,2024-04-22,209
SKU018,2024-04-29,204
SKU018,2024-05-06,220
SKU018,2024-05-13,203
SKU018,2024-05-20,185
SKU018,2024-05-27,199
SKU018,2024-06-03,194
SKU018,2024-06-10,191
SKU018,2024-06-17,198
SKU018,2024-06-24,197
SKU018,2024-07-01,163
SKU018,2024-07-08,181
SKU018,2024-07-15,169
SKU018,2024-07-22,158
SKU018,2024-07-29,172
SKU018,2024-08-05,164
SKU018,2024-08-12,167
SKU018,2024-08-19,169
SKU018,2024-08-26,171
SKU018,2024-09-02,158
SKU018,2024-09-09,158
SKU018,2024-09-16,163
SKU018,2024-09-23,169
SKU018,2024-09-30,134
SKU018,2024-10-07,153
SKU018,2024-10-14,140
SKU018,2024-10-21,159
SKU018,2024-10-28,170
SKU018,2024-11-04,162
SKU018,2024-11-11,150
SKU018,2024-11-18,153
SKU018,2024-11-25,143
SKU018,2024-12-02,182
SKU018,2024-12-09,150
SKU018,2024-12-16,172
SKU018,2024-12-23,154
SKU018,2024-12-30,181
SKU018,2025-01-06,172
SKU018,2025-01-13,164
SKU018,2025-01-20,163
SKU018,2025-01-27,178
SKU018,2025-02-03,175
SKU018,2025-02-10,186
SKU018,2025-02-17,194
SKU018,2025-02-24,211
SKU018,2025-03-03,206
SKU018,2025-03-10,214
SKU018,2025-03-17,219
SKU018,2025-03-24,196
SKU018,2025-03-31,207
SKU018,2025-04-07,197
SKU018,2025-04-14,212
SKU018,2025-04-21,210
SKU018,2025-04-28,220
SKU018,2025-05-05,220
SKU018,2025-05-12,207
SKU018,2025-05-19,201
SKU018,2025-05-26,192
SKU018,2025-06-02,203
SKU018,2025-06-09,201
SKU018,2025-06-16,212
SKU018,2025-06-23,194
SKU018,2025-06-30,164
SKU018,2025-07-07,156
SKU018,2025-07-14,167
SKU018,2025-07-21,159
SKU018,2025-07-28,179
SKU018,2025-08-04,139
SKU018,2025-08-11,146
SKU018,2025-08-18,151
SKU018,2025-08-25,161
SKU018,2025-09-01,150
SKU018,2025-09-08,155
SKU018,2025-09-15,148
SKU018,2025-09-22,146
SKU018,2025-09-29,138
SKU018,2025-10-06,154
SKU018,2025-10-13,141
SKU018,2025-10-20,135
SKU018,2025-10-27,166
SKU018,2025-11-03,157
SKU018,2025-11-10,142
SKU018,2025-11-17,150
SKU018,2025-11-24,152
SKU018,2025-12-01,158
SKU018,2025-12-08,162
SKU018,2025-12-15,160
SKU018,2025-12-22,161
SKU019,2024-01-01,101
SKU019,2024-01-08,115
SKU019,2024-01-15,103
SKU019,2024-01-22,107
SKU019,2024-01-29,136
SKU019,2024-02-05,119
SKU019,2024-02-12,117
SKU019,2024-02-19,117
SKU019,2024-02-26,132
SKU019,2024-03-04,132
SKU019,2024-03-11,137
SKU019,2024-03-18,136
SKU019,2024-03-25,135
SKU019,2024-04-01,151
SKU019,2024-04-08,135
SKU019,2024-04-15,132
SKU019,2024-04-22,139
SKU019,2024-04-29,134
SKU019,2024-05-06,141
SKU019,2024-05-13,151
SKU019,2024-05-20,131
SKU019,2024-05-27,147
SKU019,2024-06-03,122
SKU019,2024-06-10,137
SKU019,2024-06-17,110
SKU019,2024-06-24,117
SKU019,2024-07-01,113
SKU019,2024-07-08,115
SKU019,2024-07-15,101
SKU019,2024-07-22,108
SKU019,2024-07-29,115
SKU019,2024-08-05,89
SKU019,2024-08-12,93
SKU019,2024-08-19,104
SKU019,2024-08-26,102
SKU019,2024-09-02,104
SKU019,2024-09-09,108
SKU019,2024-09-16,80
SKU019,2024-09-23,97
SKU019,2024-09-30,81
SKU019,2024-10-07,93
SKU019,2024-10-14,85
SKU019,2024-10-21,86
SKU019,2024-10-28,98
SKU019,2024-11-04,95
SKU019,2024-11-11,112
SKU019,2024-11-18,113
SKU019,2024-11-25,110
SKU019,2024-12-02,120
SKU019,2024-12-09,97
SKU019,2024-12-16,106
SKU019,2024-12-23,86
SKU019,2024-12-30,100
SKU019,2025-01-06,114
SKU019,2025-01-13,113
SKU019,2025-01-20,115
SKU019,2025-01-27,109
SKU019,2025-02-03,95
SKU019,2025-02-10,111
SKU019,2025-02-17,132
SKU019,2025-02-24,140
SKU019,2025-03-03,143
SKU019,2025-03-10,135
SKU019,2025-03-17,127
SKU019,2025-03-24,130
SKU019,2025-03-31,132
SKU019,2025-04-07,144
SKU019,2025-04-14,135
SKU019,2025-04-21,117
SKU019,2025-04-28,127
SKU019,2025-05-05,122
SKU019,2025-05-12,112
SKU019,2025-05-19,131
SKU019,2025-05-26,130
SKU019,2025-06-02,148
SKU019,2025-06-09,115
SKU019,2025-06-16,136
SKU019,2025-06-23,129
SKU019,2025-06-30,94
SKU019,2025-07-07,100
SKU019,2025-07-14,111
SKU019,2025-07-21,90
SKU019,2025-07-28,116
SKU019,2025-08-04,104
SKU019,2025-08-11,106
SKU019,2025-08-18,109
SKU019,2025-08-25,93
SKU019,2025-09-01,103
SKU019,2025-09-08,76
SKU019,2025-09-15,100
SKU019,2025-09-22,105
SKU019,2025-09-29,83
SKU019,2025-10-06,92
SKU019,2025-10-13,96
SKU019,2025-10-20,84
SKU019,2025-10-27,91
SKU019,2025-11-03,103
SKU019,2025-11-10,112
SKU019,2025-11-17,110
SKU019,2025-11-24,88
SKU019,2025-12-01,103
SKU019,2025-12-08,96
SKU019,2025-12-15,107
SKU019,2025-12-22,104
SKU020,2024-01-01,92
SKU020,2024-01-08,102
SKU020,2024-01-15,100
SKU020,2024-01-22,92
SKU020,2024-01-29,94
SKU020,2024-02-05,118
SKU020,2024-02-12,114
SKU020,2024-02-19,108
SKU020,2024-02-26,117
SKU020,2024-03-04,120
SKU020,2024-03-11,123
SKU020,2024-03-18,119
SKU020,2024-03-25,104
SKU020,2024-04-01,97
SKU020,2024-04-08,105
SKU020,2024-04-15,122
SKU020,2024-04-22,97
SKU020,2024-04-29,90
SKU020,2024-05-06,100
SKU020,2024-05-13,110
SKU020,2024-05-20,120
SKU020,2024-05-27,117
SKU020,2024-06-03,104
SKU020,2024-06-10,127
SKU020,2024-06-17,122
SKU020,2024-06-24,113
SKU020,2024-07-01,94
SKU020,2024-07-08,96
SKU020,2024-07-15,112
SKU020,2024-07-22,97
SKU020,2024-07-29,102
SKU020,2024-08-05,88
SKU020,2024-08-12,96
SKU020,2024-08-19,95
SKU020,2024-08-26,102
SKU020,2024-09-02,84
SKU020,2024-09-09,69
SKU020,2024-09-16,83
SKU020,2024-09-23,80
SKU020,2024-09-30,77
SKU020,2024-10-07,83
SKU020,2024-10-14,92
SKU020,2024-10-21,83
SKU020,2024-10-28,71
SKU020,2024-11-04,81
SKU020,2024-11-11,87
SKU020,2024-11-18,69
SKU020,2024-11-25,84
SKU020,2024-12-02,88
SKU020,2024-12-09,80
SKU020,2024-12-16,81
SKU020,2024-12-23,87
SKU020,2024-12-30,93
SKU020,2025-01-06,83
SKU020,2025-01-13,95
SKU020,2025-01-20,100
SKU020,2025-01-27,79
SKU020,2025-02-03,93
SKU020,2025-02-10,105
SKU020,2025-02-17,97
SKU020,2025-02-24,95
SKU020,2025-03-03,119
SKU020,2025-03-10,105
SKU020,2025-03-17,101
SKU020,2025-03-24,111
SKU020,2025-03-31,132
SKU020,2025-04-07,107
SKU020,2025-04-14,117
SKU020,2025-04-21,111
SKU020,2025-04-28,107
SKU020,2025-05-05,115
SKU020,2025-05-12,110
SKU020,2025-05-19,105
SKU020,2025-05-26,112
SKU020,2025-06-02,111
SKU020,2025-06-09,89
SKU020,2025-06-16,116
SKU020,2025-06-23,104
SKU020,2025-06-30,104
SKU020,2025-07-07,89
SKU020,2025-07-14,97
SKU020,2025-07-21,96
SKU020,2025-07-28,69
SKU020,2025-08-04,94
SKU020,2025-08-11,87
SKU020,2025-08-18,99
SKU020,2025-08-25,74
SKU020,2025-09-01,97
SKU020,2025-09-08,91
SKU020,2025-09-15,79
SKU020,2025-09-22,86
SKU020,2025-09-29,75
SKU020,2025-10-06,107
SKU020,2025-10-13,74
SKU020,2025-10-20,88
SKU020,2025-10-27,101
SKU020,2025-11-03,78
SKU020,2025-11-10,92
SKU020,2025-11-17,81
SKU020,2025-11-24,97
SKU020,2025-12-01,85
SKU020,2025-12-08,82
SKU020,2025-12-15,74
SKU020,2025-12-22,99
SKU021,2024-01-01,50
SKU021,2024-01-08,65
SKU021,2024-01-15,51
SKU021,2024-01-22,50
SKU021,2024-01-29,71
SKU021,2024-02-05,54
SKU021,2024-02-12,67
SKU021,2024-02-19,71
SKU021,2024-02-26,68
SKU021,2024-03-04,79
SKU021,2024-03-11,77
SKU021,2024-03-18,59
SKU021,2024-03-25,65
SKU021,2024-04-01,54
SKU021,2024-04-08,62
SKU021,2024-04-15,80
SKU021,2024-04-22,74
SKU021,2024-04-29,79
SKU021,2024-05-06,67
SKU021,2024-05-13,70
SKU021,2024-05-20,61
SKU021,2024-05-27,73
SKU021,2024-06-03,59
SKU021,2024-06-10,76
SKU021,2024-06-17,56
SKU021,2024-06-24,56
SKU021,2024-07-01,60
SKU021,2024-07-08,53
SKU021,2024-07-15,63
SKU021,2024-07-22,55
SKU021,2024-07-29,55
SKU021,2024-08-05,52
SKU021,2024-08-12,68
SKU021,2024-08-19,59
SKU021,2024-08-26,53
SKU021,2024-09-02,52
SKU021,2024-09-09,55
SKU021,2024-09-16,48
SKU021,2024-09-23,61
SKU021,2024-09-30,50
SKU021,2024-10-07,39
SKU021,2024-10-14,43
SKU021,2024-10-21,55
SKU021,2024-10-28,58
SKU021,2024-11-04,58
SKU021,2024-11-11,63
SKU021,2024-11-18,54
SKU021,2024-11-25,37
SKU021,2024-12-02,55
SKU021,2024-12-09,63
SKU021,2024-12-16,50
SKU021,2024-12-23,54
SKU021,2024-12-30,48
SKU021,2025-01-06,63
SKU021,2025-01-13,60
SKU021,2025-01-20,57
SKU021,2025-01-27,73
SKU021,2025-02-03,63
SKU021,2025-02-10,73
SKU021,2025-02-17,63
SKU021,2025-02-24,78
SKU021,2025-03-03,59
SKU021,2025-03-10,64
SKU021,2025-03-17,75
SKU021,2025-03-24,76
SKU021,2025-03-31,68
SKU021,2025-04-07,50
SKU021,2025-04-14,66
SKU021,2025-04-21,61
SKU021,2025-04-28,66
SKU021,2025-05-05,79
SKU021,2025-05-12,72
SKU021,2025-05-19,70
SKU021,2025-05-26,71
SKU021,2025-06-02,77
SKU021,2025-06-09,79
SKU021,2025-06-16,67
SKU021,2025-06-23,69
SKU021,2025-06-30,57
SKU021,2025-07-07,68
SKU021,2025-07-14,58
SKU021,2025-07-21,62
SKU021,2025-07-28,54
SKU021,2025-08-04,60
SKU021,2025-08-11,54
SKU021,2025-08-18,60
SKU021,2025-08-25,43
SKU021,2025-09-01,47
SKU021,2025-09-08,55
SKU021,2025-09-15,55
SKU021,2025-09-22,53
SKU021,2025-09-29,35
SKU021,2025-10-06,48
SKU021,2025-10-13,65
SKU021,2025-10-20,44
SKU021,2025-10-27,58
SKU021,2025-11-03,46
SKU021,2025-11-10,45
SKU021,2025-11-17,43
SKU021,2025-11-24,47
SKU021,2025-12-01,52
SKU021,2025-12-08,59
SKU021,2025-12-15,47
SKU021,2025-12-22,50
SKU022,2024-01-01,64
SKU022,2024-01-08,72
SKU022,2024-01-15,74
SKU022,2024-01-22,74
SKU022,2024-01-29,57
SKU022,2024-02-05,87
SKU022,2024-02-12,80
SKU022,2024-02-19,69
SKU022,2024-02-26,96
SKU022,2024-03-04,73
SKU022,2024-03-11,97
SKU022,2024-03-18,75
SKU022,2024-03-25,93
SKU022,2024-04-01,82
SKU022,2024-04-08,100
SKU022,2024-04-15,73
SKU022,2024-04-22,96
SKU022,2024-04-29,87
SKU022,2024-05-06,83
SKU022,2024-05-13,84
SKU022,2024-05-20,82
SKU022,2024-05-27,78
SKU022,2024-06-03,63
SKU022,2024-06-10,91
SKU022,2024-06-17,94
SKU022,2024-06-24,76
SKU022,2024-07-01,58
SKU022,2024-07-08,74
SKU022,2024-07-15,68
SKU022,2024-07-22,70
SKU022,2024-07-29,59
SKU022,2024-08-05,64
SKU022,2024-08-12,56
SKU022,2024-08-19,68
SKU022,2024-08-26,66
SKU022,2024-09-02,64
SKU022,2024-09-09,59
SKU022,2024-09-16,66
SKU022,2024-09-23,72
SKU022,2024-09-30,53
SKU022,2024-10-07,55
SKU022,2024-10-14,52
SKU022,2024-10-21,47
SKU022,2024-10-28,56
SKU022,2024-11-04,54
SKU022,2024-11-11,69
SKU022,2024-11-18,64
SKU022,2024-11-25,61
SKU022,2024-12-02,62
SKU022,2024-12-09,70
SKU022,2024-12-16,46
SKU022,2024-12-23,59
SKU022,2024-12-30,77
SKU022,2025-01-06,77
SKU022,2025-01-13,69
SKU022,2025-01-20,79
SKU022,2025-01-27,75
SKU022,2025-02-03,75
SKU022,2025-02-10,86
SKU022,2025-02-17,88
SKU022,2025-02-24,76
SKU022,2025-03-03,78
SKU022,2025-03-10,82
SKU022,2025-03-17,84
SKU022,2025-03-24,87
SKU022,2025-03-31,61
SKU022,2025-04-07,67
SKU022,2025-04-14,77
SKU022,2025-04-21,81
SKU022,2025-04-28,85
SKU022,2025-05-05,69
SKU022,2025-05-12,80
SKU022,2025-05-19,93
SKU022,2025-05-26,90
SKU022,2025-06-02,89
SKU022,2025-06-09,90
SKU022,2025-06-16,86
SKU022,2025-06-23,83
SKU022,2025-06-30,70
SKU022,2025-07-07,58
SKU022,2025-07-14,82
SKU022,2025-07-21,64
SKU022,2025-07-28,70
SKU022,2025-08-04,64
SKU022,2025-08-11,64
SKU022,2025-08-18,69
SKU022,2025-08-25,49
SKU022,2025-09-01,55
SKU022,2025-09-08,67
SKU022,2025-09-15,60
SKU022,2025-09-22,61
SKU022,2025-09-29,50
SKU022,2025-10-06,54
SKU022,2025-10-13,58
SKU022,2025-10-20,51
SKU022,2025-10-27,62
SKU022,2025-11-03,44
SKU022,2025-11-10,78
SKU022,2025-11-17,53
SKU022,2025-11-24,69
SKU022,2025-12-01,70
SKU022,2025-12-08,60
SKU022,2025-12-15,62
SKU022,2025-12-22,84
SKU023,2024-01-01,100
SKU023,2024-01-08,83
SKU023,2024-01-15,97
SKU023,2024-01-22,100
SKU023,2024-01-29,126
SKU023,2024-02-05,126
SKU023,2024-02-12,109
SKU023,2024-02-19,99
SKU023,2024-02-26,114
SKU023,2024-03-04,136
SKU023,2024-03-11,137
SKU023,2024-03-18,99
SKU023,2024-03-25,117
SKU023,2024-04-01,122
SKU023,2024-04-08,132
SKU023,2024-04-15,118
SKU023,2024-04-22,102
SKU023,2024-04-29,102
SKU023,2024-05-06,120
SKU023,2024-05-13,129
SKU023,2024-05-20,101
SKU023,2024-05-27,123
SKU023,2024-06-03,116
SKU023,2024-06-10,114
SKU023,2024-06-17,124
SKU023,2024-06-24,118
SKU023,2024-07-01,109
SKU023,2024-07-08,88
SKU023,2024-07-15,102
SKU023,2024-07-22,109
SKU023,2024-07-29,105
SKU023,2024-08-05,105
SKU023,2024-08-12,82
SKU023,2024-08-19,99
SKU023,2024-08-26,85
SKU023,2024-09-02,88
SKU023,2024-09-09,87
SKU023,2024-09-16,85
SKU023,2024-09-23,89
SKU023,2024-09-30,76
SKU023,2024-10-07,67
SKU023,2024-10-14,74
SKU023,2024-10-21,84
SKU023,2024-10-28,86
SKU023,2024-11-04,85
SKU023,2024-11-11,94
SKU023,2024-11-18,98
SKU023,2024-11-25,111
SKU023,2024-12-02,104
SKU023,2024-12-09,80
SKU023,2024-12-16,90
SKU023,2024-12-23,99
SKU023,2024-12-30,117
SKU023,2025-01-06,114
SKU023,2025-01-13,92
SKU023,2025-01-20,83
SKU023,2025-01-27,106
SKU023,2025-02-03,98
SKU023,2025-02-10,113
SKU023,2025-02-17,115
SKU023,2025-02-24,119
SKU023,2025-03-03,125
SKU023,2025-03-10,131
SKU023,2025-03-17,127
SKU023,2025-03-24,141
SKU023,2025-03-31,121
SKU023,2025-04-07,127
SKU023,2025-04-14,120
SKU023,2025-04-21,128
SKU023,2025-04-28,107
SKU023,2025-05-05,133
SKU023,2025-05-12,111
SKU023,2025-05-19,118
SKU023,2025-05-26,112
SKU023,2025-06-02,122
SKU023,2025-06-09,117
SKU023,2025-06-16,133
SKU023,2025-06-23,130
SKU023,2025-06-30,105
SKU023,2025-07-07,100
SKU023,2025-07-14,91
SKU023,2025-07-21,107
SKU023,2025-07-28,102
SKU023,2025-08-04,107
SKU023,2025-08-11,102
SKU023,2025-08-18,95
SKU023,2025-08-25,82
SKU023,2025-09-01,76
SKU023,2025-09-08,53
SKU023,2025-09-15,111
SKU023,2025-09-22,90
SKU023,2025-09-29,89
SKU023,2025-10-06,80
SKU023,2025-10-13,74
SKU023,2025-10-20,91
SKU023,2025-10-27,84
SKU023,2025-11-03,91
SKU023,2025-11-10,88
SKU023,2025-11-17,88
SKU023,2025-11-24,90
SKU023,2025-12-01,97
SKU023,2025-12-08,98
SKU023,2025-12-15,96
SKU023,2025-12-22,99
SKU024,2024-01-01,93
SKU024,2024-01-08,81
SKU024,2024-01-15,95
SKU024,2024-01-22,87
SKU024,2024-01-29,100
SKU024,2024-02-05,106
SKU024,2024-02-12,84
SKU024,2024-02-19,90
SKU024,2024-02-26,114
SKU024,2024-03-04,115
SKU024,2024-03-11,118
SKU024,2024-03-18,111
SKU024,2024-03-25,117
SKU024,2024-04-01,95
SKU024,2024-04-08,103
SKU024,2024-04-15,113
SKU024,2024-04-22,106
SKU024,2024-04-29,103
SKU024,2024-05-06,108
SKU024,2024-05-13,109
SKU024,2024-05-20,104
SKU024,2024-05-27,118
SKU024,2024-06-03,97
SKU024,2024-06-10,95
SKU024,2024-06-17,114
SKU024,2024-06-24,105
SKU024,2024-07-01,100
SKU024,2024-07-08,83
SKU024,2024-07-15,92
SKU024,2024-07-22,92
SKU024,2024-07-29,88
SKU024,2024-08-05,83
SKU024,2024-08-12,86
SKU024,2024-08-19,100
SKU024,2024-08-26,88
SKU024,2024-09-02,84
SKU024,2024-09-09,83
SKU024,2024-09-16,72
SKU024,2024-09-23,85
SKU024,2024-09-30,83
SKU024,2024-10-07,66
SKU024,2024-10-14,72
SKU024,2024-10-21,62
SKU024,2024-10-28,86
SKU024,2024-11-04,78
SKU024,2024-11-11,72
SKU024,2024-11-18,74
SKU024,2024-11-25,65
SKU024,2024-12-02,76
SKU024,2024-12-09,101
SKU024,2024-12-16,75
SKU024,2024-12-23,71
SKU024,2024-12-30,101
SKU024,2025-01-06,77
SKU024,2025-01-13,73
SKU024,2025-01-20,80
SKU024,2025-01-27,88
SKU024,2025-02-03,84
SKU024,2025-02-10,95
SKU024,2025-02-17,91
SKU024,2025-02-24,116
SKU024,2025-03-03,104
SKU024,2025-03-10,117
SKU024,2025-03-17,141
SKU024,2025-03-24,119
SKU024,2025-03-31,116
SKU024,2025-04-07,90
SKU024,2025-04-14,110
SKU024,2025-04-21,105
SKU024,2025-04-28,108
SKU024,2025-05-05,121
SKU024,2025-05-12,88
SKU024,2025-05-19,91
SKU024,2025-05-26,97
SKU024,2025-06-02,94
SKU024,2025-06-09,105
SKU024,2025-06-16,101
SKU024,2025-06-23,107
SKU024,2025-06-30,94
SKU024,2025-07-07,79
SKU024,2025-07-14,70
SKU024,2025-07-21,73
SKU024,2025-07-28,104
SKU024,2025-08-04,84
SKU024,2025-08-11,83
SKU024,2025-08-18,69
SKU024,2025-08-25,93
SKU024,2025-09-01,104
SKU024,2025-09-08,79
SKU024,2025-09-15,84
SKU024,2025-09-22,80
SKU024,2025-09-29,69
SKU024,2025-10-06,65
SKU024,2025-10-13,75
SKU024,2025-10-20,82
SKU024,2025-10-27,83
SKU024,2025-11-03,82
SKU024,2025-11-10,82
SKU024,2025-11-17,80
SKU024,2025-11-24,76
SKU024,2025-12-01,93
SKU024,2025-12-08,72
SKU024,2025-12-15,85
SKU024,2025-12-22,71
SKU025,2024-01-01,14
SKU025,2024-01-08,21
SKU025,2024-01-15,16
SKU025,2024-01-22,24
SKU025,2024-01-29,18
SKU025,2024-02-05,19
SKU025,2024-02-12,18
SKU025,2024-02-19,23
SKU025,2024-02-26,25
SKU025,2024-03-04,22
SKU025,2024-03-11,21
SKU025,2024-03-18,27
SKU025,2024-03-25,31
SKU025,2024-04-01,24
SKU025,2024-04-08,19
SKU025,2024-04-15,17
SKU025,2024-04-22,28
SKU025,2024-04-29,19
SKU025,2024-05-06,20
SKU025,2024-05-13,21
SKU025,2024-05-20,15
SKU025,2024-05-27,16
SKU025,2024-06-03,21
SKU025,2024-06-10,16
SKU025,2024-06-17,18
SKU025,2024-06-24,25
SKU025,2024-07-01,24
SKU025,2024-07-08,23
SKU025,2024-07-15,16
SKU025,2024-07-22,14
SKU025,2024-07-29,18
SKU025,2024-08-05,17
SKU025,2024-08-12,17
SKU025,2024-08-19,19
SKU025,2024-08-26,26
SKU025,2024-09-02,16
SKU025,2024-09-09,17
SKU025,2024-09-16,15
SKU025,2024-09-23,12
SKU025,2024-09-30,14
SKU025,2024-10-07,20
SKU025,2024-10-14,26
SKU025,2024-10-21,16
SKU025,2024-10-28,21
SKU025,2024-11-04,18
SKU025,2024-11-11,17
SKU025,2024-11-18,26
SKU025,2024-11-25,5
SKU025,2024-12-02,22
SKU025,2024-12-09,24
SKU025,2024-12-16,22
SKU025,2024-12-23,16
SKU025,2024-12-30,15
SKU025,2025-01-06,21
SKU025,2025-01-13,12
SKU025,2025-01-20,21
SKU025,2025-01-27,17
SKU025,2025-02-03,28
SKU025,2025-02-10,16
SKU025,2025-02-17,17
SKU025,2025-02-24,27
SKU025,2025-03-03,20
SKU025,2025-03-10,16
SKU025,2025-03-17,28
SKU025,2025-03-24,27
SKU025,2025-03-31,10
SKU025,2025-04-07,26
SKU025,2025-04-14,14
SKU025,2025-04-21,16
SKU025,2025-04-28,13
SKU025,2025-05-05,16
SKU025,2025-05-12,21
SKU025,2025-05-19,19
SKU025,2025-05-26,30
SKU025,2025-06-02,19
SKU025,2025-06-09,23
SKU025,2025-06-16,16
SKU025,2025-06-23,25
SKU025,2025-06-30,18
SKU025,2025-07-07,15
SKU025,2025-07-14,24
SKU025,2025-07-21,23
SKU025,2025-07-28,20
SKU025,2025-08-04,17
SKU025,2025-08-11,13
SKU025,2025-08-18,18
SKU025,2025-08-25,22
SKU025,2025-09-01,17
SKU025,2025-09-08,16
SKU025,2025-09-15,16
SKU025,2025-09-22,21
SKU025,2025-09-29,12
SKU025,2025-10-06,13
SKU025,2025-10-13,17
SKU025,2025-10-20,17
SKU025,2025-10-27,20
SKU025,2025-11-03,18
SKU025,2025-11-10,18
SKU025,2025-11-17,12
SKU025,2025-11-24,9
SKU025,2025-12-01,18
SKU025,2025-12-08,13
SKU025,2025-12-15,14
SKU025,2025-12-22,16
SKU026,2024-01-01,166
SKU026,2024-01-08,156
SKU026,2024-01-15,152
SKU026,2024-01-22,150
SKU026,2024-01-29,158
SKU026,2024-02-05,195
SKU026,2024-02-12,169
SKU026,2024-02-19,171
SKU026,2024-02-26,161
SKU026,2024-03-04,189
SKU026,2024-03-11,222
SKU026,2024-03-18,202
SKU026,2024-03-25,179
SKU026,2024-04-01,159
SKU026,2024-04-08,196
SKU026,2024-04-15,181
SKU026,2024-04-22,186
SKU026,2024-04-29,174
SKU026,2024-05-06,190
SKU026,2024-05-13,162
SKU026,2024-05-20,180
SKU026,2024-05-27,201
SKU026,2024-06-03,183
SKU026,2024-06-10,175
SKU026,2024-06-17,211
SKU026,2024-06-24,182
SKU026,2024-07-01,163
SKU026,2024-07-08,138
SKU026,2024-07-15,157
SKU026,2024-07-22,137
SKU026,2024-07-29,144
SKU026,2024-08-05,138
SKU026,2024-08-12,138
SKU026,2024-08-19,144
SKU026,2024-08-26,129
SKU026,2024-09-02,146
SKU026,2024-09-09,143
SKU026,2024-09-16,120
SKU026,2024-09-23,129
SKU026,2024-09-30,131
SKU026,2024-10-07,145
SKU026,2024-10-14,141
SKU026,2024-10-21,137
SKU026,2024-10-28,130
SKU026,2024-11-04,127
SKU026,2024-11-11,156
SKU026,2024-11-18,124
SKU026,2024-11-25,116
SKU026,2024-12-02,162
SKU026,2024-12-09,148
SKU026,2024-12-16,131
SKU026,2024-12-23,145
SKU026,2024-12-30,147
SKU026,2025-01-06,165
SKU026,2025-01-13,136
SKU026,2025-01-20,165
SKU026,2025-01-27,161
SKU026,2025-02-03,170
SKU026,2025-02-10,166
SKU026,2025-02-17,177
SKU026,2025-02-24,169
SKU026,2025-03-03,173
SKU026,2025-03-10,197
SKU026,2025-03-17,207
SKU026,2025-03-24,202
SKU026,2025-03-31,174
SKU026,2025-04-07,195
SKU026,2025-04-14,160
SKU026,2025-04-21,189
SKU026,2025-04-28,179
SKU026,2025-05-05,177
SKU026,2025-05-12,184
SKU026,2025-05-19,177
SKU026,2025-05-26,206
SKU026,2025-06-02,199
SKU026,2025-06-09,201
SKU026,2025-06-16,171
SKU026,2025-06-23,161
SKU026,2025-06-30,150
SKU026,2025-07-07,153
SKU026,2025-07-14,155
SKU026,2025-07-21,173
SKU026,2025-07-28,156
SKU026,2025-08-04,150
SKU026,2025-08-11,128
SKU026,2025-08-18,123
SKU026,2025-08-25,129
SKU026,2025-09-01,153
SKU026,2025-09-08,124
SKU026,2025-09-15,138
SKU026,2025-09-22,132
SKU026,2025-09-29,114
SKU026,2025-10-06,135
SKU026,2025-10-13,138
SKU026,2025-10-20,124
SKU026,2025-10-27,141
SKU026,2025-11-03,127
SKU026,2025-11-10,130
SKU026,2025-11-17,128
SKU026,2025-11-24,126
SKU026,2025-12-01,157
SKU026,2025-12-08,128
SKU026,2025-12-15,156
SKU026,2025-12-22,135
SKU027,2024-01-01,162
SKU027,2024-01-08,170
SKU027,2024-01-15,170
SKU027,2024-01-22,145
SKU027,2024-01-29,182
SKU027,2024-02-05,188
SKU027,2024-02-12,177
SKU027,2024-02-19,158
SKU027,2024-02-26,188
SKU027,2024-03-04,212
SKU027,2024-03-11,214
SKU027,2024-03-18,195
SKU027,2024-03-25,195
SKU027,2024-04-01,200
SKU027,2024-04-08,181
SKU027,2024-04-15,185
SKU027,2024-04-22,205
SKU027,2024-04-29,188
SKU027,2024-05-06,194
SKU027,2024-05-13,196
SKU027,2024-05-20,193
SKU027,2024-05-27,210
SKU027,2024-06-03,179
SKU027,2024-06-10,219
SKU027,2024-06-17,200
SKU027,2024-06-24,178
SKU027,2024-07-01,149
SKU027,2024-07-08,168
SKU027,2024-07-15,167
SKU027,2024-07-22,154
SKU027,2024-07-29,151
SKU027,2024-08-05,149
SKU027,2024-08-12,158
SKU027,2024-08-19,165
SKU027,2024-08-26,154
SKU027,2024-09-02,127
SKU027,2024-09-09,134
SKU027,2024-09-16,143
SKU027,2024-09-23,156
SKU027,2024-09-30,126
SKU027,2024-10-07,126
SKU027,2024-10-14,121
SKU027,2024-10-21,151
SKU027,2024-10-28,138
SKU027,2024-11-04,143
SKU027,2024-11-11,153
SKU027,2024-11-18,163
SKU027,2024-11-25,152
SKU027,2024-12-02,153
SKU027,2024-12-09,154
SKU027,2024-12-16,133
SKU027,2024-12-23,172
SKU027,2024-12-30,185
SKU027,2025-01-06,167
SKU027,2025-01-13,190
SKU027,2025-01-20,179
SKU027,2025-01-27,160
SKU027,2025-02-03,197
SKU027,2025-02-10,187
SKU027,2025-02-17,156
SKU027,2025-02-24,204
SKU027,2025-03-03,206
SKU027,2025-03-10,219
SKU027,2025-03-17,216
SKU027,2025-03-24,206
SKU027,2025-03-31,188
SKU027,2025-04-07,195
SKU027,2025-04-14,228
SKU027,2025-04-21,180
SKU027,2025-04-28,188
SKU027,2025-05-05,180
SKU027,2025-05-12,209
SKU027,2025-05-19,204
SKU027,2025-05-26,195
SKU027,2025-06-02,181
SKU027,2025-06-09,165
SKU027,2025-06-16,193
SKU027,2025-06-23,183
SKU027,2025-06-30,165
SKU027,2025-07-07,185
SKU027,2025-07-14,163
SKU027,2025-07-21,155
SKU027,2025-07-28,156
SKU027,2025-08-04,120
SKU027,2025-08-11,146
SKU027,2025-08-18,145
SKU027,2025-08-25,138
SKU027,2025-09-01,167
SKU027,2025-09-08,143
SKU027,2025-09-15,158
SKU027,2025-09-22,150
SKU027,2025-09-29,151
SKU027,2025-10-06,149
SKU027,2025-10-13,127
SKU027,2025-10-20,130
SKU027,2025-10-27,136
SKU027,2025-11-03,147
SKU027,2025-11-10,149
SKU027,2025-11-17,163
SKU027,2025-11-24,162
SKU027,2025-12-01,153
SKU027,2025-12-08,161
SKU027,2025-12-15,182
SKU027,2025-12-22,144
SKU028,2024-01-01,32
SKU028,2024-01-08,35
SKU028,2024-01-15,39
SKU028,2024-01-22,34
SKU028,2024-01-29,40
SKU028,2024-02-05,37
SKU028,2024-02-12,43
SKU028,2024-02-19,34
SKU028,2024-02-26,44
SKU028,2024-03-04,54
SKU028,2024-03-11,43
SKU028,2024-03-18,47
SKU028,2024-03-25,56
SKU028,2024-04-01,47
SKU028,2024-04-08,50
SKU028,2024-04-15,56
SKU028,2024-04-22,44
SKU028,2024-04-29,40
SKU028,2024-05-06,45
SKU028,2024-05-13,53
SKU028,2024-05-20,40
SKU028,2024-05-27,52
SKU028,2024-06-03,32
SKU028,2024-06-10,48
SKU028,2024-06-17,52
SKU028,2024-06-24,52
SKU028,2024-07-01,42
SKU028,2024-07-08,37
SKU028,2024-07-15,39
SKU028,2024-07-22,46
SKU028,2024-07-29,30
SKU028,2024-08-05,28
SKU028,2024-08-12,31
SKU028,2024-08-19,37
SKU028,2024-08-26,31
SKU028,2024-09-02,41
SKU028,2024-09-09,26
SKU028,2024-09-16,44
SKU028,2024-09-23,25
SKU028,2024-09-30,36
SKU028,2024-10-07,29
SKU028,2024-10-14,34
SKU028,2024-10-21,26
SKU028,2024-10-28,40
SKU028,2024-11-04,32
SKU028,2024-11-11,33
SKU028,2024-11-18,30
SKU028,2024-11-25,41
SKU028,2024-12-02,36
SKU028,2024-12-09,48
SKU028,2024-12-16,45
SKU028,2024-12-23,37
SKU028,2024-12-30,47
SKU028,2025-01-06,41
SKU028,2025-01-13,43
SKU028,2025-01-20,42
SKU028,2025-01-27,38
SKU028,2025-02-03,44
SKU028,2025-02-10,37
SKU028,2025-02-17,32
SKU028,2025-02-24,41
SKU028,2025-03-03,52
SKU028,2025-03-10,43
SKU028,2025-03-17,50
SKU028,2025-03-24,54
SKU028,2025-03-31,36
SKU028,2025-04-07,42
SKU028,2025-04-14,44
SKU028,2025-04-21,49
SKU028,2025-04-28,44
SKU028,2025-05-05,49
SKU028,2025-05-12,48
SKU028,2025-05-19,52
SKU028,2025-05-26,40
SKU028,2025-06-02,49
SKU028,2025-06-09,41
SKU028,2025-06-16,41
SKU028,2025-06-23,43
SKU028,2025-06-30,32
SKU028,2025-07-07,46
SKU028,2025-07-14,42
SKU028,2025-07-21,36
SKU028,2025-07-28,35
SKU028,2025-08-04,40
SKU028,2025-08-11,31
SKU028,2025-08-18,27
SKU028,2025-08-25,45
SKU028,2025-09-01,35
SKU028,2025-09-08,36
SKU028,2025-09-15,34
SKU028,2025-09-22,30
SKU028,2025-09-29,18
SKU028,2025-10-06,31
SKU028,2025-10-13,32
SKU028,2025-10-20,30
SKU028,2025-10-27,31
SKU028,2025-11-03,30
SKU028,2025-11-10,40
SKU028,2025-11-17,39
SKU028,2025-11-24,34
SKU028,2025-12-01,40
SKU028,2025-12-08,25
SKU028,2025-12-15,22
SKU028,2025-12-22,31
SKU029,2024-01-01,114
SKU029,2024-01-08,120
SKU029,2024-01-15,93
SKU029,2024-01-22,94
SKU029,2024-01-29,109
SKU029,2024-02-05,102
SKU029,2024-02-12,114
SKU029,2024-02-19,112
SKU029,2024-02-26,115
SKU029,2024-03-04,131
SKU029,2024-03-11,133
SKU029,2024-03-18,142
SKU029,2024-03-25,125
SKU029,2024-04-01,117
SKU029,2024-04-08,139
SKU029,2024-04-15,126
SKU029,2024-04-22,125
SKU029,2024-04-29,117
SKU029,2024-05-06,116
SKU029,2024-05-13,117
SKU029,2024-05-20,134
SKU029,2024-05-27,132
SKU029,2024-06-03,129
SKU029,2024-06-10,142
SKU029,2024-06-17,128
SKU029,2024-06-24,127
SKU029,2024-07-01,118
SKU029,2024-07-08,101
SKU029,2024-07-15,86
SKU029,2024-07-22,134
SKU029,2024-07-29,100
SKU029,2024-08-05,98
SKU029,2024-08-12,107
SKU029,2024-08-19,106
SKU029,2024-08-26,99
SKU029,2024-09-02,109
SKU029,2024-09-09,104
SKU029,2024-09-16,93
SKU029,2024-09-23,93
SKU029,2024-09-30,98
SKU029,2024-10-07,96
SKU029,2024-10-14,90
SKU029,2024-10-21,96
SKU029,2024-10-28,75
SKU029,2024-11-04,95
SKU029,2024-11-11,110
SKU029,2024-11-18,114
SKU029,2024-11-25,83
SKU029,2024-12-02,110
SKU029,2024-12-09,95
SKU029,2024-12-16,109
SKU029,2024-12-23,96
SKU029,2024-12-30,114
SKU029,2025-01-06,110
SKU029,2025-01-13,124
SKU029,2025-01-20,91
SKU029,2025-01-27,111
SKU029,2025-02-03,105
SKU029,2025-02-10,127
SKU029,2025-02-17,118
SKU029,2025-02-24,116
SKU029,2025-03-03,127
SKU029,2025-03-10,106
SKU029,2025-03-17,147
SKU029,2025-03-24,132
SKU029,2025-03-31,136
SKU029,2025-04-07,120
SKU029,2025-04-14,131
SKU029,2025-04-21,120
SKU029,2025-04-28,116
SKU029,2025-05-05,127
SKU029,2025-05-12,142
SKU029,2025-05-19,130
SKU029,2025-05-26,133
SKU029,2025-06-02,117
SKU029,2025-06-09,121
SKU029,2025-06-16,122
SKU029,2025-06-23,114
SKU029,2025-06-30,102
SKU029,2025-07-07,107
SKU029,2025-07-14,112
SKU029,2025-07-21,120
SKU029,2025-07-28,97
SKU029,2025-08-04,93
SKU029,2025-08-11,113
SKU029,2025-08-18,114
SKU029,2025-08-25,103
SKU029,2025-09-01,90
SKU029,2025-09-08,89
SKU029,2025-09-15,105
SKU029,2025-09-22,86
SKU029,2025-09-29,78
SKU029,2025-10-06,92
SKU029,2025-10-13,85
SKU029,2025-10-20,98
SKU029,2025-10-27,104
SKU029,2025-11-03,88
SKU029,2025-11-10,98
SKU029,2025-11-17,97
SKU029,2025-11-24,96
SKU029,2025-12-01,87
SKU029,2025-12-08,115
SKU029,2025-12-15,104
SKU029,2025-12-22,97
SKU030,2024-01-01,39
SKU030,2024-01-08,41
SKU030,2024-01-15,23
SKU030,2024-01-22,28
SKU030,2024-01-29,29
SKU030,2024-02-05,30
SKU030,2024-02-12,36
SKU030,2024-02-19,42
SKU030,2024-02-26,43
SKU030,2024-03-04,22
SKU030,2024-03-11,38
SKU030,2024-03-18,43
SKU030,2024-03-25,36
SKU030,2024-04-01,45
SKU030,2024-04-08,40
SKU030,2024-04-15,38
SKU030,2024-04-22,36
SKU030,2024-04-29,35
SKU030,2024-05-06,41
SKU030,2024-05-13,42
SKU030,2024-05-20,47
SKU030,2024-05-27,40
SKU030,2024-06-03,29
SKU030,2024-06-10,47
SKU030,2024-06-17,28
SKU030,2024-06-24,30
SKU030,2024-07-01,36
SKU030,2024-07-08,27
SKU030,2024-07-15,27
SKU030,2024-07-22,32
SKU030,2024-07-29,38
SKU030,2024-08-05,45
SKU030,2024-08-12,25
SKU030,2024-08-19,30
SKU030,2024-08-26,39
SKU030,2024-09-02,26
SKU030,2024-09-09,30
SKU030,2024-09-16,32
SKU030,2024-09-23,37
SKU030,2024-09-30,22
SKU030,2024-10-07,18
SKU030,2024-10-14,31
SKU030,2024-10-21,26
SKU030,2024-10-28,27
SKU030,2024-11-04,28
SKU030,2024-11-11,30
SKU030,2024-11-18,30
SKU030,2024-11-25,32
SKU030,2024-12-02,30
SKU030,2024-12-09,38
SKU030,2024-12-16,32
SKU030,2024-12-23,27
SKU030,2024-12-30,21
SKU030,2025-01-06,31
SKU030,2025-01-13,34
SKU030,2025-01-20,36
SKU030,2025-01-27,26
SKU030,2025-02-03,41
SKU030,2025-02-10,31
SKU030,2025-02-17,39
SKU030,2025-02-24,47
SKU030,2025-03-03,39
SKU030,2025-03-10,32
SKU030,2025-03-17,44
SKU030,2025-03-24,40
SKU030,2025-03-31,30
SKU030,2025-04-07,35
SKU030,2025-04-14,31
SKU030,2025-04-21,40
SKU030,2025-04-28,44
SKU030,2025-05-05,30
SKU030,2025-05-12,37
SKU030,2025-05-19,38
SKU030,2025-05-26,39
SKU030,2025-06-02,38
SKU030,2025-06-09,51
SKU030,2025-06-16,31
SKU030,2025-06-23,47
SKU030,2025-06-30,27
SKU030,2025-07-07,29
SKU030,2025-07-14,36
SKU030,2025-07-21,29
SKU030,2025-07-28,33
SKU030,2025-08-04,30
SKU030,2025-08-11,28
SKU030,2025-08-18,36
SKU030,2025-08-25,32
SKU030,2025-09-01,26
SKU030,2025-09-08,34
SKU030,2025-09-15,32
SKU030,2025-09-22,41
SKU030,2025-09-29,27
SKU030,2025-10-06,25
SKU030,2025-10-13,32
SKU030,2025-10-20,27
SKU030,2025-10-27,28
SKU030,2025-11-03,25
SKU030,2025-11-10,34
SKU030,2025-11-17,33
SKU030,2025-11-24,26
SKU030,2025-12-01,25
SKU030,2025-12-08,35
SKU030,2025-12-15,26
SKU030,2025-12-22,28
SKU031,2024-01-01,143
SKU031,2024-01-08,107
SKU031,2024-01-15,132
SKU031,2024-01-22,144
SKU031,2024-01-29,138
SKU031,2024-02-05,137
SKU031,2024-02-12,137
SKU031,2024-02-19,150
SKU031,2024-02-26,136
SKU031,2024-03-04,163
SKU031,2024-03-11,167
SKU031,2024-03-18,166
SKU031,2024-03-25,150
SKU031,2024-04-01,158
SKU031,2024-04-08,130
SKU031,2024-04-15,165
SKU031,2024-04-22,121
SKU031,2024-04-29,159
SKU031,2024-05-06,152
SKU031,2024-05-13,143
SKU031,2024-05-20,150
SKU031,2024-05-27,160
SKU031,2024-06-03,151
SKU031,2024-06-10,150
SKU031,2024-06-17,152
SKU031,2024-06-24,164
SKU031,2024-07-01,133
SKU031,2024-07-08,120
SKU031,2024-07-15,126
SKU031,2024-07-22,122
SKU031,2024-07-29,98
SKU031,2024-08-05,145
SKU031,2024-08-12,120
SKU031,2024-08-19,104
SKU031,2024-08-26,124
SKU031,2024-09-02,110
SKU031,2024-09-09,135
SKU031,2024-09-16,123
SKU031,2024-09-23,116
SKU031,2024-09-30,105
SKU031,2024-10-07,109
SKU031,2024-10-14,109
SKU031,2024-10-21,112
SKU031,2024-10-28,129
SKU031,2024-11-04,113
SKU031,2024-11-11,105
SKU031,2024-11-18,113
SKU031,2024-11-25,103
SKU031,2024-12-02,114
SKU031,2024-12-09,107
SKU031,2024-12-16,106
SKU031,2024-12-23,108
SKU031,2024-12-30,138
SKU031,2025-01-06,145
SKU031,2025-01-13,132
SKU031,2025-01-20,140
SKU031,2025-01-27,131
SKU031,2025-02-03,152
SKU031,2025-02-10,163
SKU031,2025-02-17,130
SKU031,2025-02-24,137
SKU031,2025-03-03,170
SKU031,2025-03-10,133
SKU031,2025-03-17,145
SKU031,2025-03-24,173
SKU031,2025-03-31,131
SKU031,2025-04-07,160
SKU031,2025-04-14,132
SKU031,2025-04-21,130
SKU031,2025-04-28,153
SKU031,2025-05-05,156
SKU031,2025-05-12,145
SKU031,2025-05-19,158
SKU031,2025-05-26,153
SKU031,2025-06-02,156
SKU031,2025-06-09,162
SKU031,2025-06-16,144
SKU031,2025-06-23,136
SKU031,2025-06-30,124
SKU031,2025-07-07,111
SKU031,2025-07-14,131
SKU031,2025-07-21,127
SKU031,2025-07-28,121
SKU031,2025-08-04,129
SKU031,2025-08-11,136
SKU031,2025-08-18,111
SKU031,2025-08-25,123
SKU031,2025-09-01,118
SKU031,2025-09-08,125
SKU031,2025-09-15,118
SKU031,2025-09-22,112
SKU031,2025-09-29,107
SKU031,2025-10-06,109
SKU031,2025-10-13,120
SKU031,2025-10-20,114
SKU031,2025-10-27,110
SKU031,2025-11-03,109
SKU031,2025-11-10,131
SKU031,2025-11-17,113
SKU031,2025-11-24,104
SKU031,2025-12-01,96
SKU031,2025-12-08,104
SKU031,2025-12-15,132
SKU031,2025-12-22,97
SKU032,2024-01-01,53
SKU032,2024-01-08,66
SKU032,2024-01-15,72
SKU032,2024-01-22,70
SKU032,2024-01-29,64
SKU032,2024-02-05,89
SKU032,2024-02-12,69
SKU032,2024-02-19,77
SKU032,2024-02-26,93
SKU032,2024-03-04,68
SKU032,2024-03-11,78
SKU032,2024-03-18,85
SKU032,2024-03-25,71
SKU032,2024-04-01,75
SKU032,2024-04-08,74
SKU032,2024-04-15,68
SKU032,2024-04-22,78
SKU032,2024-04-29,73
SKU032,2024-05-06,57
SKU032,2024-05-13,101
SKU032,2024-05-20,72
SKU032,2024-05-27,84
SKU032,2024-06-03,83
SKU032,2024-06-10,65
SKU032,2024-06-17,74
SKU032,2024-06-24,71
SKU032,2024-07-01,66
SKU032,2024-07-08,69
SKU032,2024-07-15,75
SKU032,2024-07-22,53
SKU032,2024-07-29,46
SKU032,2024-08-05,61
SKU032,2024-08-12,54
SKU032,2024-08-19,42
SKU032,2024-08-26,50
SKU032,2024-09-02,58
SKU032,2024-09-09,60
SKU032,2024-09-16,69
SKU032,2024-09-23,43
SKU032,2024-09-30,50
SKU032,2024-10-07,56
SKU032,2024-10-14,49
SKU032,2024-10-21,48
SKU032,2024-10-28,51
SKU032,2024-11-04,68
SKU032,2024-11-11,53
SKU032,2024-11-18,41
SKU032,2024-11-25,50
SKU032,2024-12-02,54
SKU032,2024-12-09,58
SKU032,2024-12-16,59
SKU032,2024-12-23,64
SKU032,2024-12-30,57
SKU032,2025-01-06,54
SKU032,2025-01-13,67
SKU032,2025-01-20,64
SKU032,2025-01-27,63
SKU032,2025-02-03,74
SKU032,2025-02-10,63
SKU032,2025-02-17,80
SKU032,2025-02-24,73
SKU032,2025-03-03,58
SKU032,2025-03-10,98
SKU032,2025-03-17,83
SKU032,2025-03-24,74
SKU032,2025-03-31,68
SKU032,2025-04-07,78
SKU032,2025-04-14,92
SKU032,2025-04-21,71
SKU032,2025-04-28,89
SKU032,2025-05-05,94
SKU032,2025-05-12,73
SKU032,2025-05-19,69
SKU032,2025-05-26,79
SKU032,2025-06-02,77
SKU032,2025-06-09,78
SKU032,2025-06-16,74
SKU032,2025-06-23,55
SKU032,2025-06-30,70
SKU032,2025-07-07,63
SKU032,2025-07-14,54
SKU032,2025-07-21,52
SKU032,2025-07-28,80
SKU032,2025-08-04,51
SKU032,2025-08-11,65
SKU032,2025-08-18,51
SKU032,2025-08-25,55
SKU032,2025-09-01,48
SKU032,2025-09-08,76
SKU032,2025-09-15,57
SKU032,2025-09-22,60
SKU032,2025-09-29,44
SKU032,2025-10-06,50
SKU032,2025-10-13,48
SKU032,2025-10-20,52
SKU032,2025-10-27,67
SKU032,2025-11-03,61
SKU032,2025-11-10,54
SKU032,2025-11-17,70
SKU032,2025-11-24,50
SKU032,2025-12-01,60
SKU032,2025-12-08,56
SKU032,2025-12-15,68
SKU032,2025-12-22,51
SKU033,2024-01-01,114
SKU033,2024-01-08,133
SKU033,2024-01-15,132
SKU033,2024-01-22,127
SKU033,2024-01-29,123
SKU033,2024-02-05,144
SKU033,2024-02-12,105
SKU033,2024-02-19,125
SKU033,2024-02-26,125
SKU033,2024-03-04,149
SKU033,2024-03-11,160
SKU033,2024-03-18,151
SKU033,2024-03-25,162
SKU033,2024-04-01,164
SKU033,2024-04-08,178
SKU033,2024-04-15,148
SKU033,2024-04-22,119
SKU033,2024-04-29,138
SKU033,2024-05-06,155
SKU033,2024-05-13,150
SKU033,2024-05-20,120
SKU033,2024-05-27,145
SKU033,2024-06-03,146
SKU033,2024-06-10,152
SKU033,2024-06-17,158
SKU033,2024-06-24,146
SKU033,2024-07-01,134
SKU033,2024-07-08,136
SKU033,2024-07-15,122
SKU033,2024-07-22,125
SKU033,2024-07-29,112
SKU033,2024-08-05,107
SKU033,2024-08-12,103
SKU033,2024-08-19,109
SKU033,2024-08-26,107
SKU033,2024-09-02,109
SKU033,2024-09-09,107
SKU033,2024-09-16,88
SKU033,2024-09-23,106
SKU033,2024-09-30,94
SKU033,2024-10-07,95
SKU033,2024-10-14,104
SKU033,2024-10-21,114
SKU033,2024-10-28,118
SKU033,2024-11-04,123
SKU033,2024-11-11,103
SKU033,2024-11-18,109
SKU033,2024-11-25,86
SKU033,2024-12-02,107
SKU033,2024-12-09,127
SKU033,2024-12-16,120
SKU033,2024-12-23,108
SKU033,2024-12-30,103
SKU033,2025-01-06,123
SKU033,2025-01-13,138
SKU033,2025-01-20,129
SKU033,2025-01-27,139
SKU033,2025-02-03,146
SKU033,2025-02-10,127
SKU033,2025-02-17,129
SKU033,2025-02-24,138
SKU033,2025-03-03,154
SKU033,2025-03-10,160
SKU033,2025-03-17,149
SKU033,2025-03-24,179
SKU033,2025-03-31,156
SKU033,2025-04-07,159
SKU033,2025-04-14,130
SKU033,2025-04-21,159
SKU033,2025-04-28,152
SKU033,2025-05-05,154
SKU033,2025-05-12,140
SKU033,2025-05-19,132
SKU033,2025-05-26,155
SKU033,2025-06-02,132
SKU033,2025-06-09,154
SKU033,2025-06-16,165
SKU033,2025-06-23,145
SKU033,2025-06-30,137
SKU033,2025-07-07,118
SKU033,2025-07-14,121
SKU033,2025-07-21,119
SKU033,2025-07-28,112
SKU033,2025-08-04,110
SKU033,2025-08-11,96
SKU033,2025-08-18,113
SKU033,2025-08-25,115
SKU033,2025-09-01,97
SKU033,2025-09-08,126
SKU033,2025-09-15,110
SKU033,2025-09-22,125
SKU033,2025-09-29,102
SKU033,2025-10-06,88
SKU033,2025-10-13,100
SKU033,2025-10-20,95
SKU033,2025-10-27,95
SKU033,2025-11-03,119
SKU033,2025-11-10,116
SKU033,2025-11-17,120
SKU033,2025-11-24,121
SKU033,2025-12-01,117
SKU033,2025-12-08,109
SKU033,2025-12-15,116
SKU033,2025-12-22,96
SKU034,2024-01-01,131
SKU034,2024-01-08,146
SKU034,2024-01-15,137
SKU034,2024-01-22,126
SKU034,2024-01-29,153
SKU034,2024-02-05,160
SKU034,2024-02-12,142
SKU034,2024-02-19,132
SKU034,2024-02-26,155
SKU034,2024-03-04,163
SKU034,2024-03-11,161
SKU034,2024-03-18,171
SKU034,2024-03-25,167
SKU034,2024-04-01,179
SKU034,2024-04-08,174
SKU034,2024-04-15,162
SKU034,2024-04-22,160
SKU034,2024-04-29,170
SKU034,2024-05-06,153
SKU034,2024-05-13,163
SKU034,2024-05-20,147
SKU034,2024-05-27,170
SKU034,2024-06-03,171
SKU034,2024-06-10,165
SKU034,2024-06-17,170
SKU034,2024-06-24,181
SKU034,2024-07-01,148
SKU034,2024-07-08,120
SKU034,2024-07-15,127
SKU034,2024-07-22,132
SKU034,2024-07-29,117
SKU034,2024-08-05,129
SKU034,2024-08-12,120
SKU034,2024-08-19,95
SKU034,2024-08-26,115
SKU034,2024-09-02,110
SKU034,2024-09-09,150
SKU034,2024-09-16,153
SKU034,2024-09-23,111
SKU034,2024-09-30,118
SKU034,2024-10-07,99
SKU034,2024-10-14,116
SKU034,2024-10-21,111
SKU034,2024-10-28,137
SKU034,2024-11-04,122
SKU034,2024-11-11,131
SKU034,2024-11-18,121
SKU034,2024-11-25,142
SKU034,2024-12-02,128
SKU034,2024-12-09,137
SKU034,2024-12-16,114
SKU034,2024-12-23,127
SKU034,2024-12-30,129
SKU034,2025-01-06,128
SKU034,2025-01-13,134
SKU034,2025-01-20,148
SKU034,2025-01-27,142
SKU034,2025-02-03,145
SKU034,2025-02-10,160
SKU034,2025-02-17,163
SKU034,2025-02-24,153
SKU034,2025-03-03,176
SKU034,2025-03-10,197
SKU034,2025-03-17,170
SKU034,2025-03-24,176
SKU034,2025-03-31,159
SKU034,2025-04-07,150
SKU034,2025-04-14,156
SKU034,2025-04-21,170
SKU034,2025-04-28,150
SKU034,2025-05-05,127
SKU034,2025-05-12,171
SKU034,2025-05-19,162
SKU034,2025-05-26,180
SKU034,2025-06-02,163
SKU034,2025-06-09,162
SKU034,2025-06-16,163
SKU034,2025-06-23,172
SKU034,2025-06-30,134
SKU034,2025-07-07,118
SKU034,2025-07-14,147
SKU034,2025-07-21,152
SKU034,2025-07-28,124
SKU034,2025-08-04,111
SKU034,2025-08-11,135
SKU034,2025-08-18,103
SKU034,2025-08-25,138
SKU034,2025-09-01,150
SKU034,2025-09-08,115
SKU034,2025-09-15,110
SKU034,2025-09-22,148
SKU034,2025-09-29,106
SKU034,2025-10-06,97
SKU034,2025-10-13,115
SKU034,2025-10-20,101
SKU034,2025-10-27,122
SKU034,2025-11-03,129
SKU034,2025-11-10,118
SKU034,2025-11-17,133
SKU034,2025-11-24,130
SKU034,2025-12-01,147
SKU034,2025-12-08,118
SKU034,2025-12-15,119
SKU034,2025-12-22,124
SKU035,2024-01-01,146
SKU035,2024-01-08,159
SKU035,2024-01-15,154
SKU035,2024-01-22,139
SKU035,2024-01-29,154
SKU035,2024-02-05,153
SKU035,2024-02-12,165
SKU035,2024-02-19,163
SKU035,2024-02-26,173
SKU035,2024-03-04,177
SKU035,2024-03-11,177
SKU035,2024-03-18,185
SKU035,2024-03-25,176
SKU035,2024-04-01,165
SKU035,2024-04-08,187
SKU035,2024-04-15,159
SKU035,2024-04-22,201
SKU035,2024-04-29,169
SKU035,2024-05-06,159
SKU035,2024-05-13,158
SKU035,2024-05-20,174
SKU035,2024-05-27,176
SKU035,2024-06-03,166
SKU035,2024-06-10,195
SKU035,2024-06-17,159
SKU035,2024-06-24,177
SKU035,2024-07-01,143
SKU035,2024-07-08,159
SKU035,2024-07-15,132
SKU035,2024-07-22,159
SKU035,2024-07-29,144
SKU035,2024-08-05,137
SKU035,2024-08-12,137
SKU035,2024-08-19,125
SKU035,2024-08-26,135
SKU035,2024-09-02,120
SKU035,2024-09-09,134
SKU035,2024-09-16,133
SKU035,2024-09-23,130
SKU035,2024-09-30,114
SKU035,2024-10-07,102
SKU035,2024-10-14,126
SKU035,2024-10-21,102
SKU035,2024-10-28,119
SKU035,2024-11-04,124
SKU035,2024-11-11,117
SKU035,2024-11-18,135
SKU035,2024-11-25,132
SKU035,2024-12-02,135
SKU035,2024-12-09,133
SKU035,2024-12-16,134
SKU035,2024-12-23,126
SKU035,2024-12-30,139
SKU035,2025-01-06,149
SKU035,2025-01-13,122
SKU035,2025-01-20,148
SKU035,2025-01-27,140
SKU035,2025-02-03,179
SKU035,2025-02-10,184
SKU035,2025-02-17,165
SKU035,2025-02-24,189
SKU035,2025-03-03,175
SKU035,2025-03-10,162
SKU035,2025-03-17,176
SKU035,2025-03-24,181
SKU035,2025-03-31,164
SKU035,2025-04-07,187
SKU035,2025-04-14,173
SKU035,2025-04-21,160
SKU035,2025-04-28,176
SKU035,2025-05-05,180
SKU035,2025-05-12,181
SKU035,2025-05-19,169
SKU035,2025-05-26,183
SKU035,2025-06-02,190
SKU035,2025-06-09,163
SKU035,2025-06-16,152
SKU035,2025-06-23,177
SKU035,2025-06-30,148
SKU035,2025-07-07,123
SKU035,2025-07-14,132
SKU035,2025-07-21,154
SKU035,2025-07-28,137
SKU035,2025-08-04,134
SKU035,2025-08-11,146
SKU035,2025-08-18,117
SKU035,2025-08-25,132
SKU035,2025-09-01,147
SKU035,2025-09-08,119
SKU035,2025-09-15,138
SKU035,2025-09-22,123
SKU035,2025-09-29,134
SKU035,2025-10-06,108
SKU035,2025-10-13,129
SKU035,2025-10-20,135
SKU035,2025-10-27,117
SKU035,2025-11-03,113
SKU035,2025-11-10,124
SKU035,2025-11-17,133
SKU035,2025-11-24,131
SKU035,2025-12-01,128
SKU035,2025-12-08,128
SKU035,2025-12-15,127
SKU035,2025-12-22,148
SKU036,2024-01-01,25
SKU036,2024-01-08,28
SKU036,2024-01-15,40
SKU036,2024-01-22,39
SKU036,2024-01-29,46
SKU036,2024-02-05,29
SKU036,2024-02-12,41
SKU036,2024-02-19,33
SKU036,2024-02-26,47
SKU036,2024-03-04,53
SKU036,2024-03-11,33
SKU036,2024-03-18,49
SKU036,2024-03-25,41
SKU036,2024-04-01,49
SKU036,2024-04-08,44
SKU036,2024-04-15,44
SKU036,2024-04-22,33
SKU036,2024-04-29,28
SKU036,2024-05-06,24
SKU036,2024-05-13,39
SKU036,2024-05-20,30
SKU036,2024-05-27,45
SKU036,2024-06-03,43
SKU036,2024-06-10,41
SKU036,2024-06-17,27
SKU036,2024-06-24,39
SKU036,2024-07-01,21
SKU036,2024-07-08,21
SKU036,2024-07-15,49
SKU036,2024-07-22,31
SKU036,2024-07-29,25
SKU036,2024-08-05,21
SKU036,2024-08-12,24
SKU036,2024-08-19,34
SKU036,2024-08-26,28
SKU036,2024-09-02,33
SKU036,2024-09-09,30
SKU036,2024-09-16,28
SKU036,2024-09-23,32
SKU036,2024-09-30,27
SKU036,2024-10-07,35
SKU036,2024-10-14,29
SKU036,2024-10-21,21
SKU036,2024-10-28,28
SKU036,2024-11-04,33
SKU036,2024-11-11,40
SKU036,2024-11-18,33
SKU036,2024-11-25,25
SKU036,2024-12-02,26
SKU036,2024-12-09,36
SKU036,2024-12-16,25
SKU036,2024-12-23,37
SKU036,2024-12-30,22
SKU036,2025-01-06,32
SKU036,2025-01-13,36
SKU036,2025-01-20,38
SKU036,2025-01-27,39
SKU036,2025-02-03,39
SKU036,2025-02-10,30
SKU036,2025-02-17,40
SKU036,2025-02-24,34
SKU036,2025-03-03,35
SKU036,2025-03-10,27
SKU036,2025-03-17,34
SKU036,2025-03-24,41
SKU036,2025-03-31,40
SKU036,2025-04-07,46
SKU036,2025-04-14,33
SKU036,2025-04-21,47
SKU036,2025-04-28,43
SKU036,2025-05-05,44
SKU036,2025-05-12,45
SKU036,2025-05-19,28
SKU036,2025-05-26,44
SKU036,2025-06-02,31
SKU036,2025-06-09,30
SKU036,2025-06-16,42
SKU036,2025-06-23,40
SKU036,2025-06-30,33
SKU036,2025-07-07,33
SKU036,2025-07-14,37
SKU036,2025-07-21,26
SKU036,2025-07-28,33
SKU036,2025-08-04,26
SKU036,2025-08-11,22
SKU036,2025-08-18,27
SKU036,2025-08-25,43
SKU036,2025-09-01,28
SKU036,2025-09-08,26
SKU036,2025-09-15,35
SKU036,2025-09-22,27
SKU036,2025-09-29,33
SKU036,2025-10-06,19
SKU036,2025-10-13,19
SKU036,2025-10-20,34
SKU036,2025-10-27,29
SKU036,2025-11-03,27
SKU036,2025-11-10,30
SKU036,2025-11-17,35
SKU036,2025-11-24,31
SKU036,2025-12-01,27
SKU036,2025-12-08,31
SKU036,2025-12-15,36
SKU036,2025-12-22,30
SKU037,2024-01-01,168
SKU037,2024-01-08,160
SKU037,2024-01-15,169
SKU037,2024-01-22,185
SKU037,2024-01-29,155
SKU037,2024-02-05,171
SKU037,2024-02-12,189
SKU037,2024-02-19,188
SKU037,2024-02-26,194
SKU037,2024-03-04,213
SKU037,2024-03-11,221
SKU037,2024-03-18,197
SKU037,2024-03-25,203
SKU037,2024-04-01,184
SKU037,2024-04-08,221
SKU037,2024-04-15,196
SKU037,2024-04-22,183
SKU037,2024-04-29,204
SKU037,2024-05-06,194
SKU037,2024-05-13,198
SKU037,2024-05-20,190
SKU037,2024-05-27,207
SKU037,2024-06-03,203
SKU037,2024-06-10,186
SKU037,2024-06-17,191
SKU037,2024-06-24,211
SKU037,2024-07-01,166
SKU037,2024-07-08,181
SKU037,2024-07-15,178
SKU037,2024-07-22,169
SKU037,2024-07-29,179
SKU037,2024-08-05,144
SKU037,2024-08-12,156
SKU037,2024-08-19,134
SKU037,2024-08-26,156
SKU037,2024-09-02,155
SKU037,2024-09-09,149
SKU037,2024-09-16,163
SKU037,2024-09-23,132
SKU037,2024-09-30,143
SKU037,2024-10-07,132
SKU037,2024-10-14,129
SKU037,2024-10-21,141
SKU037,2024-10-28,153
SKU037,2024-11-04,162
SKU037,2024-11-11,161
SKU037,2024-11-18,147
SKU037,2024-11-25,133
SKU037,2024-12-02,171
SKU037,2024-12-09,173
SKU037,2024-12-16,177
SKU037,2024-12-23,137
SKU037,2024-12-30,159
SKU037,2025-01-06,156
SKU037,2025-01-13,158
SKU037,2025-01-20,163
SKU037,2025-01-27,167
SKU037,2025-02-03,181
SKU037,2025-02-10,165
SKU037,2025-02-17,181
SKU037,2025-02-24,220
SKU037,2025-03-03,220
SKU037,2025-03-10,206
SKU037,2025-03-17,217
SKU037,2025-03-24,231
SKU037,2025-03-31,204
SKU037,2025-04-07,195
SKU037,2025-04-14,189
SKU037,2025-04-21,182
SKU037,2025-04-28,225
SKU037,2025-05-05,201
SKU037,2025-05-12,193
SKU037,2025-05-19,199
SKU037,2025-05-26,216
SKU037,2025-06-02,212
SKU037,2025-06-09,195
SKU037,2025-06-16,200
SKU037,2025-06-23,202
SKU037,2025-06-30,188
SKU037,2025-07-07,210
SKU037,2025-07-14,182
SKU037,2025-07-21,149
SKU037,2025-07-28,143
SKU037,2025-08-04,162
SKU037,2025-08-11,146
SKU037,2025-08-18,170
SKU037,2025-08-25,171
SKU037,2025-09-01,133
SKU037,2025-09-08,154
SKU037,2025-09-15,165
SKU037,2025-09-22,157
SKU037,2025-09-29,140
SKU037,2025-10-06,128
SKU037,2025-10-13,147
SKU037,2025-10-20,139
SKU037,2025-10-27,154
SKU037,2025-11-03,171
SKU037,2025-11-10,150
SKU037,2025-11-17,166
SKU037,2025-11-24,144
SKU037,2025-12-01,155
SKU037,2025-12-08,133
SKU037,2025-12-15,139
SKU037,2025-12-22,161
SKU038,2024-01-01,50
SKU038,2024-01-08,62
SKU038,2024-01-15,50
SKU038,2024-01-22,39
SKU038,2024-01-29,58
SKU038,2024-02-05,48
SKU038,2024-02-12,56
SKU038,2024-02-19,55
SKU038,2024-02-26,54
SKU038,2024-03-04,68
SKU038,2024-03-11,70
SKU038,2024-03-18,64
SKU038,2024-03-25,67
SKU038,2024-04-01,45
SKU038,2024-04-08,74
SKU038,2024-04-15,56
SKU038,2024-04-22,52
SKU038,2024-04-29,56
SKU038,2024-05-06,62
SKU038,2024-05-13,66
SKU038,2024-05-20,54
SKU038,2024-05-27,67
SKU038,2024-06-03,63
SKU038,2024-06-10,65
SKU038,2024-06-17,50
SKU038,2024-06-24,74
SKU038,2024-07-01,52
SKU038,2024-07-08,46
SKU038,2024-07-15,54
SKU038,2024-07-22,60
SKU038,2024-07-29,52
SKU038,2024-08-05,51
SKU038,2024-08-12,51
SKU038,2024-08-19,42
SKU038,2024-08-26,48
SKU038,2024-09-02,58
SKU038,2024-09-09,47
SKU038,2024-09-16,43
SKU038,2024-09-23,37
SKU038,2024-09-30,41
SKU038,2024-10-07,37
SKU038,2024-10-14,52
SKU038,2024-10-21,45
SKU038,2024-10-28,55
SKU038,2024-11-04,34
SKU038,2024-11-11,52
SKU038,2024-11-18,49
SKU038,2024-11-25,34
SKU038,2024-12-02,55
SKU038,2024-12-09,56
SKU038,2024-12-16,45
SKU038,2024-12-23,45
SKU038,2024-12-30,57
SKU038,2025-01-06,48
SKU038,2025-01-13,48
SKU038,2025-01-20,42
SKU038,2025-01-27,46
SKU038,2025-02-03,47
SKU038,2025-02-10,55
SKU038,2025-02-17,61
SKU038,2025-02-24,53
SKU038,2025-03-03,59
SKU038,2025-03-10,77
SKU038,2025-03-17,65
SKU038,2025-03-24,59
SKU038,2025-03-31,73
SKU038,2025-04-07,73
SKU038,2025-04-14,71
SKU038,2025-04-21,63
SKU038,2025-04-28,51
SKU038,2025-05-05,67
SKU038,2025-05-12,62
SKU038,2025-05-19,76
SKU038,2025-05-26,60
SKU038,2025-06-02,62
SKU038,2025-06-09,58
SKU038,2025-06-16,60
SKU038,2025-06-23,75
SKU038,2025-06-30,57
SKU038,2025-07-07,57
SKU038,2025-07-14,59
SKU038,2025-07-21,50
SKU038,2025-07-28,45
SKU038,2025-08-04,42
SKU038,2025-08-11,60
SKU038,2025-08-18,47
SKU038,2025-08-25,49
SKU038,2025-09-01,48
SKU038,2025-09-08,47
SKU038,2025-09-15,40
SKU038,2025-09-22,49
SKU038,2025-09-29,40
SKU038,2025-10-06,48
SKU038,2025-10-13,44
SKU038,2025-10-20,44
SKU038,2025-10-27,37
SKU038,2025-11-03,50
SKU038,2025-11-10,48
SKU038,2025-11-17,61
SKU038,2025-11-24,61
SKU038,2025-12-01,39
SKU038,2025-12-08,49
SKU038,2025-12-15,49
SKU038,2025-12-22,56
SKU039,2024-01-01,24
SKU039,2024-01-08,16
SKU039,2024-01-15,16
SKU039,2024-01-22,20
SKU039,2024-01-29,27
SKU039,2024-02-05,21
SKU039,2024-02-12,28
SKU039,2024-02-19,30
SKU039,2024-02-26,25
SKU039,2024-03-04,24
SKU039,2024-03-11,34
SKU039,2024-03-18,27
SKU039,2024-03-25,22
SKU039,2024-04-01,30
SKU039,2024-04-08,31
SKU039,2024-04-15,17
SKU039,2024-04-22,29
SKU039,2024-04-29,21
SKU039,2024-05-06,29
SKU039,2024-05-13,27
SKU039,2024-05-20,25
SKU039,2024-05-27,27
SKU039,2024-06-03,25
SKU039,2024-06-10,24
SKU039,2024-06-17,25
SKU039,2024-06-24,21
SKU039,2024-07-01,21
SKU039,2024-07-08,18
SKU039,2024-07-15,18
SKU039,2024-07-22,16
SKU039,2024-07-29,15
SKU039,2024-08-05,16
SKU039,2024-08-12,24
SKU039,2024-08-19,29
SKU039,2024-08-26,16
SKU039,2024-09-02,26
SKU039,2024-09-09,22
SKU039,2024-09-16,22
SKU039,2024-09-23,24
SKU039,2024-09-30,16
SKU039,2024-10-07,9
SKU039,2024-10-14,18
SKU039,2024-10-21,19
SKU039,2024-10-28,21
SKU039,2024-11-04,24
SKU039,2024-11-11,18
SKU039,2024-11-18,24
SKU039,2024-11-25,11
SKU039,2024-12-02,14
SKU039,2024-12-09,17
SKU039,2024-12-16,13
SKU039,2024-12-23,16
SKU039,2024-12-30,13
SKU039,2025-01-06,25
SKU039,2025-01-13,25
SKU039,2025-01-20,24
SKU039,2025-01-27,25
SKU039,2025-02-03,26
SKU039,2025-02-10,29
SKU039,2025-02-17,18
SKU039,2025-02-24,28
SKU039,2025-03-03,31
SKU039,2025-03-10,20
SKU039,2025-03-17,23
SKU039,2025-03-24,20
SKU039,2025-03-31,27
SKU039,2025-04-07,24
SKU039,2025-04-14,24
SKU039,2025-04-21,18
SKU039,2025-04-28,23
SKU039,2025-05-05,33
SKU039,2025-05-12,29
SKU039,2025-05-19,24
SKU039,2025-05-26,20
SKU039,2025-06-02,26
SKU039,2025-06-09,26
SKU039,2025-06-16,32
SKU039,2025-06-23,31
SKU039,2025-06-30,19
SKU039,2025-07-07,24
SKU039,2025-07-14,18
SKU039,2025-07-21,34
SKU039,2025-07-28,23
SKU039,2025-08-04,23
SKU039,2025-08-11,20
SKU039,2025-08-18,18
SKU039,2025-08-25,13
SKU039,2025-09-01,17
SKU039,2025-09-08,20
SKU039,2025-09-15,18
SKU039,2025-09-22,25
SKU039,2025-09-29,26
SKU039,2025-10-06,17
SKU039,2025-10-13,16
SKU039,2025-10-20,19
SKU039,2025-10-27,18
SKU039,2025-11-03,18
SKU039,2025-11-10,24
SKU039,2025-11-17,18
SKU039,2025-11-24,13
SKU039,2025-12-01,23
SKU039,2025-12-08,15
SKU039,2025-12-15,12
SKU039,2025-12-22,21
SKU040,2024-01-01,104
SKU040,2024-01-08,116
SKU040,2024-01-15,105
SKU040,2024-01-22,92
SKU040,2024-01-29,118
SKU040,2024-02-05,117
SKU040,2024-02-12,122
SKU040,2024-02-19,110
SKU040,2024-02-26,137
SKU040,2024-03-04,114
SKU040,2024-03-11,140
SKU040,2024-03-18,173
SKU040,2024-03-25,147
SKU040,2024-04-01,109
SKU040,2024-04-08,126
SKU040,2024-04-15,131
SKU040,2024-04-22,117
SKU040,2024-04-29,119
SKU040,2024-05-06,125
SKU040,2024-05-13,108
SKU040,2024-05-20,119
SKU040,2024-05-27,135
SKU040,2024-06-03,128
SKU040,2024-06-10,128
SKU040,2024-06-17,124
SKU040,2024-06-24,97
SKU040,2024-07-01,103
SKU040,2024-07-08,116
SKU040,2024-07-15,102
SKU040,2024-07-22,109
SKU040,2024-07-29,109
SKU040,2024-08-05,103
SKU040,2024-08-12,109
SKU040,2024-08-19,110
SKU040,2024-08-26,85
SKU040,2024-09-02,94
SKU040,2024-09-09,109
SKU040,2024-09-16,89
SKU040,2024-09-23,84
SKU040,2024-09-30,91
SKU040,2024-10-07,93
SKU040,2024-10-14,96
SKU040,2024-10-21,92
SKU040,2024-10-28,89
SKU040,2024-11-04,114
SKU040,2024-11-11,101
SKU040,2024-11-18,92
SKU040,2024-11-25,92
SKU040,2024-12-02,97
SKU040,2024-12-09,90
SKU040,2024-12-16,99
SKU040,2024-12-23,103
SKU040,2024-12-30,101
SKU040,2025-01-06,115
SKU040,2025-01-13,112
SKU040,2025-01-20,101
SKU040,2025-01-27,110
SKU040,2025-02-03,102
SKU040,2025-02-10,125
SKU040,2025-02-17,111
SKU040,2025-02-24,136
SKU040,2025-03-03,126
SKU040,2025-03-10,146
SKU040,2025-03-17,151
SKU040,2025-03-24,120
SKU040,2025-03-31,135
SKU040,2025-04-07,122
SKU040,2025-04-14,116
SKU040,2025-04-21,100
SKU040,2025-04-28,136
SKU040,2025-05-05,129
SKU040,2025-05-12,122
SKU040,2025-05-19,123
SKU040,2025-05-26,134
SKU040,2025-06-02,124
SKU040,2025-06-09,113
SKU040,2025-06-16,125
SKU040,2025-06-23,119
SKU040,2025-06-30,117
SKU040,2025-07-07,106
SKU040,2025-07-14,99
SKU040,2025-07-21,97
SKU040,2025-07-28,108
SKU040,2025-08-04,90
SKU040,2025-08-11,92
SKU040,2025-08-18,110
SKU040,2025-08-25,99
SKU040,2025-09-01,105
SKU040,2025-09-08,106
SKU040,2025-09-15,109
SKU040,2025-09-22,87
SKU040,2025-09-29,76
SKU040,2025-10-06,82
SKU040,2025-10-13,81
SKU040,2025-10-20,91
SKU040,2025-10-27,103
SKU040,2025-11-03,89
SKU040,2025-11-10,98
SKU040,2025-11-17,86
SKU040,2025-11-24,76
SKU040,2025-12-01,103
SKU040,2025-12-08,101
SKU040,2025-12-15,93
SKU040,2025-12-22,76
SKU041,2024-01-01,73
SKU041,2024-01-08,80
SKU041,2024-01-15,66
SKU041,2024-01-22,82
SKU041,2024-01-29,83
SKU041,2024-02-05,76
SKU041,2024-02-12,77
SKU041,2024-02-19,72
SKU041,2024-02-26,94
SKU041,2024-03-04,91
SKU041,2024-03-11,101
SKU041,2024-03-18,110
SKU041,2024-03-25,115
SKU041,2024-04-01,95
SKU041,2024-04-08,78
SKU041,2024-04-15,99
SKU041,2024-04-22,73
SKU041,2024-04-29,98
SKU041,2024-05-06,101
SKU041,2024-05-13,78
SKU041,2024-05-20,79
SKU041,2024-05-27,100
SKU041,2024-06-03,89
SKU041,2024-06-10,90
SKU041,2024-06-17,89
SKU041,2024-06-24,88
SKU041,2024-07-01,62
SKU041,2024-07-08,63
SKU041,2024-07-15,70
SKU041,2024-07-22,66
SKU041,2024-07-29,71
SKU041,2024-08-05,71
SKU041,2024-08-12,71
SKU041,2024-08-19,67
SKU041,2024-08-26,77
SKU041,2024-09-02,63
SKU041,2024-09-09,66
SKU041,2024-09-16,74
SKU041,2024-09-23,62
SKU041,2024-09-30,62
SKU041,2024-10-07,82
SKU041,2024-10-14,63
SKU041,2024-10-21,63
SKU041,2024-10-28,66
SKU041,2024-11-04,75
SKU041,2024-11-11,65
SKU041,2024-11-18,62
SKU041,2024-11-25,66
SKU041,2024-12-02,75
SKU041,2024-12-09,54
SKU041,2024-12-16,79
SKU041,2024-12-23,80
SKU041,2024-12-30,74
SKU041,2025-01-06,98
SKU041,2025-01-13,74
SKU041,2025-01-20,72
SKU041,2025-01-27,80
SKU041,2025-02-03,77
SKU041,2025-02-10,76
SKU041,2025-02-17,96
SKU041,2025-02-24,99
SKU041,2025-03-03,101
SKU041,2025-03-10,101
SKU041,2025-03-17,90
SKU041,2025-03-24,105
SKU041,2025-03-31,93
SKU041,2025-04-07,96
SKU041,2025-04-14,91
SKU041,2025-04-21,97
SKU041,2025-04-28,99
SKU041,2025-05-05,67
SKU041,2025-05-12,89
SKU041,2025-05-19,79
SKU041,2025-05-26,81
SKU041,2025-06-02,93
SKU041,2025-06-09,98
SKU041,2025-06-16,78
SKU041,2025-06-23,72
SKU041,2025-06-30,79
SKU041,2025-07-07,73
SKU041,2025-07-14,93
SKU041,2025-07-21,69
SKU041,2025-07-28,63
SKU041,2025-08-04,72
SKU041,2025-08-11,81
SKU041,2025-08-18,66
SKU041,2025-08-25,80
SKU041,2025-09-01,72
SKU041,2025-09-08,58
SKU041,2025-09-15,66
SKU041,2025-09-22,62
SKU041,2025-09-29,67
SKU041,2025-10-06,54
SKU041,2025-10-13,62
SKU041,2025-10-20,52
SKU041,2025-10-27,67
SKU041,2025-11-03,79
SKU041,2025-11-10,65
SKU041,2025-11-17,52
SKU041,2025-11-24,83
SKU041,2025-12-01,78
SKU041,2025-12-08,66
SKU041,2025-12-15,71
SKU041,2025-12-22,70
SKU042,2024-01-01,166
SKU042,2024-01-08,157
SKU042,2024-01-15,136
SKU042,2024-01-22,155
SKU042,2024-01-29,157
SKU042,2024-02-05,165
SKU042,2024-02-12,148
SKU042,2024-02-19,162
SKU042,2024-02-26,208
SKU042,2024-03-04,182
SKU042,2024-03-11,181
SKU042,2024-03-18,189
SKU042,2024-03-25,196
SKU042,2024-04-01,193
SKU042,2024-04-08,194
SKU042,2024-04-15,163
SKU042,2024-04-22,199
SKU042,2024-04-29,201
SKU042,2024-05-06,166
SKU042,2024-05-13,191
SKU042,2024-05-20,172
SKU042,2024-05-27,212
SKU042,2024-06-03,158
SKU042,2024-06-10,195
SKU042,2024-06-17,184
SKU042,2024-06-24,159
SKU042,2024-07-01,142
SKU042,2024-07-08,145
SKU042,2024-07-15,147
SKU042,2024-07-22,158
SKU042,2024-07-29,143
SKU042,2024-08-05,139
SKU042,2024-08-12,141
SKU042,2024-08-19,126
SKU042,2024-08-26,147
SKU042,2024-09-02,147
SKU042,2024-09-09,126
SKU042,2024-09-16,147
SKU042,2024-09-23,133
SKU042,2024-09-30,120
SKU042,2024-10-07,125
SKU042,2024-10-14,131
SKU042,2024-10-21,114
SKU042,2024-10-28,136
SKU042,2024-11-04,121
SKU042,2024-11-11,148
SKU042,2024-11-18,138
SKU042,2024-11-25,133
SKU042,2024-12-02,159
SKU042,2024-12-09,132
SKU042,2024-12-16,122
SKU042,2024-12-23,158
SKU042,2024-12-30,157
SKU042,2025-01-06,137
SKU042,2025-01-13,155
SKU042,2025-01-20,149
SKU042,2025-01-27,162
SKU042,2025-02-03,151
SKU042,2025-02-10,179
SKU042,2025-02-17,165
SKU042,2025-02-24,175
SKU042,2025-03-03,193
SKU042,2025-03-10,194
SKU042,2025-03-17,182
SKU042,2025-03-24,183
SKU042,2025-03-31,201
SKU042,2025-04-07,168
SKU042,2025-04-14,174
SKU042,2025-04-21,180
SKU042,2025-04-28,194
SKU042,2025-05-05,192
SKU042,2025-05-12,202
SKU042,2025-05-19,180
SKU042,2025-05-26,172
SKU042,2025-06-02,199
SKU042,2025-06-09,181
SKU042,2025-06-16,179
SKU042,2025-06-23,197
SKU042,2025-06-30,163
SKU042,2025-07-07,158
SKU042,2025-07-14,161
SKU042,2025-07-21,157
SKU042,2025-07-28,167
SKU042,2025-08-04,141
SKU042,2025-08-11,142
SKU042,2025-08-18,154
SKU042,2025-08-25,162
SKU042,2025-09-01,146
SKU042,2025-09-08,149
SKU042,2025-09-15,169
SKU042,2025-09-22,123
SKU042,2025-09-29,132
SKU042,2025-10-06,137
SKU042,2025-10-13,138
SKU042,2025-10-20,117
SKU042,2025-10-27,134
SKU042,2025-11-03,141
SKU042,2025-11-10,132
SKU042,2025-11-17,124
SKU042,2025-11-24,142
SKU042,2025-12-01,156
SKU042,2025-12-08,125
SKU042,2025-12-15,173
SKU042,2025-12-22,148
SKU043,2024-01-01,157
SKU043,2024-01-08,141
SKU043,2024-01-15,140
SKU043,2024-01-22,166
SKU043,2024-01-29,173
SKU043,2024-02-05,177
SKU043,2024-02-12,152
SKU043,2024-02-19,168
SKU043,2024-02-26,182
SKU043,2024-03-04,175
SKU043,2024-03-11,175
SKU043,2024-03-18,171
SKU043,2024-03-25,177
SKU043,2024-04-01,172
SKU043,2024-04-08,170
SKU043,2024-04-15,187
SKU043,2024-04-22,192
SKU043,2024-04-29,174
SKU043,2024-05-06,179
SKU043,2024-05-13,181
SKU043,2024-05-20,178
SKU043,2024-05-27,191
SKU043,2024-06-03,169
SKU043,2024-06-10,179
SKU043,2024-06-17,169
SKU043,2024-06-24,172
SKU043,2024-07-01,136
SKU043,2024-07-08,172
SKU043,2024-07-15,141
SKU043,2024-07-22,160
SKU043,2024-07-29,160
SKU043,2024-08-05,123
SKU043,2024-08-12,136
SKU043,2024-08-19,123
SKU043,2024-08-26,140
SKU043,2024-09-02,148
SKU043,2024-09-09,124
SKU043,2024-09-16,136
SKU043,2024-09-23,140
SKU043,2024-09-30,130
SKU043,2024-10-07,113
SKU043,2024-10-14,121
SKU043,2024-10-21,132
SKU043,2024-10-28,130
SKU043,2024-11-04,128
SKU043,2024-11-11,140
SKU043,2024-11-18,142
SKU043,2024-11-25,127
SKU043,2024-12-02,147
SKU043,2024-12-09,133
SKU043,2024-12-16,133
SKU043,2024-12-23,131
SKU043,2024-12-30,169
SKU043,2025-01-06,166
SKU043,2025-01-13,157
SKU043,2025-01-20,155
SKU043,2025-01-27,161
SKU043,2025-02-03,191
SKU043,2025-02-10,168
SKU043,2025-02-17,153
SKU043,2025-02-24,193
SKU043,2025-03-03,186
SKU043,2025-03-10,184
SKU043,2025-03-17,191
SKU043,2025-03-24,200
SKU043,2025-03-31,188
SKU043,2025-04-07,176
SKU043,2025-04-14,184
SKU043,2025-04-21,176
SKU043,2025-04-28,179
SKU043,2025-05-05,165
SKU043,2025-05-12,170
SKU043,2025-05-19,184
SKU043,2025-05-26,192
SKU043,2025-06-02,194
SKU043,2025-06-09,178
SKU043,2025-06-16,180
SKU043,2025-06-23,179
SKU043,2025-06-30,155
SKU043,2025-07-07,161
SKU043,2025-07-14,161
SKU043,2025-07-21,132
SKU043,2025-07-28,149
SKU043,2025-08-04,156
SKU043,2025-08-11,142
SKU043,2025-08-18,130
SKU043,2025-08-25,139
SKU043,2025-09-01,133
SKU043,2025-09-08,143
SKU043,2025-09-15,143
SKU043,2025-09-22,121
SKU043,2025-09-29,115
SKU043,2025-10-06,125
SKU043,2025-10-13,123
SKU043,2025-10-20,117
SKU043,2025-10-27,147
SKU043,2025-11-03,148
SKU043,2025-11-10,145
SKU043,2025-11-17,144
SKU043,2025-11-24,113
SKU043,2025-12-01,127
SKU043,2025-12-08,142
SKU043,2025-12-15,132
SKU043,2025-12-22,126
SKU044,2024-01-01,66
SKU044,2024-01-08,83
SKU044,2024-01-15,71
SKU044,2024-01-22,64
SKU044,2024-01-29,76
SKU044,2024-02-05,65
SKU044,2024-02-12,77
SKU044,2024-02-19,70
SKU044,2024-02-26,89
SKU044,2024-03-04,69
SKU044,2024-03-11,94
SKU044,2024-03-18,78
SKU044,2024-03-25,88
SKU044,2024-04-01,81
SKU044,2024-04-08,76
SKU044,2024-04-15,77
SKU044,2024-04-22,84
SKU044,2024-04-29,79
SKU044,2024-05-06,84
SKU044,2024-05-13,70
SKU044,2024-05-20,77
SKU044,2024-05-27,85
SKU044,2024-06-03,78
SKU044,2024-06-10,81
SKU044,2024-06-17,77
SKU044,2024-06-24,90
SKU044,2024-07-01,71
SKU044,2024-07-08,71
SKU044,2024-07-15,78
SKU044,2024-07-22,78
SKU044,2024-07-29,66
SKU044,2024-08-05,60
SKU044,2024-08-12,76
SKU044,2024-08-19,55
SKU044,2024-08-26,70
SKU044,2024-09-02,60
SKU044,2024-09-09,63
SKU044,2024-09-16,56
SKU044,2024-09-23,68
SKU044,2024-09-30,48
SKU044,2024-10-07,57
SKU044,2024-10-14,61
SKU044,2024-10-21,57
SKU044,2024-10-28,59
SKU044,2024-11-04,48
SKU044,2024-11-11,54
SKU044,2024-11-18,44
SKU044,2024-11-25,59
SKU044,2024-12-02,50
SKU044,2024-12-09,54
SKU044,2024-12-16,52
SKU044,2024-12-23,60
SKU044,2024-12-30,63
SKU044,2025-01-06,76
SKU044,2025-01-13,81
SKU044,2025-01-20,71
SKU044,2025-01-27,67
SKU044,2025-02-03,69
SKU044,2025-02-10,66
SKU044,2025-02-17,67
SKU044,2025-02-24,75
SKU044,2025-03-03,90
SKU044,2025-03-10,88
SKU044,2025-03-17,85
SKU044,2025-03-24,76
SKU044,2025-03-31,85
SKU044,2025-04-07,67
SKU044,2025-04-14,84
SKU044,2025-04-21,77
SKU044,2025-04-28,74
SKU044,2025-05-05,81
SKU044,2025-05-12,88
SKU044,2025-05-19,72
SKU044,2025-05-26,89
SKU044,2025-06-02,73
SKU044,2025-06-09,88
SKU044,2025-06-16,71
SKU044,2025-06-23,62
SKU044,2025-06-30,61
SKU044,2025-07-07,79
SKU044,2025-07-14,72
SKU044,2025-07-21,69
SKU044,2025-07-28,65
SKU044,2025-08-04,66
SKU044,2025-08-11,61
SKU044,2025-08-18,70
SKU044,2025-08-25,51
SKU044,2025-09-01,56
SKU044,2025-09-08,61
SKU044,2025-09-15,47
SKU044,2025-09-22,66
SKU044,2025-09-29,50
SKU044,2025-10-06,49
SKU044,2025-10-13,56
SKU044,2025-10-20,53
SKU044,2025-10-27,60
SKU044,2025-11-03,58
SKU044,2025-11-10,53
SKU044,2025-11-17,46
SKU044,2025-11-24,57
SKU044,2025-12-01,52
SKU044,2025-12-08,57
SKU044,2025-12-15,61
SKU044,2025-12-22,61
SKU045,2024-01-01,170
SKU045,2024-01-08,157
SKU045,2024-01-15,160
SKU045,2024-01-22,169
SKU045,2024-01-29,191
SKU045,2024-02-05,204
SKU045,2024-02-12,189
SKU045,2024-02-19,181
SKU045,2024-02-26,223
SKU045,2024-03-04,212
SKU045,2024-03-11,200
SKU045,2024-03-18,223
SKU045,2024-03-25,218
SKU045,2024-04-01,186
SKU045,2024-04-08,219
SKU045,2024-04-15,212
SKU045,2024-04-22,213
SKU045,2024-04-29,209
SKU045,2024-05-06,198
SKU045,2024-05-13,213
SKU045,2024-05-20,187
SKU045,2024-05-27,230
SKU045,2024-06-03,213
SKU045,2024-06-10,239
SKU045,2024-06-17,217
SKU045,2024-06-24,204
SKU045,2024-07-01,177
SKU045,2024-07-08,150
SKU045,2024-07-15,157
SKU045,2024-07-22,181
SKU045,2024-07-29,172
SKU045,2024-08-05,169
SKU045,2024-08-12,197
SKU045,2024-08-19,130
SKU045,2024-08-26,158
SKU045,2024-09-02,159
SKU045,2024-09-09,154
SKU045,2024-09-16,152
SKU045,2024-09-23,178
SKU045,2024-09-30,139
SKU045,2024-10-07,131
SKU045,2024-10-14,142
SKU045,2024-10-21,173
SKU045,2024-10-28,145
SKU045,2024-11-04,143
SKU045,2024-11-11,170
SKU045,2024-11-18,162
SKU045,2024-11-25,161
SKU045,2024-12-02,151
SKU045,2024-12-09,149
SKU045,2024-12-16,159
SKU045,2024-12-23,190
SKU045,2024-12-30,162
SKU045,2025-01-06,169
SKU045,2025-01-13,145
SKU045,2025-01-20,184
SKU045,2025-01-27,184
SKU045,2025-02-03,179
SKU045,2025-02-10,202
SKU045,2025-02-17,202
SKU045,2025-02-24,218
SKU045,2025-03-03,240
SKU045,2025-03-10,226
SKU045,2025-03-17,223
SKU045,2025-03-24,211
SKU045,2025-03-31,205
SKU045,2025-04-07,233
SKU045,2025-04-14,216
SKU045,2025-04-21,186
SKU045,2025-04-28,186
SKU045,2025-05-05,192
SKU045,2025-05-12,209
SKU045,2025-05-19,199
SKU045,2025-05-26,231
SKU045,2025-06-02,200
SKU045,2025-06-09,221
SKU045,2025-06-16,177
SKU045,2025-06-23,207
SKU045,2025-06-30,160
SKU045,2025-07-07,156
SKU045,2025-07-14,187
SKU045,2025-07-21,170
SKU045,2025-07-28,149
SKU045,2025-08-04,151
SKU045,2025-08-11,155
SKU045,2025-08-18,159
SKU045,2025-08-25,138
SKU045,2025-09-01,163
SKU045,2025-09-08,171
SKU045,2025-09-15,147
SKU045,2025-09-22,162
SKU045,2025-09-29,142
SKU045,2025-10-06,123
SKU045,2025-10-13,120
SKU045,2025-10-20,143
SKU045,2025-10-27,143
SKU045,2025-11-03,154
SKU045,2025-11-10,150
SKU045,2025-11-17,155
SKU045,2025-11-24,164
SKU045,2025-12-01,166
SKU045,2025-12-08,152
SKU045,2025-12-15,123
SKU045,2025-12-22,157
SKU046,2024-01-01,63
SKU046,2024-01-08,45
SKU046,2024-01-15,52
SKU046,2024-01-22,50
SKU046,2024-01-29,73
SKU046,2024-02-05,69
SKU046,2024-02-12,73
SKU046,2024-02-19,66
SKU046,2024-02-26,69
SKU046,2024-03-04,90
SKU046,2024-03-11,93
SKU046,2024-03-18,86
SKU046,2024-03-25,80
SKU046,2024-04-01,75
SKU046,2024-04-08,68
SKU046,2024-04-15,72
SKU046,2024-04-22,87
SKU046,2024-04-29,70
SKU046,2024-05-06,73
SKU046,2024-05-13,78
SKU046,2024-05-20,76
SKU046,2024-05-27,80
SKU046,2024-06-03,67
SKU046,2024-06-10,76
SKU046,2024-06-17,64
SKU046,2024-06-24,65
SKU046,2024-07-01,63
SKU046,2024-07-08,58
SKU046,2024-07-15,60
SKU046,2024-07-22,69
SKU046,2024-07-29,62
SKU046,2024-08-05,73
SKU046,2024-08-12,59
SKU046,2024-08-19,60
SKU046,2024-08-26,55
SKU046,2024-09-02,60
SKU046,2024-09-09,56
SKU046,2024-09-16,54
SKU046,2024-09-23,56
SKU046,2024-09-30,54
SKU046,2024-10-07,60
SKU046,2024-10-14,42
SKU046,2024-10-21,40
SKU046,2024-10-28,55
SKU046,2024-11-04,56
SKU046,2024-11-11,69
SKU046,2024-11-18,60
SKU046,2024-11-25,48
SKU046,2024-12-02,51
SKU046,2024-12-09,63
SKU046,2024-12-16,59
SKU046,2024-12-23,66
SKU046,2024-12-30,56
SKU046,2025-01-06,72
SKU046,2025-01-13,66
SKU046,2025-01-20,60
SKU046,2025-01-27,66
SKU046,2025-02-03,76
SKU046,2025-02-10,64
SKU046,2025-02-17,70
SKU046,2025-02-24,88
SKU046,2025-03-03,76
SKU046,2025-03-10,77
SKU046,2025-03-17,71
SKU046,2025-03-24,70
SKU046,2025-03-31,73
SKU046,2025-04-07,59
SKU046,2025-04-14,78
SKU046,2025-04-21,79
SKU046,2025-04-28,81
SKU046,2025-05-05,60
SKU046,2025-05-12,78
SKU046,2025-05-19,67
SKU046,2025-05-26,77
SKU046,2025-06-02,75
SKU046,2025-06-09,66
SKU046,2025-06-16,58
SKU046,2025-06-23,79
SKU046,2025-06-30,55
SKU046,2025-07-07,78
SKU046,2025-07-14,74
SKU046,2025-07-21,78
SKU046,2025-07-28,51
SKU046,2025-08-04,69
SKU046,2025-08-11,64
SKU046,2025-08-18,54
SKU046,2025-08-25,58
SKU046,2025-09-01,53
SKU046,2025-09-08,56
SKU046,2025-09-15,61
SKU046,2025-09-22,73
SKU046,2025-09-29,62
SKU046,2025-10-06,47
SKU046,2025-10-13,40
SKU046,2025-10-20,50
SKU046,2025-10-27,64
SKU046,2025-11-03,49
SKU046,2025-11-10,56
SKU046,2025-11-17,53
SKU046,2025-11-24,52
SKU046,2025-12-01,56
SKU046,2025-12-08,66
SKU046,2025-12-15,57
SKU046,2025-12-22,58
SKU047,2024-01-01,109
SKU047,2024-01-08,89
SKU047,2024-01-15,118
SKU047,2024-01-22,96
SKU047,2024-01-29,104
SKU047,2024-02-05,113
SKU047,2024-02-12,124
SKU047,2024-02-19,99
SKU047,2024-02-26,105
SKU047,2024-03-04,149
SKU047,2024-03-11,132
SKU047,2024-03-18,135
SKU047,2024-03-25,123
SKU047,2024-04-01,123
SKU047,2024-04-08,95
SKU047,2024-04-15,129
SKU047,2024-04-22,130
SKU047,2024-04-29,123
SKU047,2024-05-06,112
SKU047,2024-05-13,102
SKU047,2024-05-20,127
SKU047,2024-05-27,132
SKU047,2024-06-03,113
SKU047,2024-06-10,102
SKU047,2024-06-17,133
SKU047,2024-06-24,128
SKU047,2024-07-01,119
SKU047,2024-07-08,84
SKU047,2024-07-15,102
SKU047,2024-07-22,108
SKU047,2024-07-29,99
SKU047,2024-08-05,93
SKU047,2024-08-12,66
SKU047,2024-08-19,101
SKU047,2024-08-26,110
SKU047,2024-09-02,96
SKU047,2024-09-09,75
SKU047,2024-09-16,94
SKU047,2024-09-23,115
SKU047,2024-09-30,75
SKU047,2024-10-07,93
SKU047,2024-10-14,84
SKU047,2024-10-21,79
SKU047,2024-10-28,93
SKU047,2024-11-04,93
SKU047,2024-11-11,82
SKU047,2024-11-18,85
SKU047,2024-11-25,78
SKU047,2024-12-02,78
SKU047,2024-12-09,85
SKU047,2024-12-16,92
SKU047,2024-12-23,82
SKU047,2024-12-30,114
SKU047,2025-01-06,110
SKU047,2025-01-13,84
SKU047,2025-01-20,90
SKU047,2025-01-27,99
SKU047,2025-02-03,108
SKU047,2025-02-10,104
SKU047,2025-02-17,105
SKU047,2025-02-24,107
SKU047,2025-03-03,146
SKU047,2025-03-10,134
SKU047,2025-03-17,128
SKU047,2025-03-24,125
SKU047,2025-03-31,114
SKU047,2025-04-07,104
SKU047,2025-04-14,110
SKU047,2025-04-21,115
SKU047,2025-04-28,122
SKU047,2025-05-05,112
SKU047,2025-05-12,103
SKU047,2025-05-19,114
SKU047,2025-05-26,122
SKU047,2025-06-02,123
SKU047,2025-06-09,125
SKU047,2025-06-16,133
SKU047,2025-06-23,110
SKU047,2025-06-30,110
SKU047,2025-07-07,106
SKU047,2025-07-14,105
SKU047,2025-07-21,107
SKU047,2025-07-28,120
SKU047,2025-08-04,95
SKU047,2025-08-11,101
SKU047,2025-08-18,86
SKU047,2025-08-25,92
SKU047,2025-09-01,103
SKU047,2025-09-08,78
SKU047,2025-09-15,87
SKU047,2025-09-22,94
SKU047,2025-09-29,77
SKU047,2025-10-06,81
SKU047,2025-10-13,76
SKU047,2025-10-20,75
SKU047,2025-10-27,101
SKU047,2025-11-03,102
SKU047,2025-11-10,101
SKU047,2025-11-17,81
SKU047,2025-11-24,90
SKU047,2025-12-01,108
SKU047,2025-12-08,86
SKU047,2025-12-15,100
SKU047,2025-12-22,88
SKU048,2024-01-01,76
SKU048,2024-01-08,51
SKU048,2024-01-15,52
SKU048,2024-01-22,42
SKU048,2024-01-29,52
SKU048,2024-02-05,61
SKU048,2024-02-12,54
SKU048,2024-02-19,64
SKU048,2024-02-26,73
SKU048,2024-03-04,65
SKU048,2024-03-11,76
SKU048,2024-03-18,70
SKU048,2024-03-25,79
SKU048,2024-04-01,59
SKU048,2024-04-08,65
SKU048,2024-04-15,74
SKU048,2024-04-22,54
SKU048,2024-04-29,60
SKU048,2024-05-06,71
SKU048,2024-05-13,69
SKU048,2024-05-20,66
SKU048,2024-05-27,76
SKU048,2024-06-03,68
SKU048,2024-06-10,67
SKU048,2024-06-17,74
SKU048,2024-06-24,57
SKU048,2024-07-01,64
SKU048,2024-07-08,66
SKU048,2024-07-15,58
SKU048,2024-07-22,58
SKU048,2024-07-29,55
SKU048,2024-08-05,53
SKU048,2024-08-12,59
SKU048,2024-08-19,59
SKU048,2024-08-26,65
SKU048,2024-09-02,41
SKU048,2024-09-09,63
SKU048,2024-09-16,56
SKU048,2024-09-23,48
SKU048,2024-09-30,47
SKU048,2024-10-07,51
SKU048,2024-10-14,51
SKU048,2024-10-21,53
SKU048,2024-10-28,63
SKU048,2024-11-04,45
SKU048,2024-11-11,57
SKU048,2024-11-18,55
SKU048,2024-11-25,56
SKU048,2024-12-02,50
SKU048,2024-12-09,55
SKU048,2024-12-16,41
SKU048,2024-12-23,62
SKU048,2024-12-30,52
SKU048,2025-01-06,57
SKU048,2025-01-13,61
SKU048,2025-01-20,71
SKU048,2025-01-27,63
SKU048,2025-02-03,53
SKU048,2025-02-10,44
SKU048,2025-02-17,59
SKU048,2025-02-24,72
SKU048,2025-03-03,67
SKU048,2025-03-10,71
SKU048,2025-03-17,64
SKU048,2025-03-24,76
SKU048,2025-03-31,61
SKU048,2025-04-07,80
SKU048,2025-04-14,79
SKU048,2025-04-21,56
SKU048,2025-04-28,73
SKU048,2025-05-05,74
SKU048,2025-05-12,71
SKU048,2025-05-19,61
SKU048,2025-05-26,71
SKU048,2025-06-02,67
SKU048,2025-06-09,59
SKU048,2025-06-16,77
SKU048,2025-06-23,73
SKU048,2025-06-30,50
SKU048,2025-07-07,48
SKU048,2025-07-14,52
SKU048,2025-07-21,67
SKU048,2025-07-28,43
SKU048,2025-08-04,50
SKU048,2025-08-11,35
SKU048,2025-08-18,45
SKU048,2025-08-25,60
SKU048,2025-09-01,57
SKU048,2025-09-08,58
SKU048,2025-09-15,54
SKU048,2025-09-22,50
SKU048,2025-09-29,46
SKU048,2025-10-06,51
SKU048,2025-10-13,59
SKU048,2025-10-20,31
SKU048,2025-10-27,61
SKU048,2025-11-03,63
SKU048,2025-11-10,47
SKU048,2025-11-17,63
SKU048,2025-11-24,36
SKU048,2025-12-01,57
SKU048,2025-12-08,55
SKU048,2025-12-15,58
SKU048,2025-12-22,40
SKU049,2024-01-01,177
SKU049,2024-01-08,178
SKU049,2024-01-15,184
SKU049,2024-01-22,181
SKU049,2024-01-29,178
SKU049,2024-02-05,191
SKU049,2024-02-12,194
SKU049,2024-02-19,186
SKU049,2024-02-26,192
SKU049,2024-03-04,207
SKU049,2024-03-11,190
SKU049,2024-03-18,228
SKU049,2024-03-25,221
SKU049,2024-04-01,219
SKU049,2024-04-08,199
SKU049,2024-04-15,193
SKU049,2024-04-22,222
SKU049,2024-04-29,219
SKU049,2024-05-06,200
SKU049,2024-05-13,192
SKU049,2024-05-20,178
SKU049,2024-05-27,196
SKU049,2024-06-03,194
SKU049,2024-06-10,190
SKU049,2024-06-17,187
SKU049,2024-06-24,200
SKU049,2024-07-01,167
SKU049,2024-07-08,165
SKU049,2024-07-15,188
SKU049,2024-07-22,174
SKU049,2024-07-29,176
SKU049,2024-08-05,164
SKU049,2024-08-12,151
SKU049,2024-08-19,138
SKU049,2024-08-26,156
SKU049,2024-09-02,152
SKU049,2024-09-09,164
SKU049,2024-09-16,150
SKU049,2024-09-23,178
SKU049,2024-09-30,147
SKU049,2024-10-07,151
SKU049,2024-10-14,129
SKU049,2024-10-21,148
SKU049,2024-10-28,140
SKU049,2024-11-04,160
SKU049,2024-11-11,141
SKU049,2024-11-18,136
SKU049,2024-11-25,145
SKU049,2024-12-02,149
SKU049,2024-12-09,150
SKU049,2024-12-16,161
SKU049,2024-12-23,135
SKU049,2024-12-30,198
SKU049,2025-01-06,177
SKU049,2025-01-13,183
SKU049,2025-01-20,154
SKU049,2025-01-27,160
SKU049,2025-02-03,199
SKU049,2025-02-10,182
SKU049,2025-02-17,184
SKU049,2025-02-24,207
SKU049,2025-03-03,214
SKU049,2025-03-10,190
SKU049,2025-03-17,218
SKU049,2025-03-24,230
SKU049,2025-03-31,184
SKU049,2025-04-07,213
SKU049,2025-04-14,198
SKU049,2025-04-21,203
SKU049,2025-04-28,202
SKU049,2025-05-05,222
SKU049,2025-05-12,185
SKU049,2025-05-19,187
SKU049,2025-05-26,213
SKU049,2025-06-02,206
SKU049,2025-06-09,206
SKU049,2025-06-16,197
SKU049,2025-06-23,220
SKU049,2025-06-30,156
SKU049,2025-07-07,179
SKU049,2025-07-14,171
SKU049,2025-07-21,168
SKU049,2025-07-28,158
SKU049,2025-08-04,159
SKU049,2025-08-11,163
SKU049,2025-08-18,145
SKU049,2025-08-25,159
SKU049,2025-09-01,152
SKU049,2025-09-08,167
SKU049,2025-09-15,158
SKU049,2025-09-22,168
SKU049,2025-09-29,142
SKU049,2025-10-06,137
SKU049,2025-10-13,152
SKU049,2025-10-20,138
SKU049,2025-10-27,150
SKU049,2025-11-03,152
SKU049,2025-11-10,160
SKU049,2025-11-17,139
SKU049,2025-11-24,159
SKU049,2025-12-01,167
SKU049,2025-12-08,171
SKU049,2025-12-15,147
SKU049,2025-12-22,166
SKU050,2024-01-01,49
SKU050,2024-01-08,40
SKU050,2024-01-15,25
SKU050,2024-01-22,37
SKU050,2024-01-29,42
SKU050,2024-02-05,38
SKU050,2024-02-12,33
SKU050,2024-02-19,35
SKU050,2024-02-26,57
SKU050,2024-03-04,49
SKU050,2024-03-11,55
SKU050,2024-03-18,51
SKU050,2024-03-25,60
SKU050,2024-04-01,41
SKU050,2024-04-08,43
SKU050,2024-04-15,49
SKU050,2024-04-22,55
SKU050,2024-04-29,50
SKU050,2024-05-06,45
SKU050,2024-05-13,58
SKU050,2024-05-20,37
SKU050,2024-05-27,50
SKU050,2024-06-03,52
SKU050,2024-06-10,49
SKU050,2024-06-17,50
SKU050,2024-06-24,47
SKU050,2024-07-01,44
SKU050,2024-07-08,42
SKU050,2024-07-15,50
SKU050,2024-07-22,29
SKU050,2024-07-29,39
SKU050,2024-08-05,33
SKU050,2024-08-12,49
SKU050,2024-08-19,29
SKU050,2024-08-26,37
SKU050,2024-09-02,37
SKU050,2024-09-09,52
SKU050,2024-09-16,27
SKU050,2024-09-23,25
SKU050,2024-09-30,34
SKU050,2024-10-07,33
SKU050,2024-10-14,38
SKU050,2024-10-21,38
SKU050,2024-10-28,36
SKU050,2024-11-04,54
SKU050,2024-11-11,48
SKU050,2024-11-18,39
SKU050,2024-11-25,37
SKU050,2024-12-02,33
SKU050,2024-12-09,37
SKU050,2024-12-16,32
SKU050,2024-12-23,54
SKU050,2024-12-30,47
SKU050,2025-01-06,40
SKU050,2025-01-13,40
SKU050,2025-01-20,45
SKU050,2025-01-27,36
SKU050,2025-02-03,41
SKU050,2025-02-10,51
SKU050,2025-02-17,44
SKU050,2025-02-24,53
SKU050,2025-03-03,67
SKU050,2025-03-10,52
SKU050,2025-03-17,61
SKU050,2025-03-24,49
SKU050,2025-03-31,65
SKU050,2025-04-07,48
SKU050,2025-04-14,46
SKU050,2025-04-21,46
SKU050,2025-04-28,45
SKU050,2025-05-05,53
SKU050,2025-05-12,51
SKU050,2025-05-19,70
SKU050,2025-05-26,61
SKU050,2025-06-02,45
SKU050,2025-06-09,49
SKU050,2025-06-16,63
SKU050,2025-06-23,55
SKU050,2025-06-30,44
SKU050,2025-07-07,49
SKU050,2025-07-14,53
SKU050,2025-07-21,43
SKU050,2025-07-28,36
SKU050,2025-08-04,35
SKU050,2025-08-11,43
SKU050,2025-08-18,35
SKU050,2025-08-25,34
SKU050,2025-09-01,29
SKU050,2025-09-08,33
SKU050,2025-09-15,30
SKU050,2025-09-22,38
SKU050,2025-09-29,35
SKU050,2025-10-06,39
SKU050,2025-10-13,31
SKU050,2025-10-20,31
SKU050,2025-10-27,32
SKU050,2025-11-03,46
SKU050,2025-11-10,40
SKU050,2025-11-17,41
SKU050,2025-11-24,30
SKU050,2025-12-01,40
SKU050,2025-12-08,34
SKU050,2025-12-15,34
SKU050,2025-12-22,49
